2026-08-24T19:36:22.983+02:00  INFO 12048 --- [itineria] [restartedMain] c.q.itineria.ItineriaApplication         : Starting ItineriaApplication using Java 21.0.11 with PID 12048 (D:\Sette Maria Agnese Computer\VisualStudioCode\itineria\target\classes started by sette in D:\Sette Maria Agnese Computer\VisualStudioCode\itineria)
2026-08-24T19:36:22.990+02:00  INFO 12048 --- [itineria] [restartedMain] c.q.itineria.ItineriaApplication         : No active profile set, falling back to 1 default profile: "default"
2026-08-24T19:36:23.076+02:00  INFO 12048 --- [itineria] [restartedMain] .e.DevToolsPropertyDefaultsPostProcessor : Devtools property defaults active! Set 'spring.devtools.add-properties' to 'false' to disable
2026-08-24T19:36:23.076+02:00  INFO 12048 --- [itineria] [restartedMain] .e.DevToolsPropertyDefaultsPostProcessor : For additional web related logging consider setting the 'logging.level.web' property to 'DEBUG'
2026-08-24T19:36:24.500+02:00  INFO 12048 --- [itineria] [restartedMain] .s.d.r.c.RepositoryConfigurationDelegate : Bootstrapping Spring Data JPA repositories in DEFAULT mode.
2026-08-24T19:36:24.642+02:00  INFO 12048 --- [itineria] [restartedMain] .s.d.r.c.RepositoryConfigurationDelegate : Finished Spring Data repository scanning in 126 ms. Found 12 JPA repository interfaces.
2026-08-24T19:36:25.909+02:00  INFO 12048 --- [itineria] [restartedMain] o.s.boot.tomcat.TomcatWebServer          : Tomcat initialized with port 8080 (http)
2026-08-24T19:36:25.943+02:00  INFO 12048 --- [itineria] [restartedMain] o.apache.catalina.core.StandardService   : Starting service [Tomcat]
2026-08-24T19:36:25.943+02:00  INFO 12048 --- [itineria] [restartedMain] o.apache.catalina.core.StandardEngine    : Starting Servlet engine: [Apache Tomcat/11.0.22]
2026-08-24T19:36:26.032+02:00  INFO 12048 --- [itineria] [restartedMain] b.w.c.s.WebApplicationContextInitializer : Root WebApplicationContext: initialization completed in 2956 ms
2026-08-24T19:36:26.431+02:00  INFO 12048 --- [itineria] [restartedMain] com.zaxxer.hikari.HikariDataSource       : HikariPool-1 - Starting...
2026-08-24T19:36:26.656+02:00  INFO 12048 --- [itineria] [restartedMain] com.zaxxer.hikari.pool.HikariPool        : HikariPool-1 - Added connection com.mysql.cj.jdbc.ConnectionImpl@325046a6
2026-08-24T19:36:26.656+02:00  INFO 12048 --- [itineria] [restartedMain] com.zaxxer.hikari.HikariDataSource       : HikariPool-1 - Start completed.
2026-08-24T19:36:26.708+02:00  INFO 12048 --- [itineria] [restartedMain] org.flywaydb.core.FlywayExecutor         : Database: jdbc:mysql://localhost:3306/itineria?useSSL=false&serverTimezone=UTC&allowPublicKeyRetrieval=true (MySQL 8.0)
2026-08-24T19:36:26.816+02:00  INFO 12048 --- [itineria] [restartedMain] o.f.core.internal.command.DbValidate     : Successfully validated 2 migrations (execution time 00:00.045s)
2026-08-24T19:36:26.837+02:00  INFO 12048 --- [itineria] [restartedMain] o.f.core.internal.command.DbMigrate      : Current version of schema `itineria`: 2
2026-08-24T19:36:26.842+02:00  INFO 12048 --- [itineria] [restartedMain] o.f.core.internal.command.DbMigrate      : Schema `itineria` is up to date. No migration necessary.
2026-08-24T19:36:27.038+02:00  INFO 12048 --- [itineria] [restartedMain] org.hibernate.orm.jpa                    : HHH008540: Processing PersistenceUnitInfo [name: default]
2026-08-24T19:36:27.132+02:00  INFO 12048 --- [itineria] [restartedMain] org.hibernate.orm.core                   : HHH000001: Hibernate ORM core version 7.4.1.Final
2026-08-24T19:36:27.659+02:00  INFO 12048 --- [itineria] [restartedMain] o.s.o.j.p.SpringPersistenceUnitInfo      : No LoadTimeWeaver setup: ignoring JPA class transformer
2026-08-24T19:36:27.749+02:00  WARN 12048 --- [itineria] [restartedMain] org.hibernate.orm.deprecation            : HHH90000025: MySQLDialect does not need to be specified explicitly using 'hibernate.dialect' (remove the property setting and it will be selected by default)
2026-08-24T19:36:27.776+02:00  INFO 12048 --- [itineria] [restartedMain] org.hibernate.orm.connections.pooling    : HHH10001005: Database info:
	Database JDBC URL [jdbc:mysql://localhost:3306/itineria?useSSL=false&serverTimezone=UTC&allowPublicKeyRetrieval=true]
	Database driver: MySQL Connector/J
	Database dialect: MySQLDialect
	Database version: 8.0.46
	Default catalog/schema: itineria/undefined
	Autocommit mode: undefined/unknown
	Isolation level: REPEATABLE_READ [default REPEATABLE_READ]
	JDBC fetch size: none
	Pool: DataSourceConnectionProvider
	Minimum pool size: undefined/unknown
	Maximum pool size: undefined/unknown
2026-08-24T19:36:29.535+02:00  INFO 12048 --- [itineria] [restartedMain] org.hibernate.orm.core                   : HHH000489: No JTA platform available (set 'hibernate.transaction.jta.platform' to enable JTA platform integration)
2026-08-24T19:36:29.598+02:00  INFO 12048 --- [itineria] [restartedMain] j.LocalContainerEntityManagerFactoryBean : Initialized JPA EntityManagerFactory for persistence unit 'default'
2026-08-24T19:36:29.702+02:00  INFO 12048 --- [itineria] [restartedMain] o.s.d.j.r.query.QueryEnhancerFactories   : Hibernate is in classpath; If applicable, HQL parser will be used.
2026-08-24T19:36:31.428+02:00  WARN 12048 --- [itineria] [restartedMain] JpaBaseConfiguration$JpaWebConfiguration : spring.jpa.open-in-view is enabled by default. Therefore, database queries may be performed during view rendering. Explicitly configure spring.jpa.open-in-view to disable this warning
2026-08-24T19:36:31.616+02:00  INFO 12048 --- [itineria] [restartedMain] r$InitializeUserDetailsManagerConfigurer : Global AuthenticationManager configured with UserDetailsService bean with name customerUserDetailsService
2026-08-24T19:36:31.816+02:00 DEBUG 12048 --- [itineria] [restartedMain] o.s.s.web.DefaultSecurityFilterChain     : Will secure any request with filters: DisableEncodeUrlFilter, WebAsyncManagerIntegrationFilter, SecurityContextHolderFilter, HeaderWriterFilter, CsrfFilter, LogoutFilter, UsernamePasswordAuthenticationFilter, RequestCacheAwareFilter, SecurityContextHolderAwareRequestFilter, AnonymousAuthenticationFilter, ExceptionTranslationFilter, AuthorizationFilter
2026-08-24T19:36:31.891+02:00  INFO 12048 --- [itineria] [restartedMain] o.s.b.w.a.WelcomePageHandlerMapping      : Adding welcome page template: index
2026-08-24T19:36:32.539+02:00  INFO 12048 --- [itineria] [restartedMain] o.s.boot.tomcat.TomcatWebServer          : Tomcat started on port 8080 (http) with context path '/'
2026-08-24T19:36:32.545+02:00  INFO 12048 --- [itineria] [restartedMain] c.q.itineria.ItineriaApplication         : Started ItineriaApplication in 10.199 seconds (process running for 10.795)
2026-08-24T19:36:39.639+02:00  INFO 12048 --- [itineria] [http-nio-8080-exec-1] o.a.c.c.C.[Tomcat].[localhost].[/]       : Initializing Spring DispatcherServlet 'dispatcherServlet'
2026-08-24T19:36:39.639+02:00  INFO 12048 --- [itineria] [http-nio-8080-exec-1] o.s.web.servlet.DispatcherServlet        : Initializing Servlet 'dispatcherServlet'
2026-08-24T19:36:39.639+02:00  INFO 12048 --- [itineria] [http-nio-8080-exec-1] o.s.web.servlet.DispatcherServlet        : Completed initialization in 0 ms
2026-08-24T19:36:39.659+02:00 DEBUG 12048 --- [itineria] [http-nio-8080-exec-1] o.s.security.web.FilterChainProxy        : Securing GET /
2026-08-24T19:36:39.682+02:00 DEBUG 12048 --- [itineria] [http-nio-8080-exec-1] o.s.security.web.FilterChainProxy        : Secured GET /
2026-08-24T19:36:40.446+02:00 DEBUG 12048 --- [itineria] [http-nio-8080-exec-2] o.s.security.web.FilterChainProxy        : Securing GET /css/style.css
2026-08-24T19:36:40.451+02:00 DEBUG 12048 --- [itineria] [http-nio-8080-exec-2] o.s.security.web.FilterChainProxy        : Secured GET /css/style.css
2026-08-24T19:36:40.500+02:00 DEBUG 12048 --- [itineria] [http-nio-8080-exec-2] o.s.s.w.a.AnonymousAuthenticationFilter  : Set SecurityContextHolder to anonymous SecurityContext
2026-08-24T19:36:40.516+02:00 DEBUG 12048 --- [itineria] [http-nio-8080-exec-3] o.s.security.web.FilterChainProxy        : Securing GET /css/style.css
2026-08-24T19:36:40.524+02:00 DEBUG 12048 --- [itineria] [http-nio-8080-exec-3] o.s.security.web.FilterChainProxy        : Secured GET /css/style.css
2026-08-24T19:36:40.536+02:00 DEBUG 12048 --- [itineria] [http-nio-8080-exec-3] o.s.s.w.a.AnonymousAuthenticationFilter  : Set SecurityContextHolder to anonymous SecurityContext
2026-08-24T19:36:40.564+02:00 DEBUG 12048 --- [itineria] [http-nio-8080-exec-1] o.s.s.w.a.AnonymousAuthenticationFilter  : Set SecurityContextHolder to anonymous SecurityContext
2026-08-24T19:36:40.591+02:00 DEBUG 12048 --- [itineria] [http-nio-8080-exec-4] o.s.security.web.FilterChainProxy        : Securing GET /images/torino-hero.jpg
2026-08-24T19:36:40.591+02:00 DEBUG 12048 --- [itineria] [http-nio-8080-exec-4] o.s.security.web.FilterChainProxy        : Secured GET /images/torino-hero.jpg
2026-08-24T19:36:40.599+02:00 DEBUG 12048 --- [itineria] [http-nio-8080-exec-4] o.s.s.w.a.AnonymousAuthenticationFilter  : Set SecurityContextHolder to anonymous SecurityContext
2026-08-24T19:36:40.616+02:00 DEBUG 12048 --- [itineria] [http-nio-8080-exec-4] o.s.security.web.FilterChainProxy        : Securing GET /error
2026-08-24T19:36:40.616+02:00 DEBUG 12048 --- [itineria] [http-nio-8080-exec-4] o.s.security.web.FilterChainProxy        : Secured GET /error
2026-08-24T19:36:40.725+02:00 DEBUG 12048 --- [itineria] [http-nio-8080-exec-4] o.s.s.w.a.AnonymousAuthenticationFilter  : Set SecurityContextHolder to anonymous SecurityContext
2026-08-24T19:36:43.410+02:00 DEBUG 12048 --- [itineria] [http-nio-8080-exec-5] o.s.security.web.FilterChainProxy        : Securing GET /favicon.ico
2026-08-24T19:36:43.413+02:00 DEBUG 12048 --- [itineria] [http-nio-8080-exec-5] o.s.security.web.FilterChainProxy        : Secured GET /favicon.ico
2026-08-24T19:36:43.421+02:00 DEBUG 12048 --- [itineria] [http-nio-8080-exec-5] o.s.s.w.a.AnonymousAuthenticationFilter  : Set SecurityContextHolder to anonymous SecurityContext
2026-08-24T19:36:43.425+02:00 DEBUG 12048 --- [itineria] [http-nio-8080-exec-5] o.s.security.web.FilterChainProxy        : Securing GET /error
2026-08-24T19:36:43.427+02:00 DEBUG 12048 --- [itineria] [http-nio-8080-exec-5] o.s.security.web.FilterChainProxy        : Secured GET /error
2026-08-24T19:36:43.446+02:00 DEBUG 12048 --- [itineria] [http-nio-8080-exec-5] o.s.s.w.a.AnonymousAuthenticationFilter  : Set SecurityContextHolder to anonymous SecurityContext
2026-08-24T19:37:29.678+02:00  INFO 21568 --- [itineria] [restartedMain] c.q.itineria.ItineriaApplication         : Starting ItineriaApplication using Java 21.0.11 with PID 21568 (D:\Sette Maria Agnese Computer\VisualStudioCode\itineria\target\classes started by sette in D:\Sette Maria Agnese Computer\VisualStudioCode\itineria)
2026-08-24T19:37:29.686+02:00  INFO 21568 --- [itineria] [restartedMain] c.q.itineria.ItineriaApplication         : No active profile set, falling back to 1 default profile: "default"
2026-08-24T19:37:29.778+02:00  INFO 21568 --- [itineria] [restartedMain] .e.DevToolsPropertyDefaultsPostProcessor : Devtools property defaults active! Set 'spring.devtools.add-properties' to 'false' to disable
2026-08-24T19:37:29.778+02:00  INFO 21568 --- [itineria] [restartedMain] .e.DevToolsPropertyDefaultsPostProcessor : For additional web related logging consider setting the 'logging.level.web' property to 'DEBUG'
2026-08-24T19:37:31.094+02:00  INFO 21568 --- [itineria] [restartedMain] .s.d.r.c.RepositoryConfigurationDelegate : Bootstrapping Spring Data JPA repositories in DEFAULT mode.
2026-08-24T19:37:31.453+02:00  INFO 21568 --- [itineria] [restartedMain] .s.d.r.c.RepositoryConfigurationDelegate : Finished Spring Data repository scanning in 337 ms. Found 12 JPA repository interfaces.
2026-08-24T19:37:35.530+02:00  INFO 21568 --- [itineria] [restartedMain] o.s.boot.tomcat.TomcatWebServer          : Tomcat initialized with port 8080 (http)
2026-08-24T19:37:35.613+02:00  INFO 21568 --- [itineria] [restartedMain] o.apache.catalina.core.StandardService   : Starting service [Tomcat]
2026-08-24T19:37:35.613+02:00  INFO 21568 --- [itineria] [restartedMain] o.apache.catalina.core.StandardEngine    : Starting Servlet engine: [Apache Tomcat/11.0.22]
2026-08-24T19:37:35.885+02:00  INFO 21568 --- [itineria] [restartedMain] b.w.c.s.WebApplicationContextInitializer : Root WebApplicationContext: initialization completed in 6105 ms
2026-08-24T19:37:37.514+02:00  INFO 21568 --- [itineria] [restartedMain] com.zaxxer.hikari.HikariDataSource       : HikariPool-1 - Starting...
2026-08-24T19:37:38.707+02:00  INFO 21568 --- [itineria] [restartedMain] com.zaxxer.hikari.pool.HikariPool        : HikariPool-1 - Added connection com.mysql.cj.jdbc.ConnectionImpl@79aa37b8
2026-08-24T19:37:38.714+02:00  INFO 21568 --- [itineria] [restartedMain] com.zaxxer.hikari.HikariDataSource       : HikariPool-1 - Start completed.
2026-08-24T19:37:38.909+02:00  INFO 21568 --- [itineria] [restartedMain] org.flywaydb.core.FlywayExecutor         : Database: jdbc:mysql://localhost:3306/itineria?useSSL=false&serverTimezone=UTC&allowPublicKeyRetrieval=true (MySQL 8.0)
2026-08-24T19:37:39.407+02:00  INFO 21568 --- [itineria] [restartedMain] o.f.core.internal.command.DbValidate     : Successfully validated 2 migrations (execution time 00:00.244s)
2026-08-24T19:37:39.460+02:00  INFO 21568 --- [itineria] [restartedMain] o.f.core.internal.command.DbMigrate      : Current version of schema `itineria`: 2
2026-08-24T19:37:39.474+02:00  INFO 21568 --- [itineria] [restartedMain] o.f.core.internal.command.DbMigrate      : Schema `itineria` is up to date. No migration necessary.
2026-08-24T19:37:40.158+02:00  INFO 21568 --- [itineria] [restartedMain] org.hibernate.orm.jpa                    : HHH008540: Processing PersistenceUnitInfo [name: default]
2026-08-24T19:37:40.511+02:00  INFO 21568 --- [itineria] [restartedMain] org.hibernate.orm.core                   : HHH000001: Hibernate ORM core version 7.4.1.Final
2026-08-24T19:37:42.689+02:00  INFO 21568 --- [itineria] [restartedMain] o.s.o.j.p.SpringPersistenceUnitInfo      : No LoadTimeWeaver setup: ignoring JPA class transformer
2026-08-24T19:37:43.003+02:00  WARN 21568 --- [itineria] [restartedMain] org.hibernate.orm.deprecation            : HHH90000025: MySQLDialect does not need to be specified explicitly using 'hibernate.dialect' (remove the property setting and it will be selected by default)
2026-08-24T19:37:43.074+02:00  INFO 21568 --- [itineria] [restartedMain] org.hibernate.orm.connections.pooling    : HHH10001005: Database info:
	Database JDBC URL [jdbc:mysql://localhost:3306/itineria?useSSL=false&serverTimezone=UTC&allowPublicKeyRetrieval=true]
	Database driver: MySQL Connector/J
	Database dialect: MySQLDialect
	Database version: 8.0.46
	Default catalog/schema: itineria/undefined
	Autocommit mode: undefined/unknown
	Isolation level: REPEATABLE_READ [default REPEATABLE_READ]
	JDBC fetch size: none
	Pool: DataSourceConnectionProvider
	Minimum pool size: undefined/unknown
	Maximum pool size: undefined/unknown
2026-08-24T19:37:50.640+02:00  INFO 21568 --- [itineria] [restartedMain] org.hibernate.orm.core                   : HHH000489: No JTA platform available (set 'hibernate.transaction.jta.platform' to enable JTA platform integration)
2026-08-24T19:37:50.870+02:00  INFO 21568 --- [itineria] [restartedMain] j.LocalContainerEntityManagerFactoryBean : Initialized JPA EntityManagerFactory for persistence unit 'default'
2026-08-24T19:37:51.457+02:00  INFO 21568 --- [itineria] [restartedMain] o.s.d.j.r.query.QueryEnhancerFactories   : Hibernate is in classpath; If applicable, HQL parser will be used.
2026-08-24T19:37:55.593+02:00  WARN 21568 --- [itineria] [restartedMain] JpaBaseConfiguration$JpaWebConfiguration : spring.jpa.open-in-view is enabled by default. Therefore, database queries may be performed during view rendering. Explicitly configure spring.jpa.open-in-view to disable this warning
2026-08-24T19:37:55.734+02:00  INFO 21568 --- [itineria] [restartedMain] r$InitializeUserDetailsManagerConfigurer : Global AuthenticationManager configured with UserDetailsService bean with name customerUserDetailsService
2026-08-24T19:37:55.907+02:00 DEBUG 21568 --- [itineria] [restartedMain] o.s.s.web.DefaultSecurityFilterChain     : Will secure any request with filters: DisableEncodeUrlFilter, WebAsyncManagerIntegrationFilter, SecurityContextHolderFilter, HeaderWriterFilter, CsrfFilter, LogoutFilter, UsernamePasswordAuthenticationFilter, RequestCacheAwareFilter, SecurityContextHolderAwareRequestFilter, AnonymousAuthenticationFilter, ExceptionTranslationFilter, AuthorizationFilter
2026-08-24T19:37:55.964+02:00  INFO 21568 --- [itineria] [restartedMain] o.s.b.w.a.WelcomePageHandlerMapping      : Adding welcome page template: index
2026-08-24T19:37:56.511+02:00  INFO 21568 --- [itineria] [restartedMain] o.s.boot.tomcat.TomcatWebServer          : Tomcat started on port 8080 (http) with context path '/'
2026-08-24T19:37:56.519+02:00  INFO 21568 --- [itineria] [restartedMain] c.q.itineria.ItineriaApplication         : Started ItineriaApplication in 27.509 seconds (process running for 28.246)
2026-08-24T19:45:39.149+02:00  INFO 12884 --- [itineria] [restartedMain] c.q.itineria.ItineriaApplication         : Starting ItineriaApplication using Java 21.0.11 with PID 12884 (D:\Sette Maria Agnese Computer\VisualStudioCode\itineria\target\classes started by sette in D:\Sette Maria Agnese Computer\VisualStudioCode\itineria)
2026-08-24T19:45:39.152+02:00  INFO 12884 --- [itineria] [restartedMain] c.q.itineria.ItineriaApplication         : No active profile set, falling back to 1 default profile: "default"
2026-08-24T19:45:39.222+02:00  INFO 12884 --- [itineria] [restartedMain] .e.DevToolsPropertyDefaultsPostProcessor : Devtools property defaults active! Set 'spring.devtools.add-properties' to 'false' to disable
2026-08-24T19:45:39.223+02:00  INFO 12884 --- [itineria] [restartedMain] .e.DevToolsPropertyDefaultsPostProcessor : For additional web related logging consider setting the 'logging.level.web' property to 'DEBUG'
2026-08-24T19:45:40.069+02:00  INFO 12884 --- [itineria] [restartedMain] .s.d.r.c.RepositoryConfigurationDelegate : Bootstrapping Spring Data JPA repositories in DEFAULT mode.
2026-08-24T19:45:40.192+02:00  INFO 12884 --- [itineria] [restartedMain] .s.d.r.c.RepositoryConfigurationDelegate : Finished Spring Data repository scanning in 105 ms. Found 12 JPA repository interfaces.
2026-08-24T19:45:41.082+02:00  INFO 12884 --- [itineria] [restartedMain] o.s.boot.tomcat.TomcatWebServer          : Tomcat initialized with port 8080 (http)
2026-08-24T19:45:41.117+02:00  INFO 12884 --- [itineria] [restartedMain] o.apache.catalina.core.StandardService   : Starting service [Tomcat]
2026-08-24T19:45:41.118+02:00  INFO 12884 --- [itineria] [restartedMain] o.apache.catalina.core.StandardEngine    : Starting Servlet engine: [Apache Tomcat/11.0.22]
2026-08-24T19:45:41.172+02:00  INFO 12884 --- [itineria] [restartedMain] b.w.c.s.WebApplicationContextInitializer : Root WebApplicationContext: initialization completed in 1948 ms
2026-08-24T19:45:41.542+02:00  INFO 12884 --- [itineria] [restartedMain] com.zaxxer.hikari.HikariDataSource       : HikariPool-1 - Starting...
2026-08-24T19:45:41.702+02:00  INFO 12884 --- [itineria] [restartedMain] com.zaxxer.hikari.pool.HikariPool        : HikariPool-1 - Added connection com.mysql.cj.jdbc.ConnectionImpl@66872be1
2026-08-24T19:45:41.702+02:00  INFO 12884 --- [itineria] [restartedMain] com.zaxxer.hikari.HikariDataSource       : HikariPool-1 - Start completed.
2026-08-24T19:45:41.750+02:00  INFO 12884 --- [itineria] [restartedMain] org.flywaydb.core.FlywayExecutor         : Database: jdbc:mysql://localhost:3306/itineria?useSSL=false&serverTimezone=UTC&allowPublicKeyRetrieval=true (MySQL 8.0)
2026-08-24T19:45:41.842+02:00  INFO 12884 --- [itineria] [restartedMain] o.f.core.internal.command.DbValidate     : Successfully validated 2 migrations (execution time 00:00.035s)
2026-08-24T19:45:41.852+02:00  INFO 12884 --- [itineria] [restartedMain] o.f.core.internal.command.DbMigrate      : Current version of schema `itineria`: 2
2026-08-24T19:45:41.863+02:00  INFO 12884 --- [itineria] [restartedMain] o.f.core.internal.command.DbMigrate      : Schema `itineria` is up to date. No migration necessary.
2026-08-24T19:45:42.007+02:00  INFO 12884 --- [itineria] [restartedMain] org.hibernate.orm.jpa                    : HHH008540: Processing PersistenceUnitInfo [name: default]
2026-08-24T19:45:42.078+02:00  INFO 12884 --- [itineria] [restartedMain] org.hibernate.orm.core                   : HHH000001: Hibernate ORM core version 7.4.1.Final
2026-08-24T19:45:42.402+02:00  INFO 12884 --- [itineria] [restartedMain] o.s.o.j.p.SpringPersistenceUnitInfo      : No LoadTimeWeaver setup: ignoring JPA class transformer
2026-08-24T19:45:42.451+02:00  WARN 12884 --- [itineria] [restartedMain] org.hibernate.orm.deprecation            : HHH90000025: MySQLDialect does not need to be specified explicitly using 'hibernate.dialect' (remove the property setting and it will be selected by default)
2026-08-24T19:45:42.464+02:00  INFO 12884 --- [itineria] [restartedMain] org.hibernate.orm.connections.pooling    : HHH10001005: Database info:
	Database JDBC URL [jdbc:mysql://localhost:3306/itineria?useSSL=false&serverTimezone=UTC&allowPublicKeyRetrieval=true]
	Database driver: MySQL Connector/J
	Database dialect: MySQLDialect
	Database version: 8.0.46
	Default catalog/schema: itineria/undefined
	Autocommit mode: undefined/unknown
	Isolation level: REPEATABLE_READ [default REPEATABLE_READ]
	JDBC fetch size: none
	Pool: DataSourceConnectionProvider
	Minimum pool size: undefined/unknown
	Maximum pool size: undefined/unknown
2026-08-24T19:45:43.632+02:00  INFO 12884 --- [itineria] [restartedMain] org.hibernate.orm.core                   : HHH000489: No JTA platform available (set 'hibernate.transaction.jta.platform' to enable JTA platform integration)
2026-08-24T19:45:43.672+02:00  INFO 12884 --- [itineria] [restartedMain] j.LocalContainerEntityManagerFactoryBean : Initialized JPA EntityManagerFactory for persistence unit 'default'
2026-08-24T19:45:43.752+02:00  INFO 12884 --- [itineria] [restartedMain] o.s.d.j.r.query.QueryEnhancerFactories   : Hibernate is in classpath; If applicable, HQL parser will be used.
2026-08-24T19:45:44.786+02:00  WARN 12884 --- [itineria] [restartedMain] JpaBaseConfiguration$JpaWebConfiguration : spring.jpa.open-in-view is enabled by default. Therefore, database queries may be performed during view rendering. Explicitly configure spring.jpa.open-in-view to disable this warning
2026-08-24T19:45:44.911+02:00  INFO 12884 --- [itineria] [restartedMain] r$InitializeUserDetailsManagerConfigurer : Global AuthenticationManager configured with UserDetailsService bean with name customerUserDetailsService
2026-08-24T19:45:45.082+02:00 DEBUG 12884 --- [itineria] [restartedMain] o.s.s.web.DefaultSecurityFilterChain     : Will secure any request with filters: DisableEncodeUrlFilter, WebAsyncManagerIntegrationFilter, SecurityContextHolderFilter, HeaderWriterFilter, CsrfFilter, LogoutFilter, UsernamePasswordAuthenticationFilter, RequestCacheAwareFilter, SecurityContextHolderAwareRequestFilter, AnonymousAuthenticationFilter, ExceptionTranslationFilter, AuthorizationFilter
2026-08-24T19:45:45.132+02:00  INFO 12884 --- [itineria] [restartedMain] o.s.b.w.a.WelcomePageHandlerMapping      : Adding welcome page template: index
2026-08-24T19:45:45.504+02:00  INFO 12884 --- [itineria] [restartedMain] o.s.boot.tomcat.TomcatWebServer          : Tomcat started on port 8080 (http) with context path '/'
2026-08-24T19:45:45.512+02:00  INFO 12884 --- [itineria] [restartedMain] c.q.itineria.ItineriaApplication         : Started ItineriaApplication in 6.806 seconds (process running for 7.222)
2026-08-24T19:45:53.462+02:00  INFO 12884 --- [itineria] [http-nio-8080-exec-1] o.a.c.c.C.[Tomcat].[localhost].[/]       : Initializing Spring DispatcherServlet 'dispatcherServlet'
2026-08-24T19:45:53.462+02:00  INFO 12884 --- [itineria] [http-nio-8080-exec-1] o.s.web.servlet.DispatcherServlet        : Initializing Servlet 'dispatcherServlet'
2026-08-24T19:45:53.465+02:00  INFO 12884 --- [itineria] [http-nio-8080-exec-1] o.s.web.servlet.DispatcherServlet        : Completed initialization in 2 ms
2026-08-24T19:45:53.480+02:00 DEBUG 12884 --- [itineria] [http-nio-8080-exec-1] o.s.security.web.FilterChainProxy        : Securing GET /
2026-08-24T19:45:53.515+02:00 DEBUG 12884 --- [itineria] [http-nio-8080-exec-1] o.s.security.web.FilterChainProxy        : Secured GET /
2026-08-24T19:45:54.026+02:00 DEBUG 12884 --- [itineria] [http-nio-8080-exec-2] o.s.security.web.FilterChainProxy        : Securing GET /css/style.css
2026-08-24T19:45:54.027+02:00 DEBUG 12884 --- [itineria] [http-nio-8080-exec-2] o.s.security.web.FilterChainProxy        : Secured GET /css/style.css
2026-08-24T19:45:54.071+02:00 DEBUG 12884 --- [itineria] [http-nio-8080-exec-2] o.s.s.w.a.AnonymousAuthenticationFilter  : Set SecurityContextHolder to anonymous SecurityContext
2026-08-24T19:45:54.080+02:00 DEBUG 12884 --- [itineria] [http-nio-8080-exec-1] o.s.s.w.a.AnonymousAuthenticationFilter  : Set SecurityContextHolder to anonymous SecurityContext
2026-08-24T19:45:54.088+02:00 DEBUG 12884 --- [itineria] [http-nio-8080-exec-4] o.s.security.web.FilterChainProxy        : Securing GET /images/torino-hero.jpg
2026-08-24T19:45:54.092+02:00 DEBUG 12884 --- [itineria] [http-nio-8080-exec-4] o.s.security.web.FilterChainProxy        : Secured GET /images/torino-hero.jpg
2026-08-24T19:45:54.098+02:00 DEBUG 12884 --- [itineria] [http-nio-8080-exec-4] o.s.s.w.a.AnonymousAuthenticationFilter  : Set SecurityContextHolder to anonymous SecurityContext
2026-08-24T19:45:54.106+02:00 DEBUG 12884 --- [itineria] [http-nio-8080-exec-4] o.s.security.web.FilterChainProxy        : Securing GET /error
2026-08-24T19:45:54.106+02:00 DEBUG 12884 --- [itineria] [http-nio-8080-exec-4] o.s.security.web.FilterChainProxy        : Secured GET /error
2026-08-24T19:45:54.138+02:00 DEBUG 12884 --- [itineria] [http-nio-8080-exec-4] o.s.s.w.a.AnonymousAuthenticationFilter  : Set SecurityContextHolder to anonymous SecurityContext
2026-08-24T19:45:56.600+02:00 DEBUG 12884 --- [itineria] [http-nio-8080-exec-3] o.s.security.web.FilterChainProxy        : Securing GET /favicon.ico
2026-08-24T19:45:56.602+02:00 DEBUG 12884 --- [itineria] [http-nio-8080-exec-3] o.s.security.web.FilterChainProxy        : Secured GET /favicon.ico
2026-08-24T19:45:56.607+02:00 DEBUG 12884 --- [itineria] [http-nio-8080-exec-3] o.s.s.w.a.AnonymousAuthenticationFilter  : Set SecurityContextHolder to anonymous SecurityContext
2026-08-24T19:45:56.608+02:00 DEBUG 12884 --- [itineria] [http-nio-8080-exec-3] o.s.security.web.FilterChainProxy        : Securing GET /error
2026-08-24T19:45:56.609+02:00 DEBUG 12884 --- [itineria] [http-nio-8080-exec-3] o.s.security.web.FilterChainProxy        : Secured GET /error
2026-08-24T19:45:56.620+02:00 DEBUG 12884 --- [itineria] [http-nio-8080-exec-3] o.s.s.w.a.AnonymousAuthenticationFilter  : Set SecurityContextHolder to anonymous SecurityContext
2026-08-24T19:46:00.639+02:00 DEBUG 12884 --- [itineria] [http-nio-8080-exec-5] o.s.security.web.FilterChainProxy        : Securing GET /biblioteche
2026-08-24T19:46:00.640+02:00 DEBUG 12884 --- [itineria] [http-nio-8080-exec-5] o.s.security.web.FilterChainProxy        : Secured GET /biblioteche
2026-08-24T19:46:00.852+02:00 DEBUG 12884 --- [itineria] [http-nio-8080-exec-5] org.hibernate.SQL                        : 
    select
        b1_0.id,
        b1_1.accessibilita,
        b1_1.id_citta,
        b1_1.created_at,
        b1_1.descrizione,
        b1_1.email,
        b1_1.indirizzo,
        b1_1.link_sito,
        b1_1.id_manager,
        b1_1.nome,
        b1_1.numero_telefono,
        b1_1.sempre_aperto,
        b1_1.tipo,
        b1_1.updated_at,
        b1_1.version,
        b1_0.area_bambini,
        b1_0.area_computer,
        b1_0.pubblico,
        b1_0.wifi 
    from
        biblioteche b1_0 
    join
        luoghi_interesse b1_1 
            on b1_0.id=b1_1.id 
    limit
        ?, ?
2026-08-24T19:46:00.852+02:00 TRACE 12884 --- [itineria] [http-nio-8080-exec-5] org.hibernate.orm.jdbc.bind              : binding parameter (1:INTEGER) <- [0]
2026-08-24T19:46:00.862+02:00 TRACE 12884 --- [itineria] [http-nio-8080-exec-5] org.hibernate.orm.jdbc.bind              : binding parameter (2:INTEGER) <- [20]
2026-08-24T19:46:00.937+02:00 DEBUG 12884 --- [itineria] [http-nio-8080-exec-5] org.hibernate.SQL                        : 
    select
        c1_0.id,
        c1_0.created_at,
        c1_0.descrizione,
        c1_0.nome,
        c1_0.regione,
        c1_0.updated_at,
        c1_0.version 
    from
        citta c1_0 
    where
        c1_0.id=?
2026-08-24T19:46:00.939+02:00 TRACE 12884 --- [itineria] [http-nio-8080-exec-5] org.hibernate.orm.jdbc.bind              : binding parameter (1:BIGINT) <- [1]
2026-08-24T19:46:01.032+02:00 DEBUG 12884 --- [itineria] [http-nio-8080-exec-5] org.hibernate.SQL                        : 
    select
        b1_0.id,
        b1_1.accessibilita,
        b1_1.id_citta,
        b1_1.created_at,
        b1_1.descrizione,
        b1_1.email,
        b1_1.indirizzo,
        b1_1.link_sito,
        b1_1.id_manager,
        b1_1.nome,
        b1_1.numero_telefono,
        b1_1.sempre_aperto,
        b1_1.tipo,
        b1_1.updated_at,
        b1_1.version,
        b1_0.area_bambini,
        b1_0.area_computer,
        b1_0.pubblico,
        b1_0.wifi 
    from
        biblioteche b1_0 
    join
        luoghi_interesse b1_1 
            on b1_0.id=b1_1.id 
    where
        b1_0.pubblico=? 
    limit
        ?, ?
2026-08-24T19:46:01.033+02:00 TRACE 12884 --- [itineria] [http-nio-8080-exec-5] org.hibernate.orm.jdbc.bind              : binding parameter (1:BOOLEAN) <- [true]
2026-08-24T19:46:01.034+02:00 TRACE 12884 --- [itineria] [http-nio-8080-exec-5] org.hibernate.orm.jdbc.bind              : binding parameter (2:INTEGER) <- [0]
2026-08-24T19:46:01.035+02:00 TRACE 12884 --- [itineria] [http-nio-8080-exec-5] org.hibernate.orm.jdbc.bind              : binding parameter (3:INTEGER) <- [6]
2026-08-24T19:46:01.048+02:00 DEBUG 12884 --- [itineria] [http-nio-8080-exec-5] org.hibernate.SQL                        : 
    select
        b1_0.id,
        b1_1.accessibilita,
        b1_1.id_citta,
        b1_1.created_at,
        b1_1.descrizione,
        b1_1.email,
        b1_1.indirizzo,
        b1_1.link_sito,
        b1_1.id_manager,
        b1_1.nome,
        b1_1.numero_telefono,
        b1_1.sempre_aperto,
        b1_1.tipo,
        b1_1.updated_at,
        b1_1.version,
        b1_0.area_bambini,
        b1_0.area_computer,
        b1_0.pubblico,
        b1_0.wifi 
    from
        biblioteche b1_0 
    join
        luoghi_interesse b1_1 
            on b1_0.id=b1_1.id 
    where
        b1_0.wifi=? 
    limit
        ?, ?
2026-08-24T19:46:01.052+02:00 TRACE 12884 --- [itineria] [http-nio-8080-exec-5] org.hibernate.orm.jdbc.bind              : binding parameter (1:BOOLEAN) <- [true]
2026-08-24T19:46:01.052+02:00 TRACE 12884 --- [itineria] [http-nio-8080-exec-5] org.hibernate.orm.jdbc.bind              : binding parameter (2:INTEGER) <- [0]
2026-08-24T19:46:01.058+02:00 TRACE 12884 --- [itineria] [http-nio-8080-exec-5] org.hibernate.orm.jdbc.bind              : binding parameter (3:INTEGER) <- [6]
2026-08-24T19:46:01.066+02:00 DEBUG 12884 --- [itineria] [http-nio-8080-exec-5] org.hibernate.SQL                        : 
    select
        b1_0.id,
        b1_1.accessibilita,
        b1_1.id_citta,
        b1_1.created_at,
        b1_1.descrizione,
        b1_1.email,
        b1_1.indirizzo,
        b1_1.link_sito,
        b1_1.id_manager,
        b1_1.nome,
        b1_1.numero_telefono,
        b1_1.sempre_aperto,
        b1_1.tipo,
        b1_1.updated_at,
        b1_1.version,
        b1_0.area_bambini,
        b1_0.area_computer,
        b1_0.pubblico,
        b1_0.wifi 
    from
        biblioteche b1_0 
    join
        luoghi_interesse b1_1 
            on b1_0.id=b1_1.id 
    where
        b1_0.area_computer=? 
    limit
        ?, ?
2026-08-24T19:46:01.066+02:00 TRACE 12884 --- [itineria] [http-nio-8080-exec-5] org.hibernate.orm.jdbc.bind              : binding parameter (1:BOOLEAN) <- [true]
2026-08-24T19:46:01.072+02:00 TRACE 12884 --- [itineria] [http-nio-8080-exec-5] org.hibernate.orm.jdbc.bind              : binding parameter (2:INTEGER) <- [0]
2026-08-24T19:46:01.072+02:00 TRACE 12884 --- [itineria] [http-nio-8080-exec-5] org.hibernate.orm.jdbc.bind              : binding parameter (3:INTEGER) <- [6]
2026-08-24T19:46:01.087+02:00 DEBUG 12884 --- [itineria] [http-nio-8080-exec-5] org.hibernate.SQL                        : 
    select
        b1_0.id,
        b1_1.accessibilita,
        b1_1.id_citta,
        b1_1.created_at,
        b1_1.descrizione,
        b1_1.email,
        b1_1.indirizzo,
        b1_1.link_sito,
        b1_1.id_manager,
        b1_1.nome,
        b1_1.numero_telefono,
        b1_1.sempre_aperto,
        b1_1.tipo,
        b1_1.updated_at,
        b1_1.version,
        b1_0.area_bambini,
        b1_0.area_computer,
        b1_0.pubblico,
        b1_0.wifi 
    from
        biblioteche b1_0 
    join
        luoghi_interesse b1_1 
            on b1_0.id=b1_1.id 
    where
        b1_0.area_bambini=? 
    limit
        ?, ?
2026-08-24T19:46:01.089+02:00 TRACE 12884 --- [itineria] [http-nio-8080-exec-5] org.hibernate.orm.jdbc.bind              : binding parameter (1:BOOLEAN) <- [true]
2026-08-24T19:46:01.090+02:00 TRACE 12884 --- [itineria] [http-nio-8080-exec-5] org.hibernate.orm.jdbc.bind              : binding parameter (2:INTEGER) <- [0]
2026-08-24T19:46:01.092+02:00 TRACE 12884 --- [itineria] [http-nio-8080-exec-5] org.hibernate.orm.jdbc.bind              : binding parameter (3:INTEGER) <- [6]
2026-08-24T19:46:01.110+02:00 DEBUG 12884 --- [itineria] [http-nio-8080-exec-5] org.hibernate.SQL                        : 
    select
        b1_0.id,
        b1_1.accessibilita,
        b1_1.id_citta,
        b1_1.created_at,
        b1_1.descrizione,
        b1_1.email,
        b1_1.indirizzo,
        b1_1.link_sito,
        b1_1.id_manager,
        b1_1.nome,
        b1_1.numero_telefono,
        b1_1.sempre_aperto,
        b1_1.tipo,
        b1_1.updated_at,
        b1_1.version,
        b1_0.area_bambini,
        b1_0.area_computer,
        b1_0.pubblico,
        b1_0.wifi 
    from
        biblioteche b1_0 
    join
        luoghi_interesse b1_1 
            on b1_0.id=b1_1.id 
    where
        b1_1.sempre_aperto=? 
    limit
        ?, ?
2026-08-24T19:46:01.112+02:00 TRACE 12884 --- [itineria] [http-nio-8080-exec-5] org.hibernate.orm.jdbc.bind              : binding parameter (1:BOOLEAN) <- [true]
2026-08-24T19:46:01.112+02:00 TRACE 12884 --- [itineria] [http-nio-8080-exec-5] org.hibernate.orm.jdbc.bind              : binding parameter (2:INTEGER) <- [0]
2026-08-24T19:46:01.113+02:00 TRACE 12884 --- [itineria] [http-nio-8080-exec-5] org.hibernate.orm.jdbc.bind              : binding parameter (3:INTEGER) <- [6]
2026-08-24T19:46:01.122+02:00 DEBUG 12884 --- [itineria] [http-nio-8080-exec-5] org.hibernate.SQL                        : 
    select
        b1_0.id,
        b1_1.accessibilita,
        b1_1.id_citta,
        b1_1.created_at,
        b1_1.descrizione,
        b1_1.email,
        b1_1.indirizzo,
        b1_1.link_sito,
        b1_1.id_manager,
        b1_1.nome,
        b1_1.numero_telefono,
        b1_1.sempre_aperto,
        b1_1.tipo,
        b1_1.updated_at,
        b1_1.version,
        b1_0.area_bambini,
        b1_0.area_computer,
        b1_0.pubblico,
        b1_0.wifi 
    from
        biblioteche b1_0 
    join
        luoghi_interesse b1_1 
            on b1_0.id=b1_1.id 
    where
        b1_1.accessibilita=? 
    limit
        ?, ?
2026-08-24T19:46:01.133+02:00 TRACE 12884 --- [itineria] [http-nio-8080-exec-5] org.hibernate.orm.jdbc.bind              : binding parameter (1:ENUM) <- [COMPLETA]
2026-08-24T19:46:01.134+02:00 TRACE 12884 --- [itineria] [http-nio-8080-exec-5] org.hibernate.orm.jdbc.bind              : binding parameter (2:INTEGER) <- [0]
2026-08-24T19:46:01.135+02:00 TRACE 12884 --- [itineria] [http-nio-8080-exec-5] org.hibernate.orm.jdbc.bind              : binding parameter (3:INTEGER) <- [6]
2026-08-24T19:46:01.266+02:00 ERROR 12884 --- [itineria] [http-nio-8080-exec-5] org.thymeleaf.TemplateEngine             : [THYMELEAF][http-nio-8080-exec-5] Exception processing template "luoghi_interesse/biblioteche": An error happened during template parsing (template: "class path resource [templates/luoghi_interesse/biblioteche.html]")

org.thymeleaf.exceptions.TemplateInputException: An error happened during template parsing (template: "class path resource [templates/luoghi_interesse/biblioteche.html]")
	at org.thymeleaf.templateparser.markup.AbstractMarkupTemplateParser.parse(AbstractMarkupTemplateParser.java:241) ~[thymeleaf-3.1.5.RELEASE.jar:3.1.5.RELEASE]
	at org.thymeleaf.templateparser.markup.AbstractMarkupTemplateParser.parseStandalone(AbstractMarkupTemplateParser.java:100) ~[thymeleaf-3.1.5.RELEASE.jar:3.1.5.RELEASE]
	at org.thymeleaf.engine.TemplateManager.parseAndProcess(TemplateManager.java:666) ~[thymeleaf-3.1.5.RELEASE.jar:3.1.5.RELEASE]
	at org.thymeleaf.TemplateEngine.process(TemplateEngine.java:1103) ~[thymeleaf-3.1.5.RELEASE.jar:3.1.5.RELEASE]
	at org.thymeleaf.TemplateEngine.process(TemplateEngine.java:1077) ~[thymeleaf-3.1.5.RELEASE.jar:3.1.5.RELEASE]
	at org.thymeleaf.spring6.view.ThymeleafView.renderFragment(ThymeleafView.java:374) ~[thymeleaf-spring6-3.1.5.RELEASE.jar:3.1.5.RELEASE]
	at org.thymeleaf.spring6.view.ThymeleafView.render(ThymeleafView.java:193) ~[thymeleaf-spring6-3.1.5.RELEASE.jar:3.1.5.RELEASE]
	at org.springframework.web.servlet.DispatcherServlet.render(DispatcherServlet.java:1305) ~[spring-webmvc-7.0.8.jar:7.0.8]
	at org.springframework.web.servlet.DispatcherServlet.processDispatchResult(DispatcherServlet.java:1042) ~[spring-webmvc-7.0.8.jar:7.0.8]
	at org.springframework.web.servlet.DispatcherServlet.doDispatch(DispatcherServlet.java:980) ~[spring-webmvc-7.0.8.jar:7.0.8]
	at org.springframework.web.servlet.DispatcherServlet.doService(DispatcherServlet.java:866) ~[spring-webmvc-7.0.8.jar:7.0.8]
	at org.springframework.web.servlet.FrameworkServlet.processRequest(FrameworkServlet.java:1000) ~[spring-webmvc-7.0.8.jar:7.0.8]
	at org.springframework.web.servlet.FrameworkServlet.doGet(FrameworkServlet.java:892) ~[spring-webmvc-7.0.8.jar:7.0.8]
	at jakarta.servlet.http.HttpServlet.service(HttpServlet.java:622) ~[tomcat-embed-core-11.0.22.jar:6.1]
	at org.springframework.web.servlet.FrameworkServlet.service(FrameworkServlet.java:874) ~[spring-webmvc-7.0.8.jar:7.0.8]
	at jakarta.servlet.http.HttpServlet.service(HttpServlet.java:710) ~[tomcat-embed-core-11.0.22.jar:6.1]
	at org.apache.catalina.core.ApplicationFilterChain.doFilter(ApplicationFilterChain.java:128) ~[tomcat-embed-core-11.0.22.jar:11.0.22]
	at org.apache.tomcat.websocket.server.WsFilter.doFilter(WsFilter.java:53) ~[tomcat-embed-websocket-11.0.22.jar:11.0.22]
	at org.apache.catalina.core.ApplicationFilterChain.doFilter(ApplicationFilterChain.java:107) ~[tomcat-embed-core-11.0.22.jar:11.0.22]
	at org.springframework.web.filter.CompositeFilter$VirtualFilterChain.doFilter(CompositeFilter.java:108) ~[spring-web-7.0.8.jar:7.0.8]
	at org.springframework.security.web.FilterChainProxy.lambda$doFilterInternal$2(FilterChainProxy.java:235) ~[spring-security-web-7.1.0.jar:7.1.0]
	at org.springframework.security.web.FilterChainProxy$VirtualFilterChain.doFilter(FilterChainProxy.java:376) ~[spring-security-web-7.1.0.jar:7.1.0]
	at org.springframework.security.web.access.intercept.AuthorizationFilter.doFilter(AuthorizationFilter.java:101) ~[spring-security-web-7.1.0.jar:7.1.0]
	at org.springframework.security.web.FilterChainProxy$VirtualFilterChain.doFilter(FilterChainProxy.java:385) ~[spring-security-web-7.1.0.jar:7.1.0]
	at org.springframework.security.web.access.ExceptionTranslationFilter.doFilter(ExceptionTranslationFilter.java:126) ~[spring-security-web-7.1.0.jar:7.1.0]
	at org.springframework.security.web.access.ExceptionTranslationFilter.doFilter(ExceptionTranslationFilter.java:120) ~[spring-security-web-7.1.0.jar:7.1.0]
	at org.springframework.security.web.FilterChainProxy$VirtualFilterChain.doFilter(FilterChainProxy.java:385) ~[spring-security-web-7.1.0.jar:7.1.0]
	at org.springframework.security.web.authentication.AnonymousAuthenticationFilter.doFilter(AnonymousAuthenticationFilter.java:100) ~[spring-security-web-7.1.0.jar:7.1.0]
	at org.springframework.security.web.FilterChainProxy$VirtualFilterChain.doFilter(FilterChainProxy.java:385) ~[spring-security-web-7.1.0.jar:7.1.0]
	at org.springframework.security.web.servletapi.SecurityContextHolderAwareRequestFilter.doFilter(SecurityContextHolderAwareRequestFilter.java:181) ~[spring-security-web-7.1.0.jar:7.1.0]
	at org.springframework.security.web.FilterChainProxy$VirtualFilterChain.doFilter(FilterChainProxy.java:385) ~[spring-security-web-7.1.0.jar:7.1.0]
	at org.springframework.security.web.savedrequest.RequestCacheAwareFilter.doFilter(RequestCacheAwareFilter.java:63) ~[spring-security-web-7.1.0.jar:7.1.0]
	at org.springframework.security.web.FilterChainProxy$VirtualFilterChain.doFilter(FilterChainProxy.java:385) ~[spring-security-web-7.1.0.jar:7.1.0]
	at org.springframework.security.web.authentication.AbstractAuthenticationProcessingFilter.doFilter(AbstractAuthenticationProcessingFilter.java:245) ~[spring-security-web-7.1.0.jar:7.1.0]
	at org.springframework.security.web.authentication.AbstractAuthenticationProcessingFilter.doFilter(AbstractAuthenticationProcessingFilter.java:239) ~[spring-security-web-7.1.0.jar:7.1.0]
	at org.springframework.security.web.FilterChainProxy$VirtualFilterChain.doFilter(FilterChainProxy.java:385) ~[spring-security-web-7.1.0.jar:7.1.0]
	at org.springframework.security.web.authentication.logout.LogoutFilter.doFilter(LogoutFilter.java:110) ~[spring-security-web-7.1.0.jar:7.1.0]
	at org.springframework.security.web.authentication.logout.LogoutFilter.doFilter(LogoutFilter.java:96) ~[spring-security-web-7.1.0.jar:7.1.0]
	at org.springframework.security.web.FilterChainProxy$VirtualFilterChain.doFilter(FilterChainProxy.java:385) ~[spring-security-web-7.1.0.jar:7.1.0]
	at org.springframework.security.web.csrf.CsrfFilter.doFilterInternal(CsrfFilter.java:118) ~[spring-security-web-7.1.0.jar:7.1.0]
	at org.springframework.web.filter.OncePerRequestFilter.doFilter(OncePerRequestFilter.java:116) ~[spring-web-7.0.8.jar:7.0.8]
	at org.springframework.security.web.FilterChainProxy$VirtualFilterChain.doFilter(FilterChainProxy.java:385) ~[spring-security-web-7.1.0.jar:7.1.0]
	at org.springframework.security.web.header.HeaderWriterFilter.doHeadersAfter(HeaderWriterFilter.java:90) ~[spring-security-web-7.1.0.jar:7.1.0]
	at org.springframework.security.web.header.HeaderWriterFilter.doFilterInternal(HeaderWriterFilter.java:75) ~[spring-security-web-7.1.0.jar:7.1.0]
	at org.springframework.web.filter.OncePerRequestFilter.doFilter(OncePerRequestFilter.java:116) ~[spring-web-7.0.8.jar:7.0.8]
	at org.springframework.security.web.FilterChainProxy$VirtualFilterChain.doFilter(FilterChainProxy.java:385) ~[spring-security-web-7.1.0.jar:7.1.0]
	at org.springframework.security.web.context.SecurityContextHolderFilter.doFilter(SecurityContextHolderFilter.java:82) ~[spring-security-web-7.1.0.jar:7.1.0]
	at org.springframework.security.web.context.SecurityContextHolderFilter.doFilter(SecurityContextHolderFilter.java:69) ~[spring-security-web-7.1.0.jar:7.1.0]
	at org.springframework.security.web.FilterChainProxy$VirtualFilterChain.doFilter(FilterChainProxy.java:385) ~[spring-security-web-7.1.0.jar:7.1.0]
	at org.springframework.security.web.context.request.async.WebAsyncManagerIntegrationFilter.doFilterInternal(WebAsyncManagerIntegrationFilter.java:62) ~[spring-security-web-7.1.0.jar:7.1.0]
	at org.springframework.web.filter.OncePerRequestFilter.doFilter(OncePerRequestFilter.java:116) ~[spring-web-7.0.8.jar:7.0.8]
	at org.springframework.security.web.FilterChainProxy$VirtualFilterChain.doFilter(FilterChainProxy.java:385) ~[spring-security-web-7.1.0.jar:7.1.0]
	at org.springframework.security.web.session.DisableEncodeUrlFilter.doFilterInternal(DisableEncodeUrlFilter.java:42) ~[spring-security-web-7.1.0.jar:7.1.0]
	at org.springframework.web.filter.OncePerRequestFilter.doFilter(OncePerRequestFilter.java:116) ~[spring-web-7.0.8.jar:7.0.8]
	at org.springframework.security.web.FilterChainProxy$VirtualFilterChain.doFilter(FilterChainProxy.java:385) ~[spring-security-web-7.1.0.jar:7.1.0]
	at org.springframework.security.web.FilterChainProxy.doFilterInternal(FilterChainProxy.java:237) ~[spring-security-web-7.1.0.jar:7.1.0]
	at org.springframework.security.web.FilterChainProxy.doFilter(FilterChainProxy.java:195) ~[spring-security-web-7.1.0.jar:7.1.0]
	at org.springframework.web.filter.CompositeFilter$VirtualFilterChain.doFilter(CompositeFilter.java:113) ~[spring-web-7.0.8.jar:7.0.8]
	at org.springframework.web.filter.ServletRequestPathFilter.doFilter(ServletRequestPathFilter.java:52) ~[spring-web-7.0.8.jar:7.0.8]
	at org.springframework.web.filter.CompositeFilter$VirtualFilterChain.doFilter(CompositeFilter.java:113) ~[spring-web-7.0.8.jar:7.0.8]
	at org.springframework.web.filter.CompositeFilter.doFilter(CompositeFilter.java:74) ~[spring-web-7.0.8.jar:7.0.8]
	at org.springframework.security.config.annotation.web.configuration.WebSecurityConfiguration$CompositeFilterChainProxy.doFilter(WebSecurityConfiguration.java:317) ~[spring-security-config-7.1.0.jar:7.1.0]
	at org.springframework.web.filter.DelegatingFilterProxy.invokeDelegate(DelegatingFilterProxy.java:355) ~[spring-web-7.0.8.jar:7.0.8]
	at org.springframework.web.filter.DelegatingFilterProxy.doFilter(DelegatingFilterProxy.java:272) ~[spring-web-7.0.8.jar:7.0.8]
	at org.apache.catalina.core.ApplicationFilterChain.doFilter(ApplicationFilterChain.java:107) ~[tomcat-embed-core-11.0.22.jar:11.0.22]
	at org.springframework.web.filter.RequestContextFilter.doFilterInternal(RequestContextFilter.java:100) ~[spring-web-7.0.8.jar:7.0.8]
	at org.springframework.web.filter.OncePerRequestFilter.doFilter(OncePerRequestFilter.java:116) ~[spring-web-7.0.8.jar:7.0.8]
	at org.apache.catalina.core.ApplicationFilterChain.doFilter(ApplicationFilterChain.java:107) ~[tomcat-embed-core-11.0.22.jar:11.0.22]
	at org.springframework.web.filter.FormContentFilter.doFilterInternal(FormContentFilter.java:93) ~[spring-web-7.0.8.jar:7.0.8]
	at org.springframework.web.filter.OncePerRequestFilter.doFilter(OncePerRequestFilter.java:116) ~[spring-web-7.0.8.jar:7.0.8]
	at org.apache.catalina.core.ApplicationFilterChain.doFilter(ApplicationFilterChain.java:107) ~[tomcat-embed-core-11.0.22.jar:11.0.22]
	at org.springframework.web.filter.CharacterEncodingFilter.doFilterInternal(CharacterEncodingFilter.java:199) ~[spring-web-7.0.8.jar:7.0.8]
	at org.springframework.web.filter.OncePerRequestFilter.doFilter(OncePerRequestFilter.java:116) ~[spring-web-7.0.8.jar:7.0.8]
	at org.apache.catalina.core.ApplicationFilterChain.doFilter(ApplicationFilterChain.java:107) ~[tomcat-embed-core-11.0.22.jar:11.0.22]
	at org.apache.catalina.core.StandardWrapperValve.invoke(StandardWrapperValve.java:165) ~[tomcat-embed-core-11.0.22.jar:11.0.22]
	at org.apache.catalina.core.StandardContextValve.invoke(StandardContextValve.java:77) ~[tomcat-embed-core-11.0.22.jar:11.0.22]
	at org.apache.catalina.authenticator.AuthenticatorBase.invoke(AuthenticatorBase.java:492) ~[tomcat-embed-core-11.0.22.jar:11.0.22]
	at org.apache.catalina.core.StandardHostValve.invoke(StandardHostValve.java:113) ~[tomcat-embed-core-11.0.22.jar:11.0.22]
	at org.apache.catalina.valves.ErrorReportValve.invoke(ErrorReportValve.java:83) ~[tomcat-embed-core-11.0.22.jar:11.0.22]
	at org.apache.catalina.core.StandardEngineValve.invoke(StandardEngineValve.java:72) ~[tomcat-embed-core-11.0.22.jar:11.0.22]
	at org.apache.catalina.connector.CoyoteAdapter.service(CoyoteAdapter.java:341) ~[tomcat-embed-core-11.0.22.jar:11.0.22]
	at org.apache.coyote.http11.Http11Processor.service(Http11Processor.java:397) ~[tomcat-embed-core-11.0.22.jar:11.0.22]
	at org.apache.coyote.AbstractProcessorLight.process(AbstractProcessorLight.java:63) ~[tomcat-embed-core-11.0.22.jar:11.0.22]
	at org.apache.coyote.AbstractProtocol$ConnectionHandler.process(AbstractProtocol.java:1272) ~[tomcat-embed-core-11.0.22.jar:11.0.22]
	at org.apache.tomcat.util.net.NioEndpoint$SocketProcessor.doRun(NioEndpoint.java:1801) ~[tomcat-embed-core-11.0.22.jar:11.0.22]
	at org.apache.tomcat.util.net.SocketProcessorBase.run(SocketProcessorBase.java:52) ~[tomcat-embed-core-11.0.22.jar:11.0.22]
	at org.apache.tomcat.util.threads.ThreadPoolExecutor.runWorker(ThreadPoolExecutor.java:946) ~[tomcat-embed-core-11.0.22.jar:11.0.22]
	at org.apache.tomcat.util.threads.ThreadPoolExecutor$Worker.run(ThreadPoolExecutor.java:480) ~[tomcat-embed-core-11.0.22.jar:11.0.22]
	at org.apache.tomcat.util.threads.TaskThread$WrappingRunnable.run(TaskThread.java:57) ~[tomcat-embed-core-11.0.22.jar:11.0.22]
	at java.base/java.lang.Thread.run(Unknown Source) ~[na:na]
Caused by: org.attoparser.ParseException: Exception evaluating SpringEL expression: "#lists.size(risultati.content) ?: 0" (template: "luoghi_interesse/biblioteche" - line 37, col 50)
	at org.attoparser.MarkupParser.parseDocument(MarkupParser.java:393) ~[attoparser-2.0.7.RELEASE.jar:2.0.7.RELEASE]
	at org.attoparser.MarkupParser.parse(MarkupParser.java:257) ~[attoparser-2.0.7.RELEASE.jar:2.0.7.RELEASE]
	at org.thymeleaf.templateparser.markup.AbstractMarkupTemplateParser.parse(AbstractMarkupTemplateParser.java:230) ~[thymeleaf-3.1.5.RELEASE.jar:3.1.5.RELEASE]
	... 89 common frames omitted
Caused by: org.thymeleaf.exceptions.TemplateProcessingException: Exception evaluating SpringEL expression: "#lists.size(risultati.content) ?: 0" (template: "luoghi_interesse/biblioteche" - line 37, col 50)
	at org.thymeleaf.spring6.expression.SPELVariableExpressionEvaluator.evaluate(SPELVariableExpressionEvaluator.java:302) ~[thymeleaf-spring6-3.1.5.RELEASE.jar:3.1.5.RELEASE]
	at org.thymeleaf.standard.expression.VariableExpression.executeVariableExpression(VariableExpression.java:166) ~[thymeleaf-3.1.5.RELEASE.jar:3.1.5.RELEASE]
	at org.thymeleaf.standard.expression.SimpleExpression.executeSimple(SimpleExpression.java:66) ~[thymeleaf-3.1.5.RELEASE.jar:3.1.5.RELEASE]
	at org.thymeleaf.standard.expression.Expression.execute(Expression.java:109) ~[thymeleaf-3.1.5.RELEASE.jar:3.1.5.RELEASE]
	at org.thymeleaf.standard.expression.AdditionExpression.executeAddition(AdditionExpression.java:89) ~[thymeleaf-3.1.5.RELEASE.jar:3.1.5.RELEASE]
	at org.thymeleaf.standard.expression.ComplexExpression.executeComplex(ComplexExpression.java:62) ~[thymeleaf-3.1.5.RELEASE.jar:3.1.5.RELEASE]
	at org.thymeleaf.standard.expression.Expression.execute(Expression.java:112) ~[thymeleaf-3.1.5.RELEASE.jar:3.1.5.RELEASE]
	at org.thymeleaf.standard.expression.Expression.execute(Expression.java:138) ~[thymeleaf-3.1.5.RELEASE.jar:3.1.5.RELEASE]
	at org.thymeleaf.standard.processor.AbstractStandardExpressionAttributeTagProcessor.doProcess(AbstractStandardExpressionAttributeTagProcessor.java:144) ~[thymeleaf-3.1.5.RELEASE.jar:3.1.5.RELEASE]
	at org.thymeleaf.processor.element.AbstractAttributeTagProcessor.doProcess(AbstractAttributeTagProcessor.java:74) ~[thymeleaf-3.1.5.RELEASE.jar:3.1.5.RELEASE]
	at org.thymeleaf.processor.element.AbstractElementTagProcessor.process(AbstractElementTagProcessor.java:95) ~[thymeleaf-3.1.5.RELEASE.jar:3.1.5.RELEASE]
	at org.thymeleaf.util.ProcessorConfigurationUtils$ElementTagProcessorWrapper.process(ProcessorConfigurationUtils.java:633) ~[thymeleaf-3.1.5.RELEASE.jar:3.1.5.RELEASE]
	at org.thymeleaf.engine.ProcessorTemplateHandler.handleOpenElement(ProcessorTemplateHandler.java:1314) ~[thymeleaf-3.1.5.RELEASE.jar:3.1.5.RELEASE]
	at org.thymeleaf.engine.TemplateHandlerAdapterMarkupHandler.handleOpenElementEnd(TemplateHandlerAdapterMarkupHandler.java:304) ~[thymeleaf-3.1.5.RELEASE.jar:3.1.5.RELEASE]
	at org.thymeleaf.templateparser.markup.InlinedOutputExpressionMarkupHandler$InlineMarkupAdapterPreProcessorHandler.handleOpenElementEnd(InlinedOutputExpressionMarkupHandler.java:278) ~[thymeleaf-3.1.5.RELEASE.jar:3.1.5.RELEASE]
	at org.thymeleaf.standard.inline.OutputExpressionInlinePreProcessorHandler.handleOpenElementEnd(OutputExpressionInlinePreProcessorHandler.java:186) ~[thymeleaf-3.1.5.RELEASE.jar:3.1.5.RELEASE]
	at org.thymeleaf.templateparser.markup.InlinedOutputExpressionMarkupHandler.handleOpenElementEnd(InlinedOutputExpressionMarkupHandler.java:124) ~[thymeleaf-3.1.5.RELEASE.jar:3.1.5.RELEASE]
	at org.attoparser.HtmlElement.handleOpenElementEnd(HtmlElement.java:109) ~[attoparser-2.0.7.RELEASE.jar:2.0.7.RELEASE]
	at org.attoparser.HtmlMarkupHandler.handleOpenElementEnd(HtmlMarkupHandler.java:297) ~[attoparser-2.0.7.RELEASE.jar:2.0.7.RELEASE]
	at org.attoparser.MarkupEventProcessorHandler.handleOpenElementEnd(MarkupEventProcessorHandler.java:402) ~[attoparser-2.0.7.RELEASE.jar:2.0.7.RELEASE]
	at org.attoparser.ParsingElementMarkupUtil.parseOpenElement(ParsingElementMarkupUtil.java:159) ~[attoparser-2.0.7.RELEASE.jar:2.0.7.RELEASE]
	at org.attoparser.MarkupParser.parseBuffer(MarkupParser.java:710) ~[attoparser-2.0.7.RELEASE.jar:2.0.7.RELEASE]
	at org.attoparser.MarkupParser.parseDocument(MarkupParser.java:301) ~[attoparser-2.0.7.RELEASE.jar:2.0.7.RELEASE]
	... 91 common frames omitted
Caused by: org.springframework.expression.spel.SpelEvaluationException: EL1007E: Property or field 'content' cannot be found on null
	at org.springframework.expression.spel.ast.PropertyOrFieldReference.readProperty(PropertyOrFieldReference.java:277) ~[spring-expression-7.0.8.jar:7.0.8]
	at org.springframework.expression.spel.ast.PropertyOrFieldReference.getValueInternal(PropertyOrFieldReference.java:123) ~[spring-expression-7.0.8.jar:7.0.8]
	at org.springframework.expression.spel.ast.PropertyOrFieldReference$AccessorValueRef.getValue(PropertyOrFieldReference.java:432) ~[spring-expression-7.0.8.jar:7.0.8]
	at org.springframework.expression.spel.ast.CompoundExpression.getValueInternal(CompoundExpression.java:97) ~[spring-expression-7.0.8.jar:7.0.8]
	at org.springframework.expression.spel.ast.MethodReference.getArguments(MethodReference.java:246) ~[spring-expression-7.0.8.jar:7.0.8]
	at org.springframework.expression.spel.ast.MethodReference.getValueRef(MethodReference.java:108) ~[spring-expression-7.0.8.jar:7.0.8]
	at org.springframework.expression.spel.ast.CompoundExpression.getValueRef(CompoundExpression.java:75) ~[spring-expression-7.0.8.jar:7.0.8]
	at org.springframework.expression.spel.ast.CompoundExpression.getValueInternal(CompoundExpression.java:96) ~[spring-expression-7.0.8.jar:7.0.8]
	at org.springframework.expression.spel.ast.Elvis.getValueInternal(Elvis.java:64) ~[spring-expression-7.0.8.jar:7.0.8]
	at org.springframework.expression.spel.ast.SpelNodeImpl.getValue(SpelNodeImpl.java:114) ~[spring-expression-7.0.8.jar:7.0.8]
	at org.springframework.expression.spel.standard.SpelExpression.getValue(SpelExpression.java:330) ~[spring-expression-7.0.8.jar:7.0.8]
	at org.thymeleaf.spring6.expression.SPELVariableExpressionEvaluator.evaluate(SPELVariableExpressionEvaluator.java:275) ~[thymeleaf-spring6-3.1.5.RELEASE.jar:3.1.5.RELEASE]
	... 113 common frames omitted

2026-08-24T19:46:01.293+02:00 DEBUG 12884 --- [itineria] [http-nio-8080-exec-5] o.s.s.w.a.AnonymousAuthenticationFilter  : Set SecurityContextHolder to anonymous SecurityContext
2026-08-24T19:46:01.295+02:00 ERROR 12884 --- [itineria] [http-nio-8080-exec-5] o.a.c.c.C.[.[.[/].[dispatcherServlet]    : Servlet.service() for servlet [dispatcherServlet] in context with path [] threw exception [Request processing failed: org.thymeleaf.exceptions.TemplateInputException: An error happened during template parsing (template: "class path resource [templates/luoghi_interesse/biblioteche.html]")] with root cause

org.springframework.expression.spel.SpelEvaluationException: EL1007E: Property or field 'content' cannot be found on null
	at org.springframework.expression.spel.ast.PropertyOrFieldReference.readProperty(PropertyOrFieldReference.java:277) ~[spring-expression-7.0.8.jar:7.0.8]
	at org.springframework.expression.spel.ast.PropertyOrFieldReference.getValueInternal(PropertyOrFieldReference.java:123) ~[spring-expression-7.0.8.jar:7.0.8]
	at org.springframework.expression.spel.ast.PropertyOrFieldReference$AccessorValueRef.getValue(PropertyOrFieldReference.java:432) ~[spring-expression-7.0.8.jar:7.0.8]
	at org.springframework.expression.spel.ast.CompoundExpression.getValueInternal(CompoundExpression.java:97) ~[spring-expression-7.0.8.jar:7.0.8]
	at org.springframework.expression.spel.ast.MethodReference.getArguments(MethodReference.java:246) ~[spring-expression-7.0.8.jar:7.0.8]
	at org.springframework.expression.spel.ast.MethodReference.getValueRef(MethodReference.java:108) ~[spring-expression-7.0.8.jar:7.0.8]
	at org.springframework.expression.spel.ast.CompoundExpression.getValueRef(CompoundExpression.java:75) ~[spring-expression-7.0.8.jar:7.0.8]
	at org.springframework.expression.spel.ast.CompoundExpression.getValueInternal(CompoundExpression.java:96) ~[spring-expression-7.0.8.jar:7.0.8]
	at org.springframework.expression.spel.ast.Elvis.getValueInternal(Elvis.java:64) ~[spring-expression-7.0.8.jar:7.0.8]
	at org.springframework.expression.spel.ast.SpelNodeImpl.getValue(SpelNodeImpl.java:114) ~[spring-expression-7.0.8.jar:7.0.8]
	at org.springframework.expression.spel.standard.SpelExpression.getValue(SpelExpression.java:330) ~[spring-expression-7.0.8.jar:7.0.8]
	at org.thymeleaf.spring6.expression.SPELVariableExpressionEvaluator.evaluate(SPELVariableExpressionEvaluator.java:275) ~[thymeleaf-spring6-3.1.5.RELEASE.jar:3.1.5.RELEASE]
	at org.thymeleaf.standard.expression.VariableExpression.executeVariableExpression(VariableExpression.java:166) ~[thymeleaf-3.1.5.RELEASE.jar:3.1.5.RELEASE]
	at org.thymeleaf.standard.expression.SimpleExpression.executeSimple(SimpleExpression.java:66) ~[thymeleaf-3.1.5.RELEASE.jar:3.1.5.RELEASE]
	at org.thymeleaf.standard.expression.Expression.execute(Expression.java:109) ~[thymeleaf-3.1.5.RELEASE.jar:3.1.5.RELEASE]
	at org.thymeleaf.standard.expression.AdditionExpression.executeAddition(AdditionExpression.java:89) ~[thymeleaf-3.1.5.RELEASE.jar:3.1.5.RELEASE]
	at org.thymeleaf.standard.expression.ComplexExpression.executeComplex(ComplexExpression.java:62) ~[thymeleaf-3.1.5.RELEASE.jar:3.1.5.RELEASE]
	at org.thymeleaf.standard.expression.Expression.execute(Expression.java:112) ~[thymeleaf-3.1.5.RELEASE.jar:3.1.5.RELEASE]
	at org.thymeleaf.standard.expression.Expression.execute(Expression.java:138) ~[thymeleaf-3.1.5.RELEASE.jar:3.1.5.RELEASE]
	at org.thymeleaf.standard.processor.AbstractStandardExpressionAttributeTagProcessor.doProcess(AbstractStandardExpressionAttributeTagProcessor.java:144) ~[thymeleaf-3.1.5.RELEASE.jar:3.1.5.RELEASE]
	at org.thymeleaf.processor.element.AbstractAttributeTagProcessor.doProcess(AbstractAttributeTagProcessor.java:74) ~[thymeleaf-3.1.5.RELEASE.jar:3.1.5.RELEASE]
	at org.thymeleaf.processor.element.AbstractElementTagProcessor.process(AbstractElementTagProcessor.java:95) ~[thymeleaf-3.1.5.RELEASE.jar:3.1.5.RELEASE]
	at org.thymeleaf.util.ProcessorConfigurationUtils$ElementTagProcessorWrapper.process(ProcessorConfigurationUtils.java:633) ~[thymeleaf-3.1.5.RELEASE.jar:3.1.5.RELEASE]
	at org.thymeleaf.engine.ProcessorTemplateHandler.handleOpenElement(ProcessorTemplateHandler.java:1314) ~[thymeleaf-3.1.5.RELEASE.jar:3.1.5.RELEASE]
	at org.thymeleaf.engine.TemplateHandlerAdapterMarkupHandler.handleOpenElementEnd(TemplateHandlerAdapterMarkupHandler.java:304) ~[thymeleaf-3.1.5.RELEASE.jar:3.1.5.RELEASE]
	at org.thymeleaf.templateparser.markup.InlinedOutputExpressionMarkupHandler$InlineMarkupAdapterPreProcessorHandler.handleOpenElementEnd(InlinedOutputExpressionMarkupHandler.java:278) ~[thymeleaf-3.1.5.RELEASE.jar:3.1.5.RELEASE]
	at org.thymeleaf.standard.inline.OutputExpressionInlinePreProcessorHandler.handleOpenElementEnd(OutputExpressionInlinePreProcessorHandler.java:186) ~[thymeleaf-3.1.5.RELEASE.jar:3.1.5.RELEASE]
	at org.thymeleaf.templateparser.markup.InlinedOutputExpressionMarkupHandler.handleOpenElementEnd(InlinedOutputExpressionMarkupHandler.java:124) ~[thymeleaf-3.1.5.RELEASE.jar:3.1.5.RELEASE]
	at org.attoparser.HtmlElement.handleOpenElementEnd(HtmlElement.java:109) ~[attoparser-2.0.7.RELEASE.jar:2.0.7.RELEASE]
	at org.attoparser.HtmlMarkupHandler.handleOpenElementEnd(HtmlMarkupHandler.java:297) ~[attoparser-2.0.7.RELEASE.jar:2.0.7.RELEASE]
	at org.attoparser.MarkupEventProcessorHandler.handleOpenElementEnd(MarkupEventProcessorHandler.java:402) ~[attoparser-2.0.7.RELEASE.jar:2.0.7.RELEASE]
	at org.attoparser.ParsingElementMarkupUtil.parseOpenElement(ParsingElementMarkupUtil.java:159) ~[attoparser-2.0.7.RELEASE.jar:2.0.7.RELEASE]
	at org.attoparser.MarkupParser.parseBuffer(MarkupParser.java:710) ~[attoparser-2.0.7.RELEASE.jar:2.0.7.RELEASE]
	at org.attoparser.MarkupParser.parseDocument(MarkupParser.java:301) ~[attoparser-2.0.7.RELEASE.jar:2.0.7.RELEASE]
	at org.attoparser.MarkupParser.parse(MarkupParser.java:257) ~[attoparser-2.0.7.RELEASE.jar:2.0.7.RELEASE]
	at org.thymeleaf.templateparser.markup.AbstractMarkupTemplateParser.parse(AbstractMarkupTemplateParser.java:230) ~[thymeleaf-3.1.5.RELEASE.jar:3.1.5.RELEASE]
	at org.thymeleaf.templateparser.markup.AbstractMarkupTemplateParser.parseStandalone(AbstractMarkupTemplateParser.java:100) ~[thymeleaf-3.1.5.RELEASE.jar:3.1.5.RELEASE]
	at org.thymeleaf.engine.TemplateManager.parseAndProcess(TemplateManager.java:666) ~[thymeleaf-3.1.5.RELEASE.jar:3.1.5.RELEASE]
	at org.thymeleaf.TemplateEngine.process(TemplateEngine.java:1103) ~[thymeleaf-3.1.5.RELEASE.jar:3.1.5.RELEASE]
	at org.thymeleaf.TemplateEngine.process(TemplateEngine.java:1077) ~[thymeleaf-3.1.5.RELEASE.jar:3.1.5.RELEASE]
	at org.thymeleaf.spring6.view.ThymeleafView.renderFragment(ThymeleafView.java:374) ~[thymeleaf-spring6-3.1.5.RELEASE.jar:3.1.5.RELEASE]
	at org.thymeleaf.spring6.view.ThymeleafView.render(ThymeleafView.java:193) ~[thymeleaf-spring6-3.1.5.RELEASE.jar:3.1.5.RELEASE]
	at org.springframework.web.servlet.DispatcherServlet.render(DispatcherServlet.java:1305) ~[spring-webmvc-7.0.8.jar:7.0.8]
	at org.springframework.web.servlet.DispatcherServlet.processDispatchResult(DispatcherServlet.java:1042) ~[spring-webmvc-7.0.8.jar:7.0.8]
	at org.springframework.web.servlet.DispatcherServlet.doDispatch(DispatcherServlet.java:980) ~[spring-webmvc-7.0.8.jar:7.0.8]
	at org.springframework.web.servlet.DispatcherServlet.doService(DispatcherServlet.java:866) ~[spring-webmvc-7.0.8.jar:7.0.8]
	at org.springframework.web.servlet.FrameworkServlet.processRequest(FrameworkServlet.java:1000) ~[spring-webmvc-7.0.8.jar:7.0.8]
	at org.springframework.web.servlet.FrameworkServlet.doGet(FrameworkServlet.java:892) ~[spring-webmvc-7.0.8.jar:7.0.8]
	at jakarta.servlet.http.HttpServlet.service(HttpServlet.java:622) ~[tomcat-embed-core-11.0.22.jar:6.1]
	at org.springframework.web.servlet.FrameworkServlet.service(FrameworkServlet.java:874) ~[spring-webmvc-7.0.8.jar:7.0.8]
	at jakarta.servlet.http.HttpServlet.service(HttpServlet.java:710) ~[tomcat-embed-core-11.0.22.jar:6.1]
	at org.apache.catalina.core.ApplicationFilterChain.doFilter(ApplicationFilterChain.java:128) ~[tomcat-embed-core-11.0.22.jar:11.0.22]
	at org.apache.tomcat.websocket.server.WsFilter.doFilter(WsFilter.java:53) ~[tomcat-embed-websocket-11.0.22.jar:11.0.22]
	at org.apache.catalina.core.ApplicationFilterChain.doFilter(ApplicationFilterChain.java:107) ~[tomcat-embed-core-11.0.22.jar:11.0.22]
	at org.springframework.web.filter.CompositeFilter$VirtualFilterChain.doFilter(CompositeFilter.java:108) ~[spring-web-7.0.8.jar:7.0.8]
	at org.springframework.security.web.FilterChainProxy.lambda$doFilterInternal$2(FilterChainProxy.java:235) ~[spring-security-web-7.1.0.jar:7.1.0]
	at org.springframework.security.web.FilterChainProxy$VirtualFilterChain.doFilter(FilterChainProxy.java:376) ~[spring-security-web-7.1.0.jar:7.1.0]
	at org.springframework.security.web.access.intercept.AuthorizationFilter.doFilter(AuthorizationFilter.java:101) ~[spring-security-web-7.1.0.jar:7.1.0]
	at org.springframework.security.web.FilterChainProxy$VirtualFilterChain.doFilter(FilterChainProxy.java:385) ~[spring-security-web-7.1.0.jar:7.1.0]
	at org.springframework.security.web.access.ExceptionTranslationFilter.doFilter(ExceptionTranslationFilter.java:126) ~[spring-security-web-7.1.0.jar:7.1.0]
	at org.springframework.security.web.access.ExceptionTranslationFilter.doFilter(ExceptionTranslationFilter.java:120) ~[spring-security-web-7.1.0.jar:7.1.0]
	at org.springframework.security.web.FilterChainProxy$VirtualFilterChain.doFilter(FilterChainProxy.java:385) ~[spring-security-web-7.1.0.jar:7.1.0]
	at org.springframework.security.web.authentication.AnonymousAuthenticationFilter.doFilter(AnonymousAuthenticationFilter.java:100) ~[spring-security-web-7.1.0.jar:7.1.0]
	at org.springframework.security.web.FilterChainProxy$VirtualFilterChain.doFilter(FilterChainProxy.java:385) ~[spring-security-web-7.1.0.jar:7.1.0]
	at org.springframework.security.web.servletapi.SecurityContextHolderAwareRequestFilter.doFilter(SecurityContextHolderAwareRequestFilter.java:181) ~[spring-security-web-7.1.0.jar:7.1.0]
	at org.springframework.security.web.FilterChainProxy$VirtualFilterChain.doFilter(FilterChainProxy.java:385) ~[spring-security-web-7.1.0.jar:7.1.0]
	at org.springframework.security.web.savedrequest.RequestCacheAwareFilter.doFilter(RequestCacheAwareFilter.java:63) ~[spring-security-web-7.1.0.jar:7.1.0]
	at org.springframework.security.web.FilterChainProxy$VirtualFilterChain.doFilter(FilterChainProxy.java:385) ~[spring-security-web-7.1.0.jar:7.1.0]
	at org.springframework.security.web.authentication.AbstractAuthenticationProcessingFilter.doFilter(AbstractAuthenticationProcessingFilter.java:245) ~[spring-security-web-7.1.0.jar:7.1.0]
	at org.springframework.security.web.authentication.AbstractAuthenticationProcessingFilter.doFilter(AbstractAuthenticationProcessingFilter.java:239) ~[spring-security-web-7.1.0.jar:7.1.0]
	at org.springframework.security.web.FilterChainProxy$VirtualFilterChain.doFilter(FilterChainProxy.java:385) ~[spring-security-web-7.1.0.jar:7.1.0]
	at org.springframework.security.web.authentication.logout.LogoutFilter.doFilter(LogoutFilter.java:110) ~[spring-security-web-7.1.0.jar:7.1.0]
	at org.springframework.security.web.authentication.logout.LogoutFilter.doFilter(LogoutFilter.java:96) ~[spring-security-web-7.1.0.jar:7.1.0]
	at org.springframework.security.web.FilterChainProxy$VirtualFilterChain.doFilter(FilterChainProxy.java:385) ~[spring-security-web-7.1.0.jar:7.1.0]
	at org.springframework.security.web.csrf.CsrfFilter.doFilterInternal(CsrfFilter.java:118) ~[spring-security-web-7.1.0.jar:7.1.0]
	at org.springframework.web.filter.OncePerRequestFilter.doFilter(OncePerRequestFilter.java:116) ~[spring-web-7.0.8.jar:7.0.8]
	at org.springframework.security.web.FilterChainProxy$VirtualFilterChain.doFilter(FilterChainProxy.java:385) ~[spring-security-web-7.1.0.jar:7.1.0]
	at org.springframework.security.web.header.HeaderWriterFilter.doHeadersAfter(HeaderWriterFilter.java:90) ~[spring-security-web-7.1.0.jar:7.1.0]
	at org.springframework.security.web.header.HeaderWriterFilter.doFilterInternal(HeaderWriterFilter.java:75) ~[spring-security-web-7.1.0.jar:7.1.0]
	at org.springframework.web.filter.OncePerRequestFilter.doFilter(OncePerRequestFilter.java:116) ~[spring-web-7.0.8.jar:7.0.8]
	at org.springframework.security.web.FilterChainProxy$VirtualFilterChain.doFilter(FilterChainProxy.java:385) ~[spring-security-web-7.1.0.jar:7.1.0]
	at org.springframework.security.web.context.SecurityContextHolderFilter.doFilter(SecurityContextHolderFilter.java:82) ~[spring-security-web-7.1.0.jar:7.1.0]
	at org.springframework.security.web.context.SecurityContextHolderFilter.doFilter(SecurityContextHolderFilter.java:69) ~[spring-security-web-7.1.0.jar:7.1.0]
	at org.springframework.security.web.FilterChainProxy$VirtualFilterChain.doFilter(FilterChainProxy.java:385) ~[spring-security-web-7.1.0.jar:7.1.0]
	at org.springframework.security.web.context.request.async.WebAsyncManagerIntegrationFilter.doFilterInternal(WebAsyncManagerIntegrationFilter.java:62) ~[spring-security-web-7.1.0.jar:7.1.0]
	at org.springframework.web.filter.OncePerRequestFilter.doFilter(OncePerRequestFilter.java:116) ~[spring-web-7.0.8.jar:7.0.8]
	at org.springframework.security.web.FilterChainProxy$VirtualFilterChain.doFilter(FilterChainProxy.java:385) ~[spring-security-web-7.1.0.jar:7.1.0]
	at org.springframework.security.web.session.DisableEncodeUrlFilter.doFilterInternal(DisableEncodeUrlFilter.java:42) ~[spring-security-web-7.1.0.jar:7.1.0]
	at org.springframework.web.filter.OncePerRequestFilter.doFilter(OncePerRequestFilter.java:116) ~[spring-web-7.0.8.jar:7.0.8]
	at org.springframework.security.web.FilterChainProxy$VirtualFilterChain.doFilter(FilterChainProxy.java:385) ~[spring-security-web-7.1.0.jar:7.1.0]
	at org.springframework.security.web.FilterChainProxy.doFilterInternal(FilterChainProxy.java:237) ~[spring-security-web-7.1.0.jar:7.1.0]
	at org.springframework.security.web.FilterChainProxy.doFilter(FilterChainProxy.java:195) ~[spring-security-web-7.1.0.jar:7.1.0]
	at org.springframework.web.filter.CompositeFilter$VirtualFilterChain.doFilter(CompositeFilter.java:113) ~[spring-web-7.0.8.jar:7.0.8]
	at org.springframework.web.filter.ServletRequestPathFilter.doFilter(ServletRequestPathFilter.java:52) ~[spring-web-7.0.8.jar:7.0.8]
	at org.springframework.web.filter.CompositeFilter$VirtualFilterChain.doFilter(CompositeFilter.java:113) ~[spring-web-7.0.8.jar:7.0.8]
	at org.springframework.web.filter.CompositeFilter.doFilter(CompositeFilter.java:74) ~[spring-web-7.0.8.jar:7.0.8]
	at org.springframework.security.config.annotation.web.configuration.WebSecurityConfiguration$CompositeFilterChainProxy.doFilter(WebSecurityConfiguration.java:317) ~[spring-security-config-7.1.0.jar:7.1.0]
	at org.springframework.web.filter.DelegatingFilterProxy.invokeDelegate(DelegatingFilterProxy.java:355) ~[spring-web-7.0.8.jar:7.0.8]
	at org.springframework.web.filter.DelegatingFilterProxy.doFilter(DelegatingFilterProxy.java:272) ~[spring-web-7.0.8.jar:7.0.8]
	at org.apache.catalina.core.ApplicationFilterChain.doFilter(ApplicationFilterChain.java:107) ~[tomcat-embed-core-11.0.22.jar:11.0.22]
	at org.springframework.web.filter.RequestContextFilter.doFilterInternal(RequestContextFilter.java:100) ~[spring-web-7.0.8.jar:7.0.8]
	at org.springframework.web.filter.OncePerRequestFilter.doFilter(OncePerRequestFilter.java:116) ~[spring-web-7.0.8.jar:7.0.8]
	at org.apache.catalina.core.ApplicationFilterChain.doFilter(ApplicationFilterChain.java:107) ~[tomcat-embed-core-11.0.22.jar:11.0.22]
	at org.springframework.web.filter.FormContentFilter.doFilterInternal(FormContentFilter.java:93) ~[spring-web-7.0.8.jar:7.0.8]
	at org.springframework.web.filter.OncePerRequestFilter.doFilter(OncePerRequestFilter.java:116) ~[spring-web-7.0.8.jar:7.0.8]
	at org.apache.catalina.core.ApplicationFilterChain.doFilter(ApplicationFilterChain.java:107) ~[tomcat-embed-core-11.0.22.jar:11.0.22]
	at org.springframework.web.filter.CharacterEncodingFilter.doFilterInternal(CharacterEncodingFilter.java:199) ~[spring-web-7.0.8.jar:7.0.8]
	at org.springframework.web.filter.OncePerRequestFilter.doFilter(OncePerRequestFilter.java:116) ~[spring-web-7.0.8.jar:7.0.8]
	at org.apache.catalina.core.ApplicationFilterChain.doFilter(ApplicationFilterChain.java:107) ~[tomcat-embed-core-11.0.22.jar:11.0.22]
	at org.apache.catalina.core.StandardWrapperValve.invoke(StandardWrapperValve.java:165) ~[tomcat-embed-core-11.0.22.jar:11.0.22]
	at org.apache.catalina.core.StandardContextValve.invoke(StandardContextValve.java:77) ~[tomcat-embed-core-11.0.22.jar:11.0.22]
	at org.apache.catalina.authenticator.AuthenticatorBase.invoke(AuthenticatorBase.java:492) ~[tomcat-embed-core-11.0.22.jar:11.0.22]
	at org.apache.catalina.core.StandardHostValve.invoke(StandardHostValve.java:113) ~[tomcat-embed-core-11.0.22.jar:11.0.22]
	at org.apache.catalina.valves.ErrorReportValve.invoke(ErrorReportValve.java:83) ~[tomcat-embed-core-11.0.22.jar:11.0.22]
	at org.apache.catalina.core.StandardEngineValve.invoke(StandardEngineValve.java:72) ~[tomcat-embed-core-11.0.22.jar:11.0.22]
	at org.apache.catalina.connector.CoyoteAdapter.service(CoyoteAdapter.java:341) ~[tomcat-embed-core-11.0.22.jar:11.0.22]
	at org.apache.coyote.http11.Http11Processor.service(Http11Processor.java:397) ~[tomcat-embed-core-11.0.22.jar:11.0.22]
	at org.apache.coyote.AbstractProcessorLight.process(AbstractProcessorLight.java:63) ~[tomcat-embed-core-11.0.22.jar:11.0.22]
	at org.apache.coyote.AbstractProtocol$ConnectionHandler.process(AbstractProtocol.java:1272) ~[tomcat-embed-core-11.0.22.jar:11.0.22]
	at org.apache.tomcat.util.net.NioEndpoint$SocketProcessor.doRun(NioEndpoint.java:1801) ~[tomcat-embed-core-11.0.22.jar:11.0.22]
	at org.apache.tomcat.util.net.SocketProcessorBase.run(SocketProcessorBase.java:52) ~[tomcat-embed-core-11.0.22.jar:11.0.22]
	at org.apache.tomcat.util.threads.ThreadPoolExecutor.runWorker(ThreadPoolExecutor.java:946) ~[tomcat-embed-core-11.0.22.jar:11.0.22]
	at org.apache.tomcat.util.threads.ThreadPoolExecutor$Worker.run(ThreadPoolExecutor.java:480) ~[tomcat-embed-core-11.0.22.jar:11.0.22]
	at org.apache.tomcat.util.threads.TaskThread$WrappingRunnable.run(TaskThread.java:57) ~[tomcat-embed-core-11.0.22.jar:11.0.22]
	at java.base/java.lang.Thread.run(Unknown Source) ~[na:na]

2026-08-24T19:46:01.302+02:00 DEBUG 12884 --- [itineria] [http-nio-8080-exec-5] o.s.security.web.FilterChainProxy        : Securing GET /error
2026-08-24T19:46:01.303+02:00 DEBUG 12884 --- [itineria] [http-nio-8080-exec-5] o.s.security.web.FilterChainProxy        : Secured GET /error
2026-08-24T19:46:01.340+02:00 DEBUG 12884 --- [itineria] [http-nio-8080-exec-5] o.s.s.w.a.AnonymousAuthenticationFilter  : Set SecurityContextHolder to anonymous SecurityContext
2026-08-24T19:46:03.422+02:00 DEBUG 12884 --- [itineria] [http-nio-8080-exec-6] o.s.security.web.FilterChainProxy        : Securing GET /
2026-08-24T19:46:03.422+02:00 DEBUG 12884 --- [itineria] [http-nio-8080-exec-6] o.s.security.web.FilterChainProxy        : Secured GET /
2026-08-24T19:46:03.483+02:00 DEBUG 12884 --- [itineria] [http-nio-8080-exec-6] o.s.s.w.a.AnonymousAuthenticationFilter  : Set SecurityContextHolder to anonymous SecurityContext
2026-08-24T19:46:03.491+02:00 DEBUG 12884 --- [itineria] [http-nio-8080-exec-7] o.s.security.web.FilterChainProxy        : Securing GET /css/style.css
2026-08-24T19:46:03.492+02:00 DEBUG 12884 --- [itineria] [http-nio-8080-exec-7] o.s.security.web.FilterChainProxy        : Secured GET /css/style.css
2026-08-24T19:46:03.497+02:00 DEBUG 12884 --- [itineria] [http-nio-8080-exec-7] o.s.s.w.a.AnonymousAuthenticationFilter  : Set SecurityContextHolder to anonymous SecurityContext
2026-08-24T19:46:03.509+02:00 DEBUG 12884 --- [itineria] [http-nio-8080-exec-8] o.s.security.web.FilterChainProxy        : Securing GET /images/torino-hero.jpg
2026-08-24T19:46:03.511+02:00 DEBUG 12884 --- [itineria] [http-nio-8080-exec-8] o.s.security.web.FilterChainProxy        : Secured GET /images/torino-hero.jpg
2026-08-24T19:46:03.521+02:00 DEBUG 12884 --- [itineria] [http-nio-8080-exec-8] o.s.s.w.a.AnonymousAuthenticationFilter  : Set SecurityContextHolder to anonymous SecurityContext
2026-08-24T19:46:03.522+02:00 DEBUG 12884 --- [itineria] [http-nio-8080-exec-8] o.s.security.web.FilterChainProxy        : Securing GET /error
2026-08-24T19:46:03.523+02:00 DEBUG 12884 --- [itineria] [http-nio-8080-exec-8] o.s.security.web.FilterChainProxy        : Secured GET /error
2026-08-24T19:46:03.529+02:00 DEBUG 12884 --- [itineria] [http-nio-8080-exec-8] o.s.s.w.a.AnonymousAuthenticationFilter  : Set SecurityContextHolder to anonymous SecurityContext
2026-08-24T19:46:06.069+02:00 DEBUG 12884 --- [itineria] [http-nio-8080-exec-9] o.s.security.web.FilterChainProxy        : Securing GET /bar
2026-08-24T19:46:06.070+02:00 DEBUG 12884 --- [itineria] [http-nio-8080-exec-9] o.s.security.web.FilterChainProxy        : Secured GET /bar
2026-08-24T19:46:06.078+02:00 DEBUG 12884 --- [itineria] [http-nio-8080-exec-9] o.s.s.w.a.AnonymousAuthenticationFilter  : Set SecurityContextHolder to anonymous SecurityContext
2026-08-24T19:46:06.080+02:00 DEBUG 12884 --- [itineria] [http-nio-8080-exec-9] o.s.security.web.FilterChainProxy        : Securing GET /error
2026-08-24T19:46:06.082+02:00 DEBUG 12884 --- [itineria] [http-nio-8080-exec-9] o.s.security.web.FilterChainProxy        : Secured GET /error
2026-08-24T19:46:06.099+02:00 DEBUG 12884 --- [itineria] [http-nio-8080-exec-9] o.s.s.w.a.AnonymousAuthenticationFilter  : Set SecurityContextHolder to anonymous SecurityContext
2026-08-24T19:46:12.633+02:00 DEBUG 12884 --- [itineria] [http-nio-8080-exec-10] o.s.security.web.FilterChainProxy        : Securing GET /ristoranti
2026-08-24T19:46:12.633+02:00 DEBUG 12884 --- [itineria] [http-nio-8080-exec-10] o.s.security.web.FilterChainProxy        : Secured GET /ristoranti
2026-08-24T19:46:12.641+02:00 DEBUG 12884 --- [itineria] [http-nio-8080-exec-10] org.hibernate.SQL                        : 
    select
        r1_0.id,
        r1_1.accessibilita,
        r1_1.id_citta,
        r1_1.created_at,
        r1_1.descrizione,
        r1_1.email,
        r1_1.indirizzo,
        r1_1.link_sito,
        r1_1.id_manager,
        r1_1.nome,
        r1_1.numero_telefono,
        r1_1.sempre_aperto,
        r1_1.tipo,
        r1_1.updated_at,
        r1_1.version,
        r1_0.dog_friendly,
        r1_0.fascia_prezzo,
        r1_0.per_celiaci,
        r1_0.posti_esterni,
        r1_0.tipo_cucina 
    from
        ristoranti r1_0 
    join
        luoghi_interesse r1_1 
            on r1_0.id=r1_1.id 
    limit
        ?, ?
2026-08-24T19:46:12.642+02:00 TRACE 12884 --- [itineria] [http-nio-8080-exec-10] org.hibernate.orm.jdbc.bind              : binding parameter (1:INTEGER) <- [0]
2026-08-24T19:46:12.644+02:00 TRACE 12884 --- [itineria] [http-nio-8080-exec-10] org.hibernate.orm.jdbc.bind              : binding parameter (2:INTEGER) <- [20]
2026-08-24T19:46:12.648+02:00 DEBUG 12884 --- [itineria] [http-nio-8080-exec-10] org.hibernate.SQL                        : 
    select
        c1_0.id,
        c1_0.created_at,
        c1_0.descrizione,
        c1_0.nome,
        c1_0.regione,
        c1_0.updated_at,
        c1_0.version 
    from
        citta c1_0 
    where
        c1_0.id=?
2026-08-24T19:46:12.650+02:00 TRACE 12884 --- [itineria] [http-nio-8080-exec-10] org.hibernate.orm.jdbc.bind              : binding parameter (1:BIGINT) <- [1]
2026-08-24T19:46:12.672+02:00 DEBUG 12884 --- [itineria] [http-nio-8080-exec-10] org.hibernate.SQL                        : 
    select
        r1_0.id,
        r1_1.accessibilita,
        r1_1.id_citta,
        r1_1.created_at,
        r1_1.descrizione,
        r1_1.email,
        r1_1.indirizzo,
        r1_1.link_sito,
        r1_1.id_manager,
        r1_1.nome,
        r1_1.numero_telefono,
        r1_1.sempre_aperto,
        r1_1.tipo,
        r1_1.updated_at,
        r1_1.version,
        r1_0.dog_friendly,
        r1_0.fascia_prezzo,
        r1_0.per_celiaci,
        r1_0.posti_esterni,
        r1_0.tipo_cucina 
    from
        ristoranti r1_0 
    join
        luoghi_interesse r1_1 
            on r1_0.id=r1_1.id 
    where
        r1_0.dog_friendly=? 
    limit
        ?, ?
2026-08-24T19:46:12.682+02:00 TRACE 12884 --- [itineria] [http-nio-8080-exec-10] org.hibernate.orm.jdbc.bind              : binding parameter (1:BOOLEAN) <- [true]
2026-08-24T19:46:12.683+02:00 TRACE 12884 --- [itineria] [http-nio-8080-exec-10] org.hibernate.orm.jdbc.bind              : binding parameter (2:INTEGER) <- [0]
2026-08-24T19:46:12.684+02:00 TRACE 12884 --- [itineria] [http-nio-8080-exec-10] org.hibernate.orm.jdbc.bind              : binding parameter (3:INTEGER) <- [6]
2026-08-24T19:46:12.692+02:00 DEBUG 12884 --- [itineria] [http-nio-8080-exec-10] org.hibernate.SQL                        : 
    select
        r1_0.id,
        r1_1.accessibilita,
        r1_1.id_citta,
        r1_1.created_at,
        r1_1.descrizione,
        r1_1.email,
        r1_1.indirizzo,
        r1_1.link_sito,
        r1_1.id_manager,
        r1_1.nome,
        r1_1.numero_telefono,
        r1_1.sempre_aperto,
        r1_1.tipo,
        r1_1.updated_at,
        r1_1.version,
        r1_0.dog_friendly,
        r1_0.fascia_prezzo,
        r1_0.per_celiaci,
        r1_0.posti_esterni,
        r1_0.tipo_cucina 
    from
        ristoranti r1_0 
    join
        luoghi_interesse r1_1 
            on r1_0.id=r1_1.id 
    where
        r1_0.per_celiaci=? 
    limit
        ?, ?
2026-08-24T19:46:12.700+02:00 TRACE 12884 --- [itineria] [http-nio-8080-exec-10] org.hibernate.orm.jdbc.bind              : binding parameter (1:BOOLEAN) <- [true]
2026-08-24T19:46:12.700+02:00 TRACE 12884 --- [itineria] [http-nio-8080-exec-10] org.hibernate.orm.jdbc.bind              : binding parameter (2:INTEGER) <- [0]
2026-08-24T19:46:12.702+02:00 TRACE 12884 --- [itineria] [http-nio-8080-exec-10] org.hibernate.orm.jdbc.bind              : binding parameter (3:INTEGER) <- [6]
2026-08-24T19:46:12.716+02:00 DEBUG 12884 --- [itineria] [http-nio-8080-exec-10] org.hibernate.SQL                        : 
    select
        r1_0.id,
        r1_1.accessibilita,
        r1_1.id_citta,
        r1_1.created_at,
        r1_1.descrizione,
        r1_1.email,
        r1_1.indirizzo,
        r1_1.link_sito,
        r1_1.id_manager,
        r1_1.nome,
        r1_1.numero_telefono,
        r1_1.sempre_aperto,
        r1_1.tipo,
        r1_1.updated_at,
        r1_1.version,
        r1_0.dog_friendly,
        r1_0.fascia_prezzo,
        r1_0.per_celiaci,
        r1_0.posti_esterni,
        r1_0.tipo_cucina 
    from
        ristoranti r1_0 
    join
        luoghi_interesse r1_1 
            on r1_0.id=r1_1.id 
    where
        r1_0.posti_esterni=? 
    limit
        ?, ?
2026-08-24T19:46:12.716+02:00 TRACE 12884 --- [itineria] [http-nio-8080-exec-10] org.hibernate.orm.jdbc.bind              : binding parameter (1:BOOLEAN) <- [true]
2026-08-24T19:46:12.716+02:00 TRACE 12884 --- [itineria] [http-nio-8080-exec-10] org.hibernate.orm.jdbc.bind              : binding parameter (2:INTEGER) <- [0]
2026-08-24T19:46:12.716+02:00 TRACE 12884 --- [itineria] [http-nio-8080-exec-10] org.hibernate.orm.jdbc.bind              : binding parameter (3:INTEGER) <- [6]
2026-08-24T19:46:12.733+02:00 DEBUG 12884 --- [itineria] [http-nio-8080-exec-10] org.hibernate.SQL                        : 
    select
        r1_0.id,
        r1_1.accessibilita,
        r1_1.id_citta,
        r1_1.created_at,
        r1_1.descrizione,
        r1_1.email,
        r1_1.indirizzo,
        r1_1.link_sito,
        r1_1.id_manager,
        r1_1.nome,
        r1_1.numero_telefono,
        r1_1.sempre_aperto,
        r1_1.tipo,
        r1_1.updated_at,
        r1_1.version,
        r1_0.dog_friendly,
        r1_0.fascia_prezzo,
        r1_0.per_celiaci,
        r1_0.posti_esterni,
        r1_0.tipo_cucina 
    from
        ristoranti r1_0 
    join
        luoghi_interesse r1_1 
            on r1_0.id=r1_1.id 
    where
        r1_1.sempre_aperto=? 
    limit
        ?, ?
2026-08-24T19:46:12.742+02:00 TRACE 12884 --- [itineria] [http-nio-8080-exec-10] org.hibernate.orm.jdbc.bind              : binding parameter (1:BOOLEAN) <- [true]
2026-08-24T19:46:12.742+02:00 TRACE 12884 --- [itineria] [http-nio-8080-exec-10] org.hibernate.orm.jdbc.bind              : binding parameter (2:INTEGER) <- [0]
2026-08-24T19:46:12.742+02:00 TRACE 12884 --- [itineria] [http-nio-8080-exec-10] org.hibernate.orm.jdbc.bind              : binding parameter (3:INTEGER) <- [6]
2026-08-24T19:46:12.772+02:00 ERROR 12884 --- [itineria] [http-nio-8080-exec-10] org.thymeleaf.TemplateEngine             : [THYMELEAF][http-nio-8080-exec-10] Exception processing template "ristoranti/lista": Error resolving template [ristoranti/lista], template might not exist or might not be accessible by any of the configured Template Resolvers

org.thymeleaf.exceptions.TemplateInputException: Error resolving template [ristoranti/lista], template might not exist or might not be accessible by any of the configured Template Resolvers
	at org.thymeleaf.engine.TemplateManager.resolveTemplate(TemplateManager.java:869) ~[thymeleaf-3.1.5.RELEASE.jar:3.1.5.RELEASE]
	at org.thymeleaf.engine.TemplateManager.parseAndProcess(TemplateManager.java:607) ~[thymeleaf-3.1.5.RELEASE.jar:3.1.5.RELEASE]
	at org.thymeleaf.TemplateEngine.process(TemplateEngine.java:1103) ~[thymeleaf-3.1.5.RELEASE.jar:3.1.5.RELEASE]
	at org.thymeleaf.TemplateEngine.process(TemplateEngine.java:1077) ~[thymeleaf-3.1.5.RELEASE.jar:3.1.5.RELEASE]
	at org.thymeleaf.spring6.view.ThymeleafView.renderFragment(ThymeleafView.java:374) ~[thymeleaf-spring6-3.1.5.RELEASE.jar:3.1.5.RELEASE]
	at org.thymeleaf.spring6.view.ThymeleafView.render(ThymeleafView.java:193) ~[thymeleaf-spring6-3.1.5.RELEASE.jar:3.1.5.RELEASE]
	at org.springframework.web.servlet.DispatcherServlet.render(DispatcherServlet.java:1305) ~[spring-webmvc-7.0.8.jar:7.0.8]
	at org.springframework.web.servlet.DispatcherServlet.processDispatchResult(DispatcherServlet.java:1042) ~[spring-webmvc-7.0.8.jar:7.0.8]
	at org.springframework.web.servlet.DispatcherServlet.doDispatch(DispatcherServlet.java:980) ~[spring-webmvc-7.0.8.jar:7.0.8]
	at org.springframework.web.servlet.DispatcherServlet.doService(DispatcherServlet.java:866) ~[spring-webmvc-7.0.8.jar:7.0.8]
	at org.springframework.web.servlet.FrameworkServlet.processRequest(FrameworkServlet.java:1000) ~[spring-webmvc-7.0.8.jar:7.0.8]
	at org.springframework.web.servlet.FrameworkServlet.doGet(FrameworkServlet.java:892) ~[spring-webmvc-7.0.8.jar:7.0.8]
	at jakarta.servlet.http.HttpServlet.service(HttpServlet.java:622) ~[tomcat-embed-core-11.0.22.jar:6.1]
	at org.springframework.web.servlet.FrameworkServlet.service(FrameworkServlet.java:874) ~[spring-webmvc-7.0.8.jar:7.0.8]
	at jakarta.servlet.http.HttpServlet.service(HttpServlet.java:710) ~[tomcat-embed-core-11.0.22.jar:6.1]
	at org.apache.catalina.core.ApplicationFilterChain.doFilter(ApplicationFilterChain.java:128) ~[tomcat-embed-core-11.0.22.jar:11.0.22]
	at org.apache.tomcat.websocket.server.WsFilter.doFilter(WsFilter.java:53) ~[tomcat-embed-websocket-11.0.22.jar:11.0.22]
	at org.apache.catalina.core.ApplicationFilterChain.doFilter(ApplicationFilterChain.java:107) ~[tomcat-embed-core-11.0.22.jar:11.0.22]
	at org.springframework.web.filter.CompositeFilter$VirtualFilterChain.doFilter(CompositeFilter.java:108) ~[spring-web-7.0.8.jar:7.0.8]
	at org.springframework.security.web.FilterChainProxy.lambda$doFilterInternal$2(FilterChainProxy.java:235) ~[spring-security-web-7.1.0.jar:7.1.0]
	at org.springframework.security.web.FilterChainProxy$VirtualFilterChain.doFilter(FilterChainProxy.java:376) ~[spring-security-web-7.1.0.jar:7.1.0]
	at org.springframework.security.web.access.intercept.AuthorizationFilter.doFilter(AuthorizationFilter.java:101) ~[spring-security-web-7.1.0.jar:7.1.0]
	at org.springframework.security.web.FilterChainProxy$VirtualFilterChain.doFilter(FilterChainProxy.java:385) ~[spring-security-web-7.1.0.jar:7.1.0]
	at org.springframework.security.web.access.ExceptionTranslationFilter.doFilter(ExceptionTranslationFilter.java:126) ~[spring-security-web-7.1.0.jar:7.1.0]
	at org.springframework.security.web.access.ExceptionTranslationFilter.doFilter(ExceptionTranslationFilter.java:120) ~[spring-security-web-7.1.0.jar:7.1.0]
	at org.springframework.security.web.FilterChainProxy$VirtualFilterChain.doFilter(FilterChainProxy.java:385) ~[spring-security-web-7.1.0.jar:7.1.0]
	at org.springframework.security.web.authentication.AnonymousAuthenticationFilter.doFilter(AnonymousAuthenticationFilter.java:100) ~[spring-security-web-7.1.0.jar:7.1.0]
	at org.springframework.security.web.FilterChainProxy$VirtualFilterChain.doFilter(FilterChainProxy.java:385) ~[spring-security-web-7.1.0.jar:7.1.0]
	at org.springframework.security.web.servletapi.SecurityContextHolderAwareRequestFilter.doFilter(SecurityContextHolderAwareRequestFilter.java:181) ~[spring-security-web-7.1.0.jar:7.1.0]
	at org.springframework.security.web.FilterChainProxy$VirtualFilterChain.doFilter(FilterChainProxy.java:385) ~[spring-security-web-7.1.0.jar:7.1.0]
	at org.springframework.security.web.savedrequest.RequestCacheAwareFilter.doFilter(RequestCacheAwareFilter.java:63) ~[spring-security-web-7.1.0.jar:7.1.0]
	at org.springframework.security.web.FilterChainProxy$VirtualFilterChain.doFilter(FilterChainProxy.java:385) ~[spring-security-web-7.1.0.jar:7.1.0]
	at org.springframework.security.web.authentication.AbstractAuthenticationProcessingFilter.doFilter(AbstractAuthenticationProcessingFilter.java:245) ~[spring-security-web-7.1.0.jar:7.1.0]
	at org.springframework.security.web.authentication.AbstractAuthenticationProcessingFilter.doFilter(AbstractAuthenticationProcessingFilter.java:239) ~[spring-security-web-7.1.0.jar:7.1.0]
	at org.springframework.security.web.FilterChainProxy$VirtualFilterChain.doFilter(FilterChainProxy.java:385) ~[spring-security-web-7.1.0.jar:7.1.0]
	at org.springframework.security.web.authentication.logout.LogoutFilter.doFilter(LogoutFilter.java:110) ~[spring-security-web-7.1.0.jar:7.1.0]
	at org.springframework.security.web.authentication.logout.LogoutFilter.doFilter(LogoutFilter.java:96) ~[spring-security-web-7.1.0.jar:7.1.0]
	at org.springframework.security.web.FilterChainProxy$VirtualFilterChain.doFilter(FilterChainProxy.java:385) ~[spring-security-web-7.1.0.jar:7.1.0]
	at org.springframework.security.web.csrf.CsrfFilter.doFilterInternal(CsrfFilter.java:118) ~[spring-security-web-7.1.0.jar:7.1.0]
	at org.springframework.web.filter.OncePerRequestFilter.doFilter(OncePerRequestFilter.java:116) ~[spring-web-7.0.8.jar:7.0.8]
	at org.springframework.security.web.FilterChainProxy$VirtualFilterChain.doFilter(FilterChainProxy.java:385) ~[spring-security-web-7.1.0.jar:7.1.0]
	at org.springframework.security.web.header.HeaderWriterFilter.doHeadersAfter(HeaderWriterFilter.java:90) ~[spring-security-web-7.1.0.jar:7.1.0]
	at org.springframework.security.web.header.HeaderWriterFilter.doFilterInternal(HeaderWriterFilter.java:75) ~[spring-security-web-7.1.0.jar:7.1.0]
	at org.springframework.web.filter.OncePerRequestFilter.doFilter(OncePerRequestFilter.java:116) ~[spring-web-7.0.8.jar:7.0.8]
	at org.springframework.security.web.FilterChainProxy$VirtualFilterChain.doFilter(FilterChainProxy.java:385) ~[spring-security-web-7.1.0.jar:7.1.0]
	at org.springframework.security.web.context.SecurityContextHolderFilter.doFilter(SecurityContextHolderFilter.java:82) ~[spring-security-web-7.1.0.jar:7.1.0]
	at org.springframework.security.web.context.SecurityContextHolderFilter.doFilter(SecurityContextHolderFilter.java:69) ~[spring-security-web-7.1.0.jar:7.1.0]
	at org.springframework.security.web.FilterChainProxy$VirtualFilterChain.doFilter(FilterChainProxy.java:385) ~[spring-security-web-7.1.0.jar:7.1.0]
	at org.springframework.security.web.context.request.async.WebAsyncManagerIntegrationFilter.doFilterInternal(WebAsyncManagerIntegrationFilter.java:62) ~[spring-security-web-7.1.0.jar:7.1.0]
	at org.springframework.web.filter.OncePerRequestFilter.doFilter(OncePerRequestFilter.java:116) ~[spring-web-7.0.8.jar:7.0.8]
	at org.springframework.security.web.FilterChainProxy$VirtualFilterChain.doFilter(FilterChainProxy.java:385) ~[spring-security-web-7.1.0.jar:7.1.0]
	at org.springframework.security.web.session.DisableEncodeUrlFilter.doFilterInternal(DisableEncodeUrlFilter.java:42) ~[spring-security-web-7.1.0.jar:7.1.0]
	at org.springframework.web.filter.OncePerRequestFilter.doFilter(OncePerRequestFilter.java:116) ~[spring-web-7.0.8.jar:7.0.8]
	at org.springframework.security.web.FilterChainProxy$VirtualFilterChain.doFilter(FilterChainProxy.java:385) ~[spring-security-web-7.1.0.jar:7.1.0]
	at org.springframework.security.web.FilterChainProxy.doFilterInternal(FilterChainProxy.java:237) ~[spring-security-web-7.1.0.jar:7.1.0]
	at org.springframework.security.web.FilterChainProxy.doFilter(FilterChainProxy.java:195) ~[spring-security-web-7.1.0.jar:7.1.0]
	at org.springframework.web.filter.CompositeFilter$VirtualFilterChain.doFilter(CompositeFilter.java:113) ~[spring-web-7.0.8.jar:7.0.8]
	at org.springframework.web.filter.ServletRequestPathFilter.doFilter(ServletRequestPathFilter.java:52) ~[spring-web-7.0.8.jar:7.0.8]
	at org.springframework.web.filter.CompositeFilter$VirtualFilterChain.doFilter(CompositeFilter.java:113) ~[spring-web-7.0.8.jar:7.0.8]
	at org.springframework.web.filter.CompositeFilter.doFilter(CompositeFilter.java:74) ~[spring-web-7.0.8.jar:7.0.8]
	at org.springframework.security.config.annotation.web.configuration.WebSecurityConfiguration$CompositeFilterChainProxy.doFilter(WebSecurityConfiguration.java:317) ~[spring-security-config-7.1.0.jar:7.1.0]
	at org.springframework.web.filter.DelegatingFilterProxy.invokeDelegate(DelegatingFilterProxy.java:355) ~[spring-web-7.0.8.jar:7.0.8]
	at org.springframework.web.filter.DelegatingFilterProxy.doFilter(DelegatingFilterProxy.java:272) ~[spring-web-7.0.8.jar:7.0.8]
	at org.apache.catalina.core.ApplicationFilterChain.doFilter(ApplicationFilterChain.java:107) ~[tomcat-embed-core-11.0.22.jar:11.0.22]
	at org.springframework.web.filter.RequestContextFilter.doFilterInternal(RequestContextFilter.java:100) ~[spring-web-7.0.8.jar:7.0.8]
	at org.springframework.web.filter.OncePerRequestFilter.doFilter(OncePerRequestFilter.java:116) ~[spring-web-7.0.8.jar:7.0.8]
	at org.apache.catalina.core.ApplicationFilterChain.doFilter(ApplicationFilterChain.java:107) ~[tomcat-embed-core-11.0.22.jar:11.0.22]
	at org.springframework.web.filter.FormContentFilter.doFilterInternal(FormContentFilter.java:93) ~[spring-web-7.0.8.jar:7.0.8]
	at org.springframework.web.filter.OncePerRequestFilter.doFilter(OncePerRequestFilter.java:116) ~[spring-web-7.0.8.jar:7.0.8]
	at org.apache.catalina.core.ApplicationFilterChain.doFilter(ApplicationFilterChain.java:107) ~[tomcat-embed-core-11.0.22.jar:11.0.22]
	at org.springframework.web.filter.CharacterEncodingFilter.doFilterInternal(CharacterEncodingFilter.java:199) ~[spring-web-7.0.8.jar:7.0.8]
	at org.springframework.web.filter.OncePerRequestFilter.doFilter(OncePerRequestFilter.java:116) ~[spring-web-7.0.8.jar:7.0.8]
	at org.apache.catalina.core.ApplicationFilterChain.doFilter(ApplicationFilterChain.java:107) ~[tomcat-embed-core-11.0.22.jar:11.0.22]
	at org.apache.catalina.core.StandardWrapperValve.invoke(StandardWrapperValve.java:165) ~[tomcat-embed-core-11.0.22.jar:11.0.22]
	at org.apache.catalina.core.StandardContextValve.invoke(StandardContextValve.java:77) ~[tomcat-embed-core-11.0.22.jar:11.0.22]
	at org.apache.catalina.authenticator.AuthenticatorBase.invoke(AuthenticatorBase.java:492) ~[tomcat-embed-core-11.0.22.jar:11.0.22]
	at org.apache.catalina.core.StandardHostValve.invoke(StandardHostValve.java:113) ~[tomcat-embed-core-11.0.22.jar:11.0.22]
	at org.apache.catalina.valves.ErrorReportValve.invoke(ErrorReportValve.java:83) ~[tomcat-embed-core-11.0.22.jar:11.0.22]
	at org.apache.catalina.core.StandardEngineValve.invoke(StandardEngineValve.java:72) ~[tomcat-embed-core-11.0.22.jar:11.0.22]
	at org.apache.catalina.connector.CoyoteAdapter.service(CoyoteAdapter.java:341) ~[tomcat-embed-core-11.0.22.jar:11.0.22]
	at org.apache.coyote.http11.Http11Processor.service(Http11Processor.java:397) ~[tomcat-embed-core-11.0.22.jar:11.0.22]
	at org.apache.coyote.AbstractProcessorLight.process(AbstractProcessorLight.java:63) ~[tomcat-embed-core-11.0.22.jar:11.0.22]
	at org.apache.coyote.AbstractProtocol$ConnectionHandler.process(AbstractProtocol.java:1272) ~[tomcat-embed-core-11.0.22.jar:11.0.22]
	at org.apache.tomcat.util.net.NioEndpoint$SocketProcessor.doRun(NioEndpoint.java:1801) ~[tomcat-embed-core-11.0.22.jar:11.0.22]
	at org.apache.tomcat.util.net.SocketProcessorBase.run(SocketProcessorBase.java:52) ~[tomcat-embed-core-11.0.22.jar:11.0.22]
	at org.apache.tomcat.util.threads.ThreadPoolExecutor.runWorker(ThreadPoolExecutor.java:946) ~[tomcat-embed-core-11.0.22.jar:11.0.22]
	at org.apache.tomcat.util.threads.ThreadPoolExecutor$Worker.run(ThreadPoolExecutor.java:480) ~[tomcat-embed-core-11.0.22.jar:11.0.22]
	at org.apache.tomcat.util.threads.TaskThread$WrappingRunnable.run(TaskThread.java:57) ~[tomcat-embed-core-11.0.22.jar:11.0.22]
	at java.base/java.lang.Thread.run(Unknown Source) ~[na:na]

2026-08-24T19:46:12.783+02:00 DEBUG 12884 --- [itineria] [http-nio-8080-exec-10] o.s.s.w.a.AnonymousAuthenticationFilter  : Set SecurityContextHolder to anonymous SecurityContext
2026-08-24T19:46:12.783+02:00 ERROR 12884 --- [itineria] [http-nio-8080-exec-10] o.a.c.c.C.[.[.[/].[dispatcherServlet]    : Servlet.service() for servlet [dispatcherServlet] in context with path [] threw exception [Request processing failed: org.thymeleaf.exceptions.TemplateInputException: Error resolving template [ristoranti/lista], template might not exist or might not be accessible by any of the configured Template Resolvers] with root cause

org.thymeleaf.exceptions.TemplateInputException: Error resolving template [ristoranti/lista], template might not exist or might not be accessible by any of the configured Template Resolvers
	at org.thymeleaf.engine.TemplateManager.resolveTemplate(TemplateManager.java:869) ~[thymeleaf-3.1.5.RELEASE.jar:3.1.5.RELEASE]
	at org.thymeleaf.engine.TemplateManager.parseAndProcess(TemplateManager.java:607) ~[thymeleaf-3.1.5.RELEASE.jar:3.1.5.RELEASE]
	at org.thymeleaf.TemplateEngine.process(TemplateEngine.java:1103) ~[thymeleaf-3.1.5.RELEASE.jar:3.1.5.RELEASE]
	at org.thymeleaf.TemplateEngine.process(TemplateEngine.java:1077) ~[thymeleaf-3.1.5.RELEASE.jar:3.1.5.RELEASE]
	at org.thymeleaf.spring6.view.ThymeleafView.renderFragment(ThymeleafView.java:374) ~[thymeleaf-spring6-3.1.5.RELEASE.jar:3.1.5.RELEASE]
	at org.thymeleaf.spring6.view.ThymeleafView.render(ThymeleafView.java:193) ~[thymeleaf-spring6-3.1.5.RELEASE.jar:3.1.5.RELEASE]
	at org.springframework.web.servlet.DispatcherServlet.render(DispatcherServlet.java:1305) ~[spring-webmvc-7.0.8.jar:7.0.8]
	at org.springframework.web.servlet.DispatcherServlet.processDispatchResult(DispatcherServlet.java:1042) ~[spring-webmvc-7.0.8.jar:7.0.8]
	at org.springframework.web.servlet.DispatcherServlet.doDispatch(DispatcherServlet.java:980) ~[spring-webmvc-7.0.8.jar:7.0.8]
	at org.springframework.web.servlet.DispatcherServlet.doService(DispatcherServlet.java:866) ~[spring-webmvc-7.0.8.jar:7.0.8]
	at org.springframework.web.servlet.FrameworkServlet.processRequest(FrameworkServlet.java:1000) ~[spring-webmvc-7.0.8.jar:7.0.8]
	at org.springframework.web.servlet.FrameworkServlet.doGet(FrameworkServlet.java:892) ~[spring-webmvc-7.0.8.jar:7.0.8]
	at jakarta.servlet.http.HttpServlet.service(HttpServlet.java:622) ~[tomcat-embed-core-11.0.22.jar:6.1]
	at org.springframework.web.servlet.FrameworkServlet.service(FrameworkServlet.java:874) ~[spring-webmvc-7.0.8.jar:7.0.8]
	at jakarta.servlet.http.HttpServlet.service(HttpServlet.java:710) ~[tomcat-embed-core-11.0.22.jar:6.1]
	at org.apache.catalina.core.ApplicationFilterChain.doFilter(ApplicationFilterChain.java:128) ~[tomcat-embed-core-11.0.22.jar:11.0.22]
	at org.apache.tomcat.websocket.server.WsFilter.doFilter(WsFilter.java:53) ~[tomcat-embed-websocket-11.0.22.jar:11.0.22]
	at org.apache.catalina.core.ApplicationFilterChain.doFilter(ApplicationFilterChain.java:107) ~[tomcat-embed-core-11.0.22.jar:11.0.22]
	at org.springframework.web.filter.CompositeFilter$VirtualFilterChain.doFilter(CompositeFilter.java:108) ~[spring-web-7.0.8.jar:7.0.8]
	at org.springframework.security.web.FilterChainProxy.lambda$doFilterInternal$2(FilterChainProxy.java:235) ~[spring-security-web-7.1.0.jar:7.1.0]
	at org.springframework.security.web.FilterChainProxy$VirtualFilterChain.doFilter(FilterChainProxy.java:376) ~[spring-security-web-7.1.0.jar:7.1.0]
	at org.springframework.security.web.access.intercept.AuthorizationFilter.doFilter(AuthorizationFilter.java:101) ~[spring-security-web-7.1.0.jar:7.1.0]
	at org.springframework.security.web.FilterChainProxy$VirtualFilterChain.doFilter(FilterChainProxy.java:385) ~[spring-security-web-7.1.0.jar:7.1.0]
	at org.springframework.security.web.access.ExceptionTranslationFilter.doFilter(ExceptionTranslationFilter.java:126) ~[spring-security-web-7.1.0.jar:7.1.0]
	at org.springframework.security.web.access.ExceptionTranslationFilter.doFilter(ExceptionTranslationFilter.java:120) ~[spring-security-web-7.1.0.jar:7.1.0]
	at org.springframework.security.web.FilterChainProxy$VirtualFilterChain.doFilter(FilterChainProxy.java:385) ~[spring-security-web-7.1.0.jar:7.1.0]
	at org.springframework.security.web.authentication.AnonymousAuthenticationFilter.doFilter(AnonymousAuthenticationFilter.java:100) ~[spring-security-web-7.1.0.jar:7.1.0]
	at org.springframework.security.web.FilterChainProxy$VirtualFilterChain.doFilter(FilterChainProxy.java:385) ~[spring-security-web-7.1.0.jar:7.1.0]
	at org.springframework.security.web.servletapi.SecurityContextHolderAwareRequestFilter.doFilter(SecurityContextHolderAwareRequestFilter.java:181) ~[spring-security-web-7.1.0.jar:7.1.0]
	at org.springframework.security.web.FilterChainProxy$VirtualFilterChain.doFilter(FilterChainProxy.java:385) ~[spring-security-web-7.1.0.jar:7.1.0]
	at org.springframework.security.web.savedrequest.RequestCacheAwareFilter.doFilter(RequestCacheAwareFilter.java:63) ~[spring-security-web-7.1.0.jar:7.1.0]
	at org.springframework.security.web.FilterChainProxy$VirtualFilterChain.doFilter(FilterChainProxy.java:385) ~[spring-security-web-7.1.0.jar:7.1.0]
	at org.springframework.security.web.authentication.AbstractAuthenticationProcessingFilter.doFilter(AbstractAuthenticationProcessingFilter.java:245) ~[spring-security-web-7.1.0.jar:7.1.0]
	at org.springframework.security.web.authentication.AbstractAuthenticationProcessingFilter.doFilter(AbstractAuthenticationProcessingFilter.java:239) ~[spring-security-web-7.1.0.jar:7.1.0]
	at org.springframework.security.web.FilterChainProxy$VirtualFilterChain.doFilter(FilterChainProxy.java:385) ~[spring-security-web-7.1.0.jar:7.1.0]
	at org.springframework.security.web.authentication.logout.LogoutFilter.doFilter(LogoutFilter.java:110) ~[spring-security-web-7.1.0.jar:7.1.0]
	at org.springframework.security.web.authentication.logout.LogoutFilter.doFilter(LogoutFilter.java:96) ~[spring-security-web-7.1.0.jar:7.1.0]
	at org.springframework.security.web.FilterChainProxy$VirtualFilterChain.doFilter(FilterChainProxy.java:385) ~[spring-security-web-7.1.0.jar:7.1.0]
	at org.springframework.security.web.csrf.CsrfFilter.doFilterInternal(CsrfFilter.java:118) ~[spring-security-web-7.1.0.jar:7.1.0]
	at org.springframework.web.filter.OncePerRequestFilter.doFilter(OncePerRequestFilter.java:116) ~[spring-web-7.0.8.jar:7.0.8]
	at org.springframework.security.web.FilterChainProxy$VirtualFilterChain.doFilter(FilterChainProxy.java:385) ~[spring-security-web-7.1.0.jar:7.1.0]
	at org.springframework.security.web.header.HeaderWriterFilter.doHeadersAfter(HeaderWriterFilter.java:90) ~[spring-security-web-7.1.0.jar:7.1.0]
	at org.springframework.security.web.header.HeaderWriterFilter.doFilterInternal(HeaderWriterFilter.java:75) ~[spring-security-web-7.1.0.jar:7.1.0]
	at org.springframework.web.filter.OncePerRequestFilter.doFilter(OncePerRequestFilter.java:116) ~[spring-web-7.0.8.jar:7.0.8]
	at org.springframework.security.web.FilterChainProxy$VirtualFilterChain.doFilter(FilterChainProxy.java:385) ~[spring-security-web-7.1.0.jar:7.1.0]
	at org.springframework.security.web.context.SecurityContextHolderFilter.doFilter(SecurityContextHolderFilter.java:82) ~[spring-security-web-7.1.0.jar:7.1.0]
	at org.springframework.security.web.context.SecurityContextHolderFilter.doFilter(SecurityContextHolderFilter.java:69) ~[spring-security-web-7.1.0.jar:7.1.0]
	at org.springframework.security.web.FilterChainProxy$VirtualFilterChain.doFilter(FilterChainProxy.java:385) ~[spring-security-web-7.1.0.jar:7.1.0]
	at org.springframework.security.web.context.request.async.WebAsyncManagerIntegrationFilter.doFilterInternal(WebAsyncManagerIntegrationFilter.java:62) ~[spring-security-web-7.1.0.jar:7.1.0]
	at org.springframework.web.filter.OncePerRequestFilter.doFilter(OncePerRequestFilter.java:116) ~[spring-web-7.0.8.jar:7.0.8]
	at org.springframework.security.web.FilterChainProxy$VirtualFilterChain.doFilter(FilterChainProxy.java:385) ~[spring-security-web-7.1.0.jar:7.1.0]
	at org.springframework.security.web.session.DisableEncodeUrlFilter.doFilterInternal(DisableEncodeUrlFilter.java:42) ~[spring-security-web-7.1.0.jar:7.1.0]
	at org.springframework.web.filter.OncePerRequestFilter.doFilter(OncePerRequestFilter.java:116) ~[spring-web-7.0.8.jar:7.0.8]
	at org.springframework.security.web.FilterChainProxy$VirtualFilterChain.doFilter(FilterChainProxy.java:385) ~[spring-security-web-7.1.0.jar:7.1.0]
	at org.springframework.security.web.FilterChainProxy.doFilterInternal(FilterChainProxy.java:237) ~[spring-security-web-7.1.0.jar:7.1.0]
	at org.springframework.security.web.FilterChainProxy.doFilter(FilterChainProxy.java:195) ~[spring-security-web-7.1.0.jar:7.1.0]
	at org.springframework.web.filter.CompositeFilter$VirtualFilterChain.doFilter(CompositeFilter.java:113) ~[spring-web-7.0.8.jar:7.0.8]
	at org.springframework.web.filter.ServletRequestPathFilter.doFilter(ServletRequestPathFilter.java:52) ~[spring-web-7.0.8.jar:7.0.8]
	at org.springframework.web.filter.CompositeFilter$VirtualFilterChain.doFilter(CompositeFilter.java:113) ~[spring-web-7.0.8.jar:7.0.8]
	at org.springframework.web.filter.CompositeFilter.doFilter(CompositeFilter.java:74) ~[spring-web-7.0.8.jar:7.0.8]
	at org.springframework.security.config.annotation.web.configuration.WebSecurityConfiguration$CompositeFilterChainProxy.doFilter(WebSecurityConfiguration.java:317) ~[spring-security-config-7.1.0.jar:7.1.0]
	at org.springframework.web.filter.DelegatingFilterProxy.invokeDelegate(DelegatingFilterProxy.java:355) ~[spring-web-7.0.8.jar:7.0.8]
	at org.springframework.web.filter.DelegatingFilterProxy.doFilter(DelegatingFilterProxy.java:272) ~[spring-web-7.0.8.jar:7.0.8]
	at org.apache.catalina.core.ApplicationFilterChain.doFilter(ApplicationFilterChain.java:107) ~[tomcat-embed-core-11.0.22.jar:11.0.22]
	at org.springframework.web.filter.RequestContextFilter.doFilterInternal(RequestContextFilter.java:100) ~[spring-web-7.0.8.jar:7.0.8]
	at org.springframework.web.filter.OncePerRequestFilter.doFilter(OncePerRequestFilter.java:116) ~[spring-web-7.0.8.jar:7.0.8]
	at org.apache.catalina.core.ApplicationFilterChain.doFilter(ApplicationFilterChain.java:107) ~[tomcat-embed-core-11.0.22.jar:11.0.22]
	at org.springframework.web.filter.FormContentFilter.doFilterInternal(FormContentFilter.java:93) ~[spring-web-7.0.8.jar:7.0.8]
	at org.springframework.web.filter.OncePerRequestFilter.doFilter(OncePerRequestFilter.java:116) ~[spring-web-7.0.8.jar:7.0.8]
	at org.apache.catalina.core.ApplicationFilterChain.doFilter(ApplicationFilterChain.java:107) ~[tomcat-embed-core-11.0.22.jar:11.0.22]
	at org.springframework.web.filter.CharacterEncodingFilter.doFilterInternal(CharacterEncodingFilter.java:199) ~[spring-web-7.0.8.jar:7.0.8]
	at org.springframework.web.filter.OncePerRequestFilter.doFilter(OncePerRequestFilter.java:116) ~[spring-web-7.0.8.jar:7.0.8]
	at org.apache.catalina.core.ApplicationFilterChain.doFilter(ApplicationFilterChain.java:107) ~[tomcat-embed-core-11.0.22.jar:11.0.22]
	at org.apache.catalina.core.StandardWrapperValve.invoke(StandardWrapperValve.java:165) ~[tomcat-embed-core-11.0.22.jar:11.0.22]
	at org.apache.catalina.core.StandardContextValve.invoke(StandardContextValve.java:77) ~[tomcat-embed-core-11.0.22.jar:11.0.22]
	at org.apache.catalina.authenticator.AuthenticatorBase.invoke(AuthenticatorBase.java:492) ~[tomcat-embed-core-11.0.22.jar:11.0.22]
	at org.apache.catalina.core.StandardHostValve.invoke(StandardHostValve.java:113) ~[tomcat-embed-core-11.0.22.jar:11.0.22]
	at org.apache.catalina.valves.ErrorReportValve.invoke(ErrorReportValve.java:83) ~[tomcat-embed-core-11.0.22.jar:11.0.22]
	at org.apache.catalina.core.StandardEngineValve.invoke(StandardEngineValve.java:72) ~[tomcat-embed-core-11.0.22.jar:11.0.22]
	at org.apache.catalina.connector.CoyoteAdapter.service(CoyoteAdapter.java:341) ~[tomcat-embed-core-11.0.22.jar:11.0.22]
	at org.apache.coyote.http11.Http11Processor.service(Http11Processor.java:397) ~[tomcat-embed-core-11.0.22.jar:11.0.22]
	at org.apache.coyote.AbstractProcessorLight.process(AbstractProcessorLight.java:63) ~[tomcat-embed-core-11.0.22.jar:11.0.22]
	at org.apache.coyote.AbstractProtocol$ConnectionHandler.process(AbstractProtocol.java:1272) ~[tomcat-embed-core-11.0.22.jar:11.0.22]
	at org.apache.tomcat.util.net.NioEndpoint$SocketProcessor.doRun(NioEndpoint.java:1801) ~[tomcat-embed-core-11.0.22.jar:11.0.22]
	at org.apache.tomcat.util.net.SocketProcessorBase.run(SocketProcessorBase.java:52) ~[tomcat-embed-core-11.0.22.jar:11.0.22]
	at org.apache.tomcat.util.threads.ThreadPoolExecutor.runWorker(ThreadPoolExecutor.java:946) ~[tomcat-embed-core-11.0.22.jar:11.0.22]
	at org.apache.tomcat.util.threads.ThreadPoolExecutor$Worker.run(ThreadPoolExecutor.java:480) ~[tomcat-embed-core-11.0.22.jar:11.0.22]
	at org.apache.tomcat.util.threads.TaskThread$WrappingRunnable.run(TaskThread.java:57) ~[tomcat-embed-core-11.0.22.jar:11.0.22]
	at java.base/java.lang.Thread.run(Unknown Source) ~[na:na]

2026-08-24T19:46:12.792+02:00 DEBUG 12884 --- [itineria] [http-nio-8080-exec-10] o.s.security.web.FilterChainProxy        : Securing GET /error
2026-08-24T19:46:12.792+02:00 DEBUG 12884 --- [itineria] [http-nio-8080-exec-10] o.s.security.web.FilterChainProxy        : Secured GET /error
2026-08-24T19:46:12.802+02:00 DEBUG 12884 --- [itineria] [http-nio-8080-exec-10] o.s.s.w.a.AnonymousAuthenticationFilter  : Set SecurityContextHolder to anonymous SecurityContext
2026-08-24T19:52:52.151+02:00  INFO 25032 --- [itineria] [restartedMain] c.q.itineria.ItineriaApplication         : Starting ItineriaApplication using Java 21.0.11 with PID 25032 (D:\Sette Maria Agnese Computer\VisualStudioCode\itineria\target\classes started by sette in D:\Sette Maria Agnese Computer\VisualStudioCode\itineria)
2026-08-24T19:52:52.156+02:00  INFO 25032 --- [itineria] [restartedMain] c.q.itineria.ItineriaApplication         : No active profile set, falling back to 1 default profile: "default"
2026-08-24T19:52:52.223+02:00  INFO 25032 --- [itineria] [restartedMain] .e.DevToolsPropertyDefaultsPostProcessor : Devtools property defaults active! Set 'spring.devtools.add-properties' to 'false' to disable
2026-08-24T19:52:52.225+02:00  INFO 25032 --- [itineria] [restartedMain] .e.DevToolsPropertyDefaultsPostProcessor : For additional web related logging consider setting the 'logging.level.web' property to 'DEBUG'
2026-08-24T19:52:53.088+02:00  INFO 25032 --- [itineria] [restartedMain] .s.d.r.c.RepositoryConfigurationDelegate : Bootstrapping Spring Data JPA repositories in DEFAULT mode.
2026-08-24T19:52:53.205+02:00  INFO 25032 --- [itineria] [restartedMain] .s.d.r.c.RepositoryConfigurationDelegate : Finished Spring Data repository scanning in 101 ms. Found 12 JPA repository interfaces.
2026-08-24T19:52:54.025+02:00  INFO 25032 --- [itineria] [restartedMain] o.s.boot.tomcat.TomcatWebServer          : Tomcat initialized with port 8080 (http)
2026-08-24T19:52:54.053+02:00  INFO 25032 --- [itineria] [restartedMain] o.apache.catalina.core.StandardService   : Starting service [Tomcat]
2026-08-24T19:52:54.053+02:00  INFO 25032 --- [itineria] [restartedMain] o.apache.catalina.core.StandardEngine    : Starting Servlet engine: [Apache Tomcat/11.0.22]
2026-08-24T19:52:54.108+02:00  INFO 25032 --- [itineria] [restartedMain] b.w.c.s.WebApplicationContextInitializer : Root WebApplicationContext: initialization completed in 1882 ms
2026-08-24T19:52:54.385+02:00  INFO 25032 --- [itineria] [restartedMain] com.zaxxer.hikari.HikariDataSource       : HikariPool-1 - Starting...
2026-08-24T19:52:54.555+02:00  INFO 25032 --- [itineria] [restartedMain] com.zaxxer.hikari.pool.HikariPool        : HikariPool-1 - Added connection com.mysql.cj.jdbc.ConnectionImpl@36ca1d9
2026-08-24T19:52:54.555+02:00  INFO 25032 --- [itineria] [restartedMain] com.zaxxer.hikari.HikariDataSource       : HikariPool-1 - Start completed.
2026-08-24T19:52:54.609+02:00  INFO 25032 --- [itineria] [restartedMain] org.flywaydb.core.FlywayExecutor         : Database: jdbc:mysql://localhost:3306/itineria?useSSL=false&serverTimezone=UTC&allowPublicKeyRetrieval=true (MySQL 8.0)
2026-08-24T19:52:54.682+02:00  INFO 25032 --- [itineria] [restartedMain] o.f.core.internal.command.DbValidate     : Successfully validated 2 migrations (execution time 00:00.026s)
2026-08-24T19:52:54.698+02:00  INFO 25032 --- [itineria] [restartedMain] o.f.core.internal.command.DbMigrate      : Current version of schema `itineria`: 2
2026-08-24T19:52:54.701+02:00  INFO 25032 --- [itineria] [restartedMain] o.f.core.internal.command.DbMigrate      : Schema `itineria` is up to date. No migration necessary.
2026-08-24T19:52:54.875+02:00  INFO 25032 --- [itineria] [restartedMain] org.hibernate.orm.jpa                    : HHH008540: Processing PersistenceUnitInfo [name: default]
2026-08-24T19:52:54.962+02:00  INFO 25032 --- [itineria] [restartedMain] org.hibernate.orm.core                   : HHH000001: Hibernate ORM core version 7.4.1.Final
2026-08-24T19:52:55.297+02:00  INFO 25032 --- [itineria] [restartedMain] o.s.o.j.p.SpringPersistenceUnitInfo      : No LoadTimeWeaver setup: ignoring JPA class transformer
2026-08-24T19:52:55.352+02:00  WARN 25032 --- [itineria] [restartedMain] org.hibernate.orm.deprecation            : HHH90000025: MySQLDialect does not need to be specified explicitly using 'hibernate.dialect' (remove the property setting and it will be selected by default)
2026-08-24T19:52:55.364+02:00  INFO 25032 --- [itineria] [restartedMain] org.hibernate.orm.connections.pooling    : HHH10001005: Database info:
	Database JDBC URL [jdbc:mysql://localhost:3306/itineria?useSSL=false&serverTimezone=UTC&allowPublicKeyRetrieval=true]
	Database driver: MySQL Connector/J
	Database dialect: MySQLDialect
	Database version: 8.0.46
	Default catalog/schema: itineria/undefined
	Autocommit mode: undefined/unknown
	Isolation level: REPEATABLE_READ [default REPEATABLE_READ]
	JDBC fetch size: none
	Pool: DataSourceConnectionProvider
	Minimum pool size: undefined/unknown
	Maximum pool size: undefined/unknown
2026-08-24T19:52:56.552+02:00  INFO 25032 --- [itineria] [restartedMain] org.hibernate.orm.core                   : HHH000489: No JTA platform available (set 'hibernate.transaction.jta.platform' to enable JTA platform integration)
2026-08-24T19:52:56.592+02:00  INFO 25032 --- [itineria] [restartedMain] j.LocalContainerEntityManagerFactoryBean : Initialized JPA EntityManagerFactory for persistence unit 'default'
2026-08-24T19:52:56.675+02:00  INFO 25032 --- [itineria] [restartedMain] o.s.d.j.r.query.QueryEnhancerFactories   : Hibernate is in classpath; If applicable, HQL parser will be used.
2026-08-24T19:52:57.788+02:00  WARN 25032 --- [itineria] [restartedMain] JpaBaseConfiguration$JpaWebConfiguration : spring.jpa.open-in-view is enabled by default. Therefore, database queries may be performed during view rendering. Explicitly configure spring.jpa.open-in-view to disable this warning
2026-08-24T19:52:57.895+02:00  INFO 25032 --- [itineria] [restartedMain] r$InitializeUserDetailsManagerConfigurer : Global AuthenticationManager configured with UserDetailsService bean with name customerUserDetailsService
2026-08-24T19:52:58.085+02:00 DEBUG 25032 --- [itineria] [restartedMain] o.s.s.web.DefaultSecurityFilterChain     : Will secure any request with filters: DisableEncodeUrlFilter, WebAsyncManagerIntegrationFilter, SecurityContextHolderFilter, HeaderWriterFilter, CsrfFilter, LogoutFilter, UsernamePasswordAuthenticationFilter, RequestCacheAwareFilter, SecurityContextHolderAwareRequestFilter, AnonymousAuthenticationFilter, ExceptionTranslationFilter, AuthorizationFilter
2026-08-24T19:52:58.135+02:00  INFO 25032 --- [itineria] [restartedMain] o.s.b.w.a.WelcomePageHandlerMapping      : Adding welcome page template: index
2026-08-24T19:52:58.545+02:00  INFO 25032 --- [itineria] [restartedMain] o.s.boot.tomcat.TomcatWebServer          : Tomcat started on port 8080 (http) with context path '/'
2026-08-24T19:52:58.555+02:00  INFO 25032 --- [itineria] [restartedMain] c.q.itineria.ItineriaApplication         : Started ItineriaApplication in 6.89 seconds (process running for 7.306)
2026-08-24T19:53:03.759+02:00  INFO 25032 --- [itineria] [http-nio-8080-exec-1] o.a.c.c.C.[Tomcat].[localhost].[/]       : Initializing Spring DispatcherServlet 'dispatcherServlet'
2026-08-24T19:53:03.761+02:00  INFO 25032 --- [itineria] [http-nio-8080-exec-1] o.s.web.servlet.DispatcherServlet        : Initializing Servlet 'dispatcherServlet'
2026-08-24T19:53:03.765+02:00  INFO 25032 --- [itineria] [http-nio-8080-exec-1] o.s.web.servlet.DispatcherServlet        : Completed initialization in 3 ms
2026-08-24T19:53:03.803+02:00 DEBUG 25032 --- [itineria] [http-nio-8080-exec-1] o.s.security.web.FilterChainProxy        : Securing GET /ristoranti
2026-08-24T19:53:03.835+02:00 DEBUG 25032 --- [itineria] [http-nio-8080-exec-1] o.s.security.web.FilterChainProxy        : Secured GET /ristoranti
2026-08-24T19:53:04.127+02:00 DEBUG 25032 --- [itineria] [http-nio-8080-exec-1] org.hibernate.SQL                        : 
    select
        r1_0.id,
        r1_1.accessibilita,
        r1_1.id_citta,
        r1_1.created_at,
        r1_1.descrizione,
        r1_1.email,
        r1_1.indirizzo,
        r1_1.link_sito,
        r1_1.id_manager,
        r1_1.nome,
        r1_1.numero_telefono,
        r1_1.sempre_aperto,
        r1_1.tipo,
        r1_1.updated_at,
        r1_1.version,
        r1_0.dog_friendly,
        r1_0.fascia_prezzo,
        r1_0.per_celiaci,
        r1_0.posti_esterni,
        r1_0.tipo_cucina 
    from
        ristoranti r1_0 
    join
        luoghi_interesse r1_1 
            on r1_0.id=r1_1.id 
    limit
        ?, ?
2026-08-24T19:53:04.131+02:00 TRACE 25032 --- [itineria] [http-nio-8080-exec-1] org.hibernate.orm.jdbc.bind              : binding parameter (1:INTEGER) <- [0]
2026-08-24T19:53:04.131+02:00 TRACE 25032 --- [itineria] [http-nio-8080-exec-1] org.hibernate.orm.jdbc.bind              : binding parameter (2:INTEGER) <- [20]
2026-08-24T19:53:04.215+02:00 DEBUG 25032 --- [itineria] [http-nio-8080-exec-1] org.hibernate.SQL                        : 
    select
        c1_0.id,
        c1_0.created_at,
        c1_0.descrizione,
        c1_0.nome,
        c1_0.regione,
        c1_0.updated_at,
        c1_0.version 
    from
        citta c1_0 
    where
        c1_0.id=?
2026-08-24T19:53:04.217+02:00 TRACE 25032 --- [itineria] [http-nio-8080-exec-1] org.hibernate.orm.jdbc.bind              : binding parameter (1:BIGINT) <- [1]
2026-08-24T19:53:04.325+02:00 DEBUG 25032 --- [itineria] [http-nio-8080-exec-1] org.hibernate.SQL                        : 
    select
        r1_0.id,
        r1_1.accessibilita,
        r1_1.id_citta,
        r1_1.created_at,
        r1_1.descrizione,
        r1_1.email,
        r1_1.indirizzo,
        r1_1.link_sito,
        r1_1.id_manager,
        r1_1.nome,
        r1_1.numero_telefono,
        r1_1.sempre_aperto,
        r1_1.tipo,
        r1_1.updated_at,
        r1_1.version,
        r1_0.dog_friendly,
        r1_0.fascia_prezzo,
        r1_0.per_celiaci,
        r1_0.posti_esterni,
        r1_0.tipo_cucina 
    from
        ristoranti r1_0 
    join
        luoghi_interesse r1_1 
            on r1_0.id=r1_1.id 
    where
        r1_0.dog_friendly=? 
    limit
        ?, ?
2026-08-24T19:53:04.335+02:00 TRACE 25032 --- [itineria] [http-nio-8080-exec-1] org.hibernate.orm.jdbc.bind              : binding parameter (1:BOOLEAN) <- [true]
2026-08-24T19:53:04.335+02:00 TRACE 25032 --- [itineria] [http-nio-8080-exec-1] org.hibernate.orm.jdbc.bind              : binding parameter (2:INTEGER) <- [0]
2026-08-24T19:53:04.335+02:00 TRACE 25032 --- [itineria] [http-nio-8080-exec-1] org.hibernate.orm.jdbc.bind              : binding parameter (3:INTEGER) <- [6]
2026-08-24T19:53:04.352+02:00 DEBUG 25032 --- [itineria] [http-nio-8080-exec-1] org.hibernate.SQL                        : 
    select
        r1_0.id,
        r1_1.accessibilita,
        r1_1.id_citta,
        r1_1.created_at,
        r1_1.descrizione,
        r1_1.email,
        r1_1.indirizzo,
        r1_1.link_sito,
        r1_1.id_manager,
        r1_1.nome,
        r1_1.numero_telefono,
        r1_1.sempre_aperto,
        r1_1.tipo,
        r1_1.updated_at,
        r1_1.version,
        r1_0.dog_friendly,
        r1_0.fascia_prezzo,
        r1_0.per_celiaci,
        r1_0.posti_esterni,
        r1_0.tipo_cucina 
    from
        ristoranti r1_0 
    join
        luoghi_interesse r1_1 
            on r1_0.id=r1_1.id 
    where
        r1_0.per_celiaci=? 
    limit
        ?, ?
2026-08-24T19:53:04.354+02:00 TRACE 25032 --- [itineria] [http-nio-8080-exec-1] org.hibernate.orm.jdbc.bind              : binding parameter (1:BOOLEAN) <- [true]
2026-08-24T19:53:04.355+02:00 TRACE 25032 --- [itineria] [http-nio-8080-exec-1] org.hibernate.orm.jdbc.bind              : binding parameter (2:INTEGER) <- [0]
2026-08-24T19:53:04.355+02:00 TRACE 25032 --- [itineria] [http-nio-8080-exec-1] org.hibernate.orm.jdbc.bind              : binding parameter (3:INTEGER) <- [6]
2026-08-24T19:53:04.376+02:00 DEBUG 25032 --- [itineria] [http-nio-8080-exec-1] org.hibernate.SQL                        : 
    select
        r1_0.id,
        r1_1.accessibilita,
        r1_1.id_citta,
        r1_1.created_at,
        r1_1.descrizione,
        r1_1.email,
        r1_1.indirizzo,
        r1_1.link_sito,
        r1_1.id_manager,
        r1_1.nome,
        r1_1.numero_telefono,
        r1_1.sempre_aperto,
        r1_1.tipo,
        r1_1.updated_at,
        r1_1.version,
        r1_0.dog_friendly,
        r1_0.fascia_prezzo,
        r1_0.per_celiaci,
        r1_0.posti_esterni,
        r1_0.tipo_cucina 
    from
        ristoranti r1_0 
    join
        luoghi_interesse r1_1 
            on r1_0.id=r1_1.id 
    where
        r1_0.posti_esterni=? 
    limit
        ?, ?
2026-08-24T19:53:04.380+02:00 TRACE 25032 --- [itineria] [http-nio-8080-exec-1] org.hibernate.orm.jdbc.bind              : binding parameter (1:BOOLEAN) <- [true]
2026-08-24T19:53:04.382+02:00 TRACE 25032 --- [itineria] [http-nio-8080-exec-1] org.hibernate.orm.jdbc.bind              : binding parameter (2:INTEGER) <- [0]
2026-08-24T19:53:04.382+02:00 TRACE 25032 --- [itineria] [http-nio-8080-exec-1] org.hibernate.orm.jdbc.bind              : binding parameter (3:INTEGER) <- [6]
2026-08-24T19:53:04.408+02:00 DEBUG 25032 --- [itineria] [http-nio-8080-exec-1] org.hibernate.SQL                        : 
    select
        r1_0.id,
        r1_1.accessibilita,
        r1_1.id_citta,
        r1_1.created_at,
        r1_1.descrizione,
        r1_1.email,
        r1_1.indirizzo,
        r1_1.link_sito,
        r1_1.id_manager,
        r1_1.nome,
        r1_1.numero_telefono,
        r1_1.sempre_aperto,
        r1_1.tipo,
        r1_1.updated_at,
        r1_1.version,
        r1_0.dog_friendly,
        r1_0.fascia_prezzo,
        r1_0.per_celiaci,
        r1_0.posti_esterni,
        r1_0.tipo_cucina 
    from
        ristoranti r1_0 
    join
        luoghi_interesse r1_1 
            on r1_0.id=r1_1.id 
    where
        r1_1.sempre_aperto=? 
    limit
        ?, ?
2026-08-24T19:53:04.411+02:00 TRACE 25032 --- [itineria] [http-nio-8080-exec-1] org.hibernate.orm.jdbc.bind              : binding parameter (1:BOOLEAN) <- [true]
2026-08-24T19:53:04.411+02:00 TRACE 25032 --- [itineria] [http-nio-8080-exec-1] org.hibernate.orm.jdbc.bind              : binding parameter (2:INTEGER) <- [0]
2026-08-24T19:53:04.411+02:00 TRACE 25032 --- [itineria] [http-nio-8080-exec-1] org.hibernate.orm.jdbc.bind              : binding parameter (3:INTEGER) <- [6]
2026-08-24T19:53:04.798+02:00 ERROR 25032 --- [itineria] [http-nio-8080-exec-1] org.thymeleaf.TemplateEngine             : [THYMELEAF][http-nio-8080-exec-1] Exception processing template "ristoranti/lista": Error resolving template [ristoranti/lista], template might not exist or might not be accessible by any of the configured Template Resolvers

org.thymeleaf.exceptions.TemplateInputException: Error resolving template [ristoranti/lista], template might not exist or might not be accessible by any of the configured Template Resolvers
	at org.thymeleaf.engine.TemplateManager.resolveTemplate(TemplateManager.java:869) ~[thymeleaf-3.1.5.RELEASE.jar:3.1.5.RELEASE]
	at org.thymeleaf.engine.TemplateManager.parseAndProcess(TemplateManager.java:607) ~[thymeleaf-3.1.5.RELEASE.jar:3.1.5.RELEASE]
	at org.thymeleaf.TemplateEngine.process(TemplateEngine.java:1103) ~[thymeleaf-3.1.5.RELEASE.jar:3.1.5.RELEASE]
	at org.thymeleaf.TemplateEngine.process(TemplateEngine.java:1077) ~[thymeleaf-3.1.5.RELEASE.jar:3.1.5.RELEASE]
	at org.thymeleaf.spring6.view.ThymeleafView.renderFragment(ThymeleafView.java:374) ~[thymeleaf-spring6-3.1.5.RELEASE.jar:3.1.5.RELEASE]
	at org.thymeleaf.spring6.view.ThymeleafView.render(ThymeleafView.java:193) ~[thymeleaf-spring6-3.1.5.RELEASE.jar:3.1.5.RELEASE]
	at org.springframework.web.servlet.DispatcherServlet.render(DispatcherServlet.java:1305) ~[spring-webmvc-7.0.8.jar:7.0.8]
	at org.springframework.web.servlet.DispatcherServlet.processDispatchResult(DispatcherServlet.java:1042) ~[spring-webmvc-7.0.8.jar:7.0.8]
	at org.springframework.web.servlet.DispatcherServlet.doDispatch(DispatcherServlet.java:980) ~[spring-webmvc-7.0.8.jar:7.0.8]
	at org.springframework.web.servlet.DispatcherServlet.doService(DispatcherServlet.java:866) ~[spring-webmvc-7.0.8.jar:7.0.8]
	at org.springframework.web.servlet.FrameworkServlet.processRequest(FrameworkServlet.java:1000) ~[spring-webmvc-7.0.8.jar:7.0.8]
	at org.springframework.web.servlet.FrameworkServlet.doGet(FrameworkServlet.java:892) ~[spring-webmvc-7.0.8.jar:7.0.8]
	at jakarta.servlet.http.HttpServlet.service(HttpServlet.java:622) ~[tomcat-embed-core-11.0.22.jar:6.1]
	at org.springframework.web.servlet.FrameworkServlet.service(FrameworkServlet.java:874) ~[spring-webmvc-7.0.8.jar:7.0.8]
	at jakarta.servlet.http.HttpServlet.service(HttpServlet.java:710) ~[tomcat-embed-core-11.0.22.jar:6.1]
	at org.apache.catalina.core.ApplicationFilterChain.doFilter(ApplicationFilterChain.java:128) ~[tomcat-embed-core-11.0.22.jar:11.0.22]
	at org.apache.tomcat.websocket.server.WsFilter.doFilter(WsFilter.java:53) ~[tomcat-embed-websocket-11.0.22.jar:11.0.22]
	at org.apache.catalina.core.ApplicationFilterChain.doFilter(ApplicationFilterChain.java:107) ~[tomcat-embed-core-11.0.22.jar:11.0.22]
	at org.springframework.web.filter.CompositeFilter$VirtualFilterChain.doFilter(CompositeFilter.java:108) ~[spring-web-7.0.8.jar:7.0.8]
	at org.springframework.security.web.FilterChainProxy.lambda$doFilterInternal$2(FilterChainProxy.java:235) ~[spring-security-web-7.1.0.jar:7.1.0]
	at org.springframework.security.web.FilterChainProxy$VirtualFilterChain.doFilter(FilterChainProxy.java:376) ~[spring-security-web-7.1.0.jar:7.1.0]
	at org.springframework.security.web.access.intercept.AuthorizationFilter.doFilter(AuthorizationFilter.java:101) ~[spring-security-web-7.1.0.jar:7.1.0]
	at org.springframework.security.web.FilterChainProxy$VirtualFilterChain.doFilter(FilterChainProxy.java:385) ~[spring-security-web-7.1.0.jar:7.1.0]
	at org.springframework.security.web.access.ExceptionTranslationFilter.doFilter(ExceptionTranslationFilter.java:126) ~[spring-security-web-7.1.0.jar:7.1.0]
	at org.springframework.security.web.access.ExceptionTranslationFilter.doFilter(ExceptionTranslationFilter.java:120) ~[spring-security-web-7.1.0.jar:7.1.0]
	at org.springframework.security.web.FilterChainProxy$VirtualFilterChain.doFilter(FilterChainProxy.java:385) ~[spring-security-web-7.1.0.jar:7.1.0]
	at org.springframework.security.web.authentication.AnonymousAuthenticationFilter.doFilter(AnonymousAuthenticationFilter.java:100) ~[spring-security-web-7.1.0.jar:7.1.0]
	at org.springframework.security.web.FilterChainProxy$VirtualFilterChain.doFilter(FilterChainProxy.java:385) ~[spring-security-web-7.1.0.jar:7.1.0]
	at org.springframework.security.web.servletapi.SecurityContextHolderAwareRequestFilter.doFilter(SecurityContextHolderAwareRequestFilter.java:181) ~[spring-security-web-7.1.0.jar:7.1.0]
	at org.springframework.security.web.FilterChainProxy$VirtualFilterChain.doFilter(FilterChainProxy.java:385) ~[spring-security-web-7.1.0.jar:7.1.0]
	at org.springframework.security.web.savedrequest.RequestCacheAwareFilter.doFilter(RequestCacheAwareFilter.java:63) ~[spring-security-web-7.1.0.jar:7.1.0]
	at org.springframework.security.web.FilterChainProxy$VirtualFilterChain.doFilter(FilterChainProxy.java:385) ~[spring-security-web-7.1.0.jar:7.1.0]
	at org.springframework.security.web.authentication.AbstractAuthenticationProcessingFilter.doFilter(AbstractAuthenticationProcessingFilter.java:245) ~[spring-security-web-7.1.0.jar:7.1.0]
	at org.springframework.security.web.authentication.AbstractAuthenticationProcessingFilter.doFilter(AbstractAuthenticationProcessingFilter.java:239) ~[spring-security-web-7.1.0.jar:7.1.0]
	at org.springframework.security.web.FilterChainProxy$VirtualFilterChain.doFilter(FilterChainProxy.java:385) ~[spring-security-web-7.1.0.jar:7.1.0]
	at org.springframework.security.web.authentication.logout.LogoutFilter.doFilter(LogoutFilter.java:110) ~[spring-security-web-7.1.0.jar:7.1.0]
	at org.springframework.security.web.authentication.logout.LogoutFilter.doFilter(LogoutFilter.java:96) ~[spring-security-web-7.1.0.jar:7.1.0]
	at org.springframework.security.web.FilterChainProxy$VirtualFilterChain.doFilter(FilterChainProxy.java:385) ~[spring-security-web-7.1.0.jar:7.1.0]
	at org.springframework.security.web.csrf.CsrfFilter.doFilterInternal(CsrfFilter.java:118) ~[spring-security-web-7.1.0.jar:7.1.0]
	at org.springframework.web.filter.OncePerRequestFilter.doFilter(OncePerRequestFilter.java:116) ~[spring-web-7.0.8.jar:7.0.8]
	at org.springframework.security.web.FilterChainProxy$VirtualFilterChain.doFilter(FilterChainProxy.java:385) ~[spring-security-web-7.1.0.jar:7.1.0]
	at org.springframework.security.web.header.HeaderWriterFilter.doHeadersAfter(HeaderWriterFilter.java:90) ~[spring-security-web-7.1.0.jar:7.1.0]
	at org.springframework.security.web.header.HeaderWriterFilter.doFilterInternal(HeaderWriterFilter.java:75) ~[spring-security-web-7.1.0.jar:7.1.0]
	at org.springframework.web.filter.OncePerRequestFilter.doFilter(OncePerRequestFilter.java:116) ~[spring-web-7.0.8.jar:7.0.8]
	at org.springframework.security.web.FilterChainProxy$VirtualFilterChain.doFilter(FilterChainProxy.java:385) ~[spring-security-web-7.1.0.jar:7.1.0]
	at org.springframework.security.web.context.SecurityContextHolderFilter.doFilter(SecurityContextHolderFilter.java:82) ~[spring-security-web-7.1.0.jar:7.1.0]
	at org.springframework.security.web.context.SecurityContextHolderFilter.doFilter(SecurityContextHolderFilter.java:69) ~[spring-security-web-7.1.0.jar:7.1.0]
	at org.springframework.security.web.FilterChainProxy$VirtualFilterChain.doFilter(FilterChainProxy.java:385) ~[spring-security-web-7.1.0.jar:7.1.0]
	at org.springframework.security.web.context.request.async.WebAsyncManagerIntegrationFilter.doFilterInternal(WebAsyncManagerIntegrationFilter.java:62) ~[spring-security-web-7.1.0.jar:7.1.0]
	at org.springframework.web.filter.OncePerRequestFilter.doFilter(OncePerRequestFilter.java:116) ~[spring-web-7.0.8.jar:7.0.8]
	at org.springframework.security.web.FilterChainProxy$VirtualFilterChain.doFilter(FilterChainProxy.java:385) ~[spring-security-web-7.1.0.jar:7.1.0]
	at org.springframework.security.web.session.DisableEncodeUrlFilter.doFilterInternal(DisableEncodeUrlFilter.java:42) ~[spring-security-web-7.1.0.jar:7.1.0]
	at org.springframework.web.filter.OncePerRequestFilter.doFilter(OncePerRequestFilter.java:116) ~[spring-web-7.0.8.jar:7.0.8]
	at org.springframework.security.web.FilterChainProxy$VirtualFilterChain.doFilter(FilterChainProxy.java:385) ~[spring-security-web-7.1.0.jar:7.1.0]
	at org.springframework.security.web.FilterChainProxy.doFilterInternal(FilterChainProxy.java:237) ~[spring-security-web-7.1.0.jar:7.1.0]
	at org.springframework.security.web.FilterChainProxy.doFilter(FilterChainProxy.java:195) ~[spring-security-web-7.1.0.jar:7.1.0]
	at org.springframework.web.filter.CompositeFilter$VirtualFilterChain.doFilter(CompositeFilter.java:113) ~[spring-web-7.0.8.jar:7.0.8]
	at org.springframework.web.filter.ServletRequestPathFilter.doFilter(ServletRequestPathFilter.java:52) ~[spring-web-7.0.8.jar:7.0.8]
	at org.springframework.web.filter.CompositeFilter$VirtualFilterChain.doFilter(CompositeFilter.java:113) ~[spring-web-7.0.8.jar:7.0.8]
	at org.springframework.web.filter.CompositeFilter.doFilter(CompositeFilter.java:74) ~[spring-web-7.0.8.jar:7.0.8]
	at org.springframework.security.config.annotation.web.configuration.WebSecurityConfiguration$CompositeFilterChainProxy.doFilter(WebSecurityConfiguration.java:317) ~[spring-security-config-7.1.0.jar:7.1.0]
	at org.springframework.web.filter.DelegatingFilterProxy.invokeDelegate(DelegatingFilterProxy.java:355) ~[spring-web-7.0.8.jar:7.0.8]
	at org.springframework.web.filter.DelegatingFilterProxy.doFilter(DelegatingFilterProxy.java:272) ~[spring-web-7.0.8.jar:7.0.8]
	at org.apache.catalina.core.ApplicationFilterChain.doFilter(ApplicationFilterChain.java:107) ~[tomcat-embed-core-11.0.22.jar:11.0.22]
	at org.springframework.web.filter.RequestContextFilter.doFilterInternal(RequestContextFilter.java:100) ~[spring-web-7.0.8.jar:7.0.8]
	at org.springframework.web.filter.OncePerRequestFilter.doFilter(OncePerRequestFilter.java:116) ~[spring-web-7.0.8.jar:7.0.8]
	at org.apache.catalina.core.ApplicationFilterChain.doFilter(ApplicationFilterChain.java:107) ~[tomcat-embed-core-11.0.22.jar:11.0.22]
	at org.springframework.web.filter.FormContentFilter.doFilterInternal(FormContentFilter.java:93) ~[spring-web-7.0.8.jar:7.0.8]
	at org.springframework.web.filter.OncePerRequestFilter.doFilter(OncePerRequestFilter.java:116) ~[spring-web-7.0.8.jar:7.0.8]
	at org.apache.catalina.core.ApplicationFilterChain.doFilter(ApplicationFilterChain.java:107) ~[tomcat-embed-core-11.0.22.jar:11.0.22]
	at org.springframework.web.filter.CharacterEncodingFilter.doFilterInternal(CharacterEncodingFilter.java:199) ~[spring-web-7.0.8.jar:7.0.8]
	at org.springframework.web.filter.OncePerRequestFilter.doFilter(OncePerRequestFilter.java:116) ~[spring-web-7.0.8.jar:7.0.8]
	at org.apache.catalina.core.ApplicationFilterChain.doFilter(ApplicationFilterChain.java:107) ~[tomcat-embed-core-11.0.22.jar:11.0.22]
	at org.apache.catalina.core.StandardWrapperValve.invoke(StandardWrapperValve.java:165) ~[tomcat-embed-core-11.0.22.jar:11.0.22]
	at org.apache.catalina.core.StandardContextValve.invoke(StandardContextValve.java:77) ~[tomcat-embed-core-11.0.22.jar:11.0.22]
	at org.apache.catalina.authenticator.AuthenticatorBase.invoke(AuthenticatorBase.java:492) ~[tomcat-embed-core-11.0.22.jar:11.0.22]
	at org.apache.catalina.core.StandardHostValve.invoke(StandardHostValve.java:113) ~[tomcat-embed-core-11.0.22.jar:11.0.22]
	at org.apache.catalina.valves.ErrorReportValve.invoke(ErrorReportValve.java:83) ~[tomcat-embed-core-11.0.22.jar:11.0.22]
	at org.apache.catalina.core.StandardEngineValve.invoke(StandardEngineValve.java:72) ~[tomcat-embed-core-11.0.22.jar:11.0.22]
	at org.apache.catalina.connector.CoyoteAdapter.service(CoyoteAdapter.java:341) ~[tomcat-embed-core-11.0.22.jar:11.0.22]
	at org.apache.coyote.http11.Http11Processor.service(Http11Processor.java:397) ~[tomcat-embed-core-11.0.22.jar:11.0.22]
	at org.apache.coyote.AbstractProcessorLight.process(AbstractProcessorLight.java:63) ~[tomcat-embed-core-11.0.22.jar:11.0.22]
	at org.apache.coyote.AbstractProtocol$ConnectionHandler.process(AbstractProtocol.java:1272) ~[tomcat-embed-core-11.0.22.jar:11.0.22]
	at org.apache.tomcat.util.net.NioEndpoint$SocketProcessor.doRun(NioEndpoint.java:1801) ~[tomcat-embed-core-11.0.22.jar:11.0.22]
	at org.apache.tomcat.util.net.SocketProcessorBase.run(SocketProcessorBase.java:52) ~[tomcat-embed-core-11.0.22.jar:11.0.22]
	at org.apache.tomcat.util.threads.ThreadPoolExecutor.runWorker(ThreadPoolExecutor.java:946) ~[tomcat-embed-core-11.0.22.jar:11.0.22]
	at org.apache.tomcat.util.threads.ThreadPoolExecutor$Worker.run(ThreadPoolExecutor.java:480) ~[tomcat-embed-core-11.0.22.jar:11.0.22]
	at org.apache.tomcat.util.threads.TaskThread$WrappingRunnable.run(TaskThread.java:57) ~[tomcat-embed-core-11.0.22.jar:11.0.22]
	at java.base/java.lang.Thread.run(Unknown Source) ~[na:na]

2026-08-24T19:53:04.910+02:00 DEBUG 25032 --- [itineria] [http-nio-8080-exec-1] o.s.s.w.a.AnonymousAuthenticationFilter  : Set SecurityContextHolder to anonymous SecurityContext
2026-08-24T19:53:04.915+02:00 ERROR 25032 --- [itineria] [http-nio-8080-exec-1] o.a.c.c.C.[.[.[/].[dispatcherServlet]    : Servlet.service() for servlet [dispatcherServlet] in context with path [] threw exception [Request processing failed: org.thymeleaf.exceptions.TemplateInputException: Error resolving template [ristoranti/lista], template might not exist or might not be accessible by any of the configured Template Resolvers] with root cause

org.thymeleaf.exceptions.TemplateInputException: Error resolving template [ristoranti/lista], template might not exist or might not be accessible by any of the configured Template Resolvers
	at org.thymeleaf.engine.TemplateManager.resolveTemplate(TemplateManager.java:869) ~[thymeleaf-3.1.5.RELEASE.jar:3.1.5.RELEASE]
	at org.thymeleaf.engine.TemplateManager.parseAndProcess(TemplateManager.java:607) ~[thymeleaf-3.1.5.RELEASE.jar:3.1.5.RELEASE]
	at org.thymeleaf.TemplateEngine.process(TemplateEngine.java:1103) ~[thymeleaf-3.1.5.RELEASE.jar:3.1.5.RELEASE]
	at org.thymeleaf.TemplateEngine.process(TemplateEngine.java:1077) ~[thymeleaf-3.1.5.RELEASE.jar:3.1.5.RELEASE]
	at org.thymeleaf.spring6.view.ThymeleafView.renderFragment(ThymeleafView.java:374) ~[thymeleaf-spring6-3.1.5.RELEASE.jar:3.1.5.RELEASE]
	at org.thymeleaf.spring6.view.ThymeleafView.render(ThymeleafView.java:193) ~[thymeleaf-spring6-3.1.5.RELEASE.jar:3.1.5.RELEASE]
	at org.springframework.web.servlet.DispatcherServlet.render(DispatcherServlet.java:1305) ~[spring-webmvc-7.0.8.jar:7.0.8]
	at org.springframework.web.servlet.DispatcherServlet.processDispatchResult(DispatcherServlet.java:1042) ~[spring-webmvc-7.0.8.jar:7.0.8]
	at org.springframework.web.servlet.DispatcherServlet.doDispatch(DispatcherServlet.java:980) ~[spring-webmvc-7.0.8.jar:7.0.8]
	at org.springframework.web.servlet.DispatcherServlet.doService(DispatcherServlet.java:866) ~[spring-webmvc-7.0.8.jar:7.0.8]
	at org.springframework.web.servlet.FrameworkServlet.processRequest(FrameworkServlet.java:1000) ~[spring-webmvc-7.0.8.jar:7.0.8]
	at org.springframework.web.servlet.FrameworkServlet.doGet(FrameworkServlet.java:892) ~[spring-webmvc-7.0.8.jar:7.0.8]
	at jakarta.servlet.http.HttpServlet.service(HttpServlet.java:622) ~[tomcat-embed-core-11.0.22.jar:6.1]
	at org.springframework.web.servlet.FrameworkServlet.service(FrameworkServlet.java:874) ~[spring-webmvc-7.0.8.jar:7.0.8]
	at jakarta.servlet.http.HttpServlet.service(HttpServlet.java:710) ~[tomcat-embed-core-11.0.22.jar:6.1]
	at org.apache.catalina.core.ApplicationFilterChain.doFilter(ApplicationFilterChain.java:128) ~[tomcat-embed-core-11.0.22.jar:11.0.22]
	at org.apache.tomcat.websocket.server.WsFilter.doFilter(WsFilter.java:53) ~[tomcat-embed-websocket-11.0.22.jar:11.0.22]
	at org.apache.catalina.core.ApplicationFilterChain.doFilter(ApplicationFilterChain.java:107) ~[tomcat-embed-core-11.0.22.jar:11.0.22]
	at org.springframework.web.filter.CompositeFilter$VirtualFilterChain.doFilter(CompositeFilter.java:108) ~[spring-web-7.0.8.jar:7.0.8]
	at org.springframework.security.web.FilterChainProxy.lambda$doFilterInternal$2(FilterChainProxy.java:235) ~[spring-security-web-7.1.0.jar:7.1.0]
	at org.springframework.security.web.FilterChainProxy$VirtualFilterChain.doFilter(FilterChainProxy.java:376) ~[spring-security-web-7.1.0.jar:7.1.0]
	at org.springframework.security.web.access.intercept.AuthorizationFilter.doFilter(AuthorizationFilter.java:101) ~[spring-security-web-7.1.0.jar:7.1.0]
	at org.springframework.security.web.FilterChainProxy$VirtualFilterChain.doFilter(FilterChainProxy.java:385) ~[spring-security-web-7.1.0.jar:7.1.0]
	at org.springframework.security.web.access.ExceptionTranslationFilter.doFilter(ExceptionTranslationFilter.java:126) ~[spring-security-web-7.1.0.jar:7.1.0]
	at org.springframework.security.web.access.ExceptionTranslationFilter.doFilter(ExceptionTranslationFilter.java:120) ~[spring-security-web-7.1.0.jar:7.1.0]
	at org.springframework.security.web.FilterChainProxy$VirtualFilterChain.doFilter(FilterChainProxy.java:385) ~[spring-security-web-7.1.0.jar:7.1.0]
	at org.springframework.security.web.authentication.AnonymousAuthenticationFilter.doFilter(AnonymousAuthenticationFilter.java:100) ~[spring-security-web-7.1.0.jar:7.1.0]
	at org.springframework.security.web.FilterChainProxy$VirtualFilterChain.doFilter(FilterChainProxy.java:385) ~[spring-security-web-7.1.0.jar:7.1.0]
	at org.springframework.security.web.servletapi.SecurityContextHolderAwareRequestFilter.doFilter(SecurityContextHolderAwareRequestFilter.java:181) ~[spring-security-web-7.1.0.jar:7.1.0]
	at org.springframework.security.web.FilterChainProxy$VirtualFilterChain.doFilter(FilterChainProxy.java:385) ~[spring-security-web-7.1.0.jar:7.1.0]
	at org.springframework.security.web.savedrequest.RequestCacheAwareFilter.doFilter(RequestCacheAwareFilter.java:63) ~[spring-security-web-7.1.0.jar:7.1.0]
	at org.springframework.security.web.FilterChainProxy$VirtualFilterChain.doFilter(FilterChainProxy.java:385) ~[spring-security-web-7.1.0.jar:7.1.0]
	at org.springframework.security.web.authentication.AbstractAuthenticationProcessingFilter.doFilter(AbstractAuthenticationProcessingFilter.java:245) ~[spring-security-web-7.1.0.jar:7.1.0]
	at org.springframework.security.web.authentication.AbstractAuthenticationProcessingFilter.doFilter(AbstractAuthenticationProcessingFilter.java:239) ~[spring-security-web-7.1.0.jar:7.1.0]
	at org.springframework.security.web.FilterChainProxy$VirtualFilterChain.doFilter(FilterChainProxy.java:385) ~[spring-security-web-7.1.0.jar:7.1.0]
	at org.springframework.security.web.authentication.logout.LogoutFilter.doFilter(LogoutFilter.java:110) ~[spring-security-web-7.1.0.jar:7.1.0]
	at org.springframework.security.web.authentication.logout.LogoutFilter.doFilter(LogoutFilter.java:96) ~[spring-security-web-7.1.0.jar:7.1.0]
	at org.springframework.security.web.FilterChainProxy$VirtualFilterChain.doFilter(FilterChainProxy.java:385) ~[spring-security-web-7.1.0.jar:7.1.0]
	at org.springframework.security.web.csrf.CsrfFilter.doFilterInternal(CsrfFilter.java:118) ~[spring-security-web-7.1.0.jar:7.1.0]
	at org.springframework.web.filter.OncePerRequestFilter.doFilter(OncePerRequestFilter.java:116) ~[spring-web-7.0.8.jar:7.0.8]
	at org.springframework.security.web.FilterChainProxy$VirtualFilterChain.doFilter(FilterChainProxy.java:385) ~[spring-security-web-7.1.0.jar:7.1.0]
	at org.springframework.security.web.header.HeaderWriterFilter.doHeadersAfter(HeaderWriterFilter.java:90) ~[spring-security-web-7.1.0.jar:7.1.0]
	at org.springframework.security.web.header.HeaderWriterFilter.doFilterInternal(HeaderWriterFilter.java:75) ~[spring-security-web-7.1.0.jar:7.1.0]
	at org.springframework.web.filter.OncePerRequestFilter.doFilter(OncePerRequestFilter.java:116) ~[spring-web-7.0.8.jar:7.0.8]
	at org.springframework.security.web.FilterChainProxy$VirtualFilterChain.doFilter(FilterChainProxy.java:385) ~[spring-security-web-7.1.0.jar:7.1.0]
	at org.springframework.security.web.context.SecurityContextHolderFilter.doFilter(SecurityContextHolderFilter.java:82) ~[spring-security-web-7.1.0.jar:7.1.0]
	at org.springframework.security.web.context.SecurityContextHolderFilter.doFilter(SecurityContextHolderFilter.java:69) ~[spring-security-web-7.1.0.jar:7.1.0]
	at org.springframework.security.web.FilterChainProxy$VirtualFilterChain.doFilter(FilterChainProxy.java:385) ~[spring-security-web-7.1.0.jar:7.1.0]
	at org.springframework.security.web.context.request.async.WebAsyncManagerIntegrationFilter.doFilterInternal(WebAsyncManagerIntegrationFilter.java:62) ~[spring-security-web-7.1.0.jar:7.1.0]
	at org.springframework.web.filter.OncePerRequestFilter.doFilter(OncePerRequestFilter.java:116) ~[spring-web-7.0.8.jar:7.0.8]
	at org.springframework.security.web.FilterChainProxy$VirtualFilterChain.doFilter(FilterChainProxy.java:385) ~[spring-security-web-7.1.0.jar:7.1.0]
	at org.springframework.security.web.session.DisableEncodeUrlFilter.doFilterInternal(DisableEncodeUrlFilter.java:42) ~[spring-security-web-7.1.0.jar:7.1.0]
	at org.springframework.web.filter.OncePerRequestFilter.doFilter(OncePerRequestFilter.java:116) ~[spring-web-7.0.8.jar:7.0.8]
	at org.springframework.security.web.FilterChainProxy$VirtualFilterChain.doFilter(FilterChainProxy.java:385) ~[spring-security-web-7.1.0.jar:7.1.0]
	at org.springframework.security.web.FilterChainProxy.doFilterInternal(FilterChainProxy.java:237) ~[spring-security-web-7.1.0.jar:7.1.0]
	at org.springframework.security.web.FilterChainProxy.doFilter(FilterChainProxy.java:195) ~[spring-security-web-7.1.0.jar:7.1.0]
	at org.springframework.web.filter.CompositeFilter$VirtualFilterChain.doFilter(CompositeFilter.java:113) ~[spring-web-7.0.8.jar:7.0.8]
	at org.springframework.web.filter.ServletRequestPathFilter.doFilter(ServletRequestPathFilter.java:52) ~[spring-web-7.0.8.jar:7.0.8]
	at org.springframework.web.filter.CompositeFilter$VirtualFilterChain.doFilter(CompositeFilter.java:113) ~[spring-web-7.0.8.jar:7.0.8]
	at org.springframework.web.filter.CompositeFilter.doFilter(CompositeFilter.java:74) ~[spring-web-7.0.8.jar:7.0.8]
	at org.springframework.security.config.annotation.web.configuration.WebSecurityConfiguration$CompositeFilterChainProxy.doFilter(WebSecurityConfiguration.java:317) ~[spring-security-config-7.1.0.jar:7.1.0]
	at org.springframework.web.filter.DelegatingFilterProxy.invokeDelegate(DelegatingFilterProxy.java:355) ~[spring-web-7.0.8.jar:7.0.8]
	at org.springframework.web.filter.DelegatingFilterProxy.doFilter(DelegatingFilterProxy.java:272) ~[spring-web-7.0.8.jar:7.0.8]
	at org.apache.catalina.core.ApplicationFilterChain.doFilter(ApplicationFilterChain.java:107) ~[tomcat-embed-core-11.0.22.jar:11.0.22]
	at org.springframework.web.filter.RequestContextFilter.doFilterInternal(RequestContextFilter.java:100) ~[spring-web-7.0.8.jar:7.0.8]
	at org.springframework.web.filter.OncePerRequestFilter.doFilter(OncePerRequestFilter.java:116) ~[spring-web-7.0.8.jar:7.0.8]
	at org.apache.catalina.core.ApplicationFilterChain.doFilter(ApplicationFilterChain.java:107) ~[tomcat-embed-core-11.0.22.jar:11.0.22]
	at org.springframework.web.filter.FormContentFilter.doFilterInternal(FormContentFilter.java:93) ~[spring-web-7.0.8.jar:7.0.8]
	at org.springframework.web.filter.OncePerRequestFilter.doFilter(OncePerRequestFilter.java:116) ~[spring-web-7.0.8.jar:7.0.8]
	at org.apache.catalina.core.ApplicationFilterChain.doFilter(ApplicationFilterChain.java:107) ~[tomcat-embed-core-11.0.22.jar:11.0.22]
	at org.springframework.web.filter.CharacterEncodingFilter.doFilterInternal(CharacterEncodingFilter.java:199) ~[spring-web-7.0.8.jar:7.0.8]
	at org.springframework.web.filter.OncePerRequestFilter.doFilter(OncePerRequestFilter.java:116) ~[spring-web-7.0.8.jar:7.0.8]
	at org.apache.catalina.core.ApplicationFilterChain.doFilter(ApplicationFilterChain.java:107) ~[tomcat-embed-core-11.0.22.jar:11.0.22]
	at org.apache.catalina.core.StandardWrapperValve.invoke(StandardWrapperValve.java:165) ~[tomcat-embed-core-11.0.22.jar:11.0.22]
	at org.apache.catalina.core.StandardContextValve.invoke(StandardContextValve.java:77) ~[tomcat-embed-core-11.0.22.jar:11.0.22]
	at org.apache.catalina.authenticator.AuthenticatorBase.invoke(AuthenticatorBase.java:492) ~[tomcat-embed-core-11.0.22.jar:11.0.22]
	at org.apache.catalina.core.StandardHostValve.invoke(StandardHostValve.java:113) ~[tomcat-embed-core-11.0.22.jar:11.0.22]
	at org.apache.catalina.valves.ErrorReportValve.invoke(ErrorReportValve.java:83) ~[tomcat-embed-core-11.0.22.jar:11.0.22]
	at org.apache.catalina.core.StandardEngineValve.invoke(StandardEngineValve.java:72) ~[tomcat-embed-core-11.0.22.jar:11.0.22]
	at org.apache.catalina.connector.CoyoteAdapter.service(CoyoteAdapter.java:341) ~[tomcat-embed-core-11.0.22.jar:11.0.22]
	at org.apache.coyote.http11.Http11Processor.service(Http11Processor.java:397) ~[tomcat-embed-core-11.0.22.jar:11.0.22]
	at org.apache.coyote.AbstractProcessorLight.process(AbstractProcessorLight.java:63) ~[tomcat-embed-core-11.0.22.jar:11.0.22]
	at org.apache.coyote.AbstractProtocol$ConnectionHandler.process(AbstractProtocol.java:1272) ~[tomcat-embed-core-11.0.22.jar:11.0.22]
	at org.apache.tomcat.util.net.NioEndpoint$SocketProcessor.doRun(NioEndpoint.java:1801) ~[tomcat-embed-core-11.0.22.jar:11.0.22]
	at org.apache.tomcat.util.net.SocketProcessorBase.run(SocketProcessorBase.java:52) ~[tomcat-embed-core-11.0.22.jar:11.0.22]
	at org.apache.tomcat.util.threads.ThreadPoolExecutor.runWorker(ThreadPoolExecutor.java:946) ~[tomcat-embed-core-11.0.22.jar:11.0.22]
	at org.apache.tomcat.util.threads.ThreadPoolExecutor$Worker.run(ThreadPoolExecutor.java:480) ~[tomcat-embed-core-11.0.22.jar:11.0.22]
	at org.apache.tomcat.util.threads.TaskThread$WrappingRunnable.run(TaskThread.java:57) ~[tomcat-embed-core-11.0.22.jar:11.0.22]
	at java.base/java.lang.Thread.run(Unknown Source) ~[na:na]

2026-08-24T19:53:04.931+02:00 DEBUG 25032 --- [itineria] [http-nio-8080-exec-1] o.s.security.web.FilterChainProxy        : Securing GET /error
2026-08-24T19:53:04.932+02:00 DEBUG 25032 --- [itineria] [http-nio-8080-exec-1] o.s.security.web.FilterChainProxy        : Secured GET /error
2026-08-24T19:53:04.973+02:00 DEBUG 25032 --- [itineria] [http-nio-8080-exec-1] o.s.s.w.a.AnonymousAuthenticationFilter  : Set SecurityContextHolder to anonymous SecurityContext
2026-08-24T19:53:08.336+02:00 DEBUG 25032 --- [itineria] [http-nio-8080-exec-2] o.s.security.web.FilterChainProxy        : Securing GET /ristoranti
2026-08-24T19:53:08.339+02:00 DEBUG 25032 --- [itineria] [http-nio-8080-exec-2] o.s.security.web.FilterChainProxy        : Secured GET /ristoranti
2026-08-24T19:53:08.349+02:00 DEBUG 25032 --- [itineria] [http-nio-8080-exec-2] org.hibernate.SQL                        : 
    select
        r1_0.id,
        r1_1.accessibilita,
        r1_1.id_citta,
        r1_1.created_at,
        r1_1.descrizione,
        r1_1.email,
        r1_1.indirizzo,
        r1_1.link_sito,
        r1_1.id_manager,
        r1_1.nome,
        r1_1.numero_telefono,
        r1_1.sempre_aperto,
        r1_1.tipo,
        r1_1.updated_at,
        r1_1.version,
        r1_0.dog_friendly,
        r1_0.fascia_prezzo,
        r1_0.per_celiaci,
        r1_0.posti_esterni,
        r1_0.tipo_cucina 
    from
        ristoranti r1_0 
    join
        luoghi_interesse r1_1 
            on r1_0.id=r1_1.id 
    limit
        ?, ?
2026-08-24T19:53:08.352+02:00 TRACE 25032 --- [itineria] [http-nio-8080-exec-2] org.hibernate.orm.jdbc.bind              : binding parameter (1:INTEGER) <- [0]
2026-08-24T19:53:08.353+02:00 TRACE 25032 --- [itineria] [http-nio-8080-exec-2] org.hibernate.orm.jdbc.bind              : binding parameter (2:INTEGER) <- [20]
2026-08-24T19:53:08.358+02:00 DEBUG 25032 --- [itineria] [http-nio-8080-exec-2] org.hibernate.SQL                        : 
    select
        c1_0.id,
        c1_0.created_at,
        c1_0.descrizione,
        c1_0.nome,
        c1_0.regione,
        c1_0.updated_at,
        c1_0.version 
    from
        citta c1_0 
    where
        c1_0.id=?
2026-08-24T19:53:08.361+02:00 TRACE 25032 --- [itineria] [http-nio-8080-exec-2] org.hibernate.orm.jdbc.bind              : binding parameter (1:BIGINT) <- [1]
2026-08-24T19:53:08.385+02:00 DEBUG 25032 --- [itineria] [http-nio-8080-exec-2] org.hibernate.SQL                        : 
    select
        r1_0.id,
        r1_1.accessibilita,
        r1_1.id_citta,
        r1_1.created_at,
        r1_1.descrizione,
        r1_1.email,
        r1_1.indirizzo,
        r1_1.link_sito,
        r1_1.id_manager,
        r1_1.nome,
        r1_1.numero_telefono,
        r1_1.sempre_aperto,
        r1_1.tipo,
        r1_1.updated_at,
        r1_1.version,
        r1_0.dog_friendly,
        r1_0.fascia_prezzo,
        r1_0.per_celiaci,
        r1_0.posti_esterni,
        r1_0.tipo_cucina 
    from
        ristoranti r1_0 
    join
        luoghi_interesse r1_1 
            on r1_0.id=r1_1.id 
    where
        r1_0.dog_friendly=? 
    limit
        ?, ?
2026-08-24T19:53:08.385+02:00 TRACE 25032 --- [itineria] [http-nio-8080-exec-2] org.hibernate.orm.jdbc.bind              : binding parameter (1:BOOLEAN) <- [true]
2026-08-24T19:53:08.385+02:00 TRACE 25032 --- [itineria] [http-nio-8080-exec-2] org.hibernate.orm.jdbc.bind              : binding parameter (2:INTEGER) <- [0]
2026-08-24T19:53:08.393+02:00 TRACE 25032 --- [itineria] [http-nio-8080-exec-2] org.hibernate.orm.jdbc.bind              : binding parameter (3:INTEGER) <- [6]
2026-08-24T19:53:08.408+02:00 DEBUG 25032 --- [itineria] [http-nio-8080-exec-2] org.hibernate.SQL                        : 
    select
        r1_0.id,
        r1_1.accessibilita,
        r1_1.id_citta,
        r1_1.created_at,
        r1_1.descrizione,
        r1_1.email,
        r1_1.indirizzo,
        r1_1.link_sito,
        r1_1.id_manager,
        r1_1.nome,
        r1_1.numero_telefono,
        r1_1.sempre_aperto,
        r1_1.tipo,
        r1_1.updated_at,
        r1_1.version,
        r1_0.dog_friendly,
        r1_0.fascia_prezzo,
        r1_0.per_celiaci,
        r1_0.posti_esterni,
        r1_0.tipo_cucina 
    from
        ristoranti r1_0 
    join
        luoghi_interesse r1_1 
            on r1_0.id=r1_1.id 
    where
        r1_0.per_celiaci=? 
    limit
        ?, ?
2026-08-24T19:53:08.410+02:00 TRACE 25032 --- [itineria] [http-nio-8080-exec-2] org.hibernate.orm.jdbc.bind              : binding parameter (1:BOOLEAN) <- [true]
2026-08-24T19:53:08.410+02:00 TRACE 25032 --- [itineria] [http-nio-8080-exec-2] org.hibernate.orm.jdbc.bind              : binding parameter (2:INTEGER) <- [0]
2026-08-24T19:53:08.410+02:00 TRACE 25032 --- [itineria] [http-nio-8080-exec-2] org.hibernate.orm.jdbc.bind              : binding parameter (3:INTEGER) <- [6]
2026-08-24T19:53:08.426+02:00 DEBUG 25032 --- [itineria] [http-nio-8080-exec-2] org.hibernate.SQL                        : 
    select
        r1_0.id,
        r1_1.accessibilita,
        r1_1.id_citta,
        r1_1.created_at,
        r1_1.descrizione,
        r1_1.email,
        r1_1.indirizzo,
        r1_1.link_sito,
        r1_1.id_manager,
        r1_1.nome,
        r1_1.numero_telefono,
        r1_1.sempre_aperto,
        r1_1.tipo,
        r1_1.updated_at,
        r1_1.version,
        r1_0.dog_friendly,
        r1_0.fascia_prezzo,
        r1_0.per_celiaci,
        r1_0.posti_esterni,
        r1_0.tipo_cucina 
    from
        ristoranti r1_0 
    join
        luoghi_interesse r1_1 
            on r1_0.id=r1_1.id 
    where
        r1_0.posti_esterni=? 
    limit
        ?, ?
2026-08-24T19:53:08.426+02:00 TRACE 25032 --- [itineria] [http-nio-8080-exec-2] org.hibernate.orm.jdbc.bind              : binding parameter (1:BOOLEAN) <- [true]
2026-08-24T19:53:08.426+02:00 TRACE 25032 --- [itineria] [http-nio-8080-exec-2] org.hibernate.orm.jdbc.bind              : binding parameter (2:INTEGER) <- [0]
2026-08-24T19:53:08.426+02:00 TRACE 25032 --- [itineria] [http-nio-8080-exec-2] org.hibernate.orm.jdbc.bind              : binding parameter (3:INTEGER) <- [6]
2026-08-24T19:53:08.445+02:00 DEBUG 25032 --- [itineria] [http-nio-8080-exec-2] org.hibernate.SQL                        : 
    select
        r1_0.id,
        r1_1.accessibilita,
        r1_1.id_citta,
        r1_1.created_at,
        r1_1.descrizione,
        r1_1.email,
        r1_1.indirizzo,
        r1_1.link_sito,
        r1_1.id_manager,
        r1_1.nome,
        r1_1.numero_telefono,
        r1_1.sempre_aperto,
        r1_1.tipo,
        r1_1.updated_at,
        r1_1.version,
        r1_0.dog_friendly,
        r1_0.fascia_prezzo,
        r1_0.per_celiaci,
        r1_0.posti_esterni,
        r1_0.tipo_cucina 
    from
        ristoranti r1_0 
    join
        luoghi_interesse r1_1 
            on r1_0.id=r1_1.id 
    where
        r1_1.sempre_aperto=? 
    limit
        ?, ?
2026-08-24T19:53:08.451+02:00 TRACE 25032 --- [itineria] [http-nio-8080-exec-2] org.hibernate.orm.jdbc.bind              : binding parameter (1:BOOLEAN) <- [true]
2026-08-24T19:53:08.451+02:00 TRACE 25032 --- [itineria] [http-nio-8080-exec-2] org.hibernate.orm.jdbc.bind              : binding parameter (2:INTEGER) <- [0]
2026-08-24T19:53:08.455+02:00 TRACE 25032 --- [itineria] [http-nio-8080-exec-2] org.hibernate.orm.jdbc.bind              : binding parameter (3:INTEGER) <- [6]
2026-08-24T19:53:08.465+02:00 ERROR 25032 --- [itineria] [http-nio-8080-exec-2] org.thymeleaf.TemplateEngine             : [THYMELEAF][http-nio-8080-exec-2] Exception processing template "ristoranti/lista": Error resolving template [ristoranti/lista], template might not exist or might not be accessible by any of the configured Template Resolvers

org.thymeleaf.exceptions.TemplateInputException: Error resolving template [ristoranti/lista], template might not exist or might not be accessible by any of the configured Template Resolvers
	at org.thymeleaf.engine.TemplateManager.resolveTemplate(TemplateManager.java:869) ~[thymeleaf-3.1.5.RELEASE.jar:3.1.5.RELEASE]
	at org.thymeleaf.engine.TemplateManager.parseAndProcess(TemplateManager.java:607) ~[thymeleaf-3.1.5.RELEASE.jar:3.1.5.RELEASE]
	at org.thymeleaf.TemplateEngine.process(TemplateEngine.java:1103) ~[thymeleaf-3.1.5.RELEASE.jar:3.1.5.RELEASE]
	at org.thymeleaf.TemplateEngine.process(TemplateEngine.java:1077) ~[thymeleaf-3.1.5.RELEASE.jar:3.1.5.RELEASE]
	at org.thymeleaf.spring6.view.ThymeleafView.renderFragment(ThymeleafView.java:374) ~[thymeleaf-spring6-3.1.5.RELEASE.jar:3.1.5.RELEASE]
	at org.thymeleaf.spring6.view.ThymeleafView.render(ThymeleafView.java:193) ~[thymeleaf-spring6-3.1.5.RELEASE.jar:3.1.5.RELEASE]
	at org.springframework.web.servlet.DispatcherServlet.render(DispatcherServlet.java:1305) ~[spring-webmvc-7.0.8.jar:7.0.8]
	at org.springframework.web.servlet.DispatcherServlet.processDispatchResult(DispatcherServlet.java:1042) ~[spring-webmvc-7.0.8.jar:7.0.8]
	at org.springframework.web.servlet.DispatcherServlet.doDispatch(DispatcherServlet.java:980) ~[spring-webmvc-7.0.8.jar:7.0.8]
	at org.springframework.web.servlet.DispatcherServlet.doService(DispatcherServlet.java:866) ~[spring-webmvc-7.0.8.jar:7.0.8]
	at org.springframework.web.servlet.FrameworkServlet.processRequest(FrameworkServlet.java:1000) ~[spring-webmvc-7.0.8.jar:7.0.8]
	at org.springframework.web.servlet.FrameworkServlet.doGet(FrameworkServlet.java:892) ~[spring-webmvc-7.0.8.jar:7.0.8]
	at jakarta.servlet.http.HttpServlet.service(HttpServlet.java:622) ~[tomcat-embed-core-11.0.22.jar:6.1]
	at org.springframework.web.servlet.FrameworkServlet.service(FrameworkServlet.java:874) ~[spring-webmvc-7.0.8.jar:7.0.8]
	at jakarta.servlet.http.HttpServlet.service(HttpServlet.java:710) ~[tomcat-embed-core-11.0.22.jar:6.1]
	at org.apache.catalina.core.ApplicationFilterChain.doFilter(ApplicationFilterChain.java:128) ~[tomcat-embed-core-11.0.22.jar:11.0.22]
	at org.apache.tomcat.websocket.server.WsFilter.doFilter(WsFilter.java:53) ~[tomcat-embed-websocket-11.0.22.jar:11.0.22]
	at org.apache.catalina.core.ApplicationFilterChain.doFilter(ApplicationFilterChain.java:107) ~[tomcat-embed-core-11.0.22.jar:11.0.22]
	at org.springframework.web.filter.CompositeFilter$VirtualFilterChain.doFilter(CompositeFilter.java:108) ~[spring-web-7.0.8.jar:7.0.8]
	at org.springframework.security.web.FilterChainProxy.lambda$doFilterInternal$2(FilterChainProxy.java:235) ~[spring-security-web-7.1.0.jar:7.1.0]
	at org.springframework.security.web.FilterChainProxy$VirtualFilterChain.doFilter(FilterChainProxy.java:376) ~[spring-security-web-7.1.0.jar:7.1.0]
	at org.springframework.security.web.access.intercept.AuthorizationFilter.doFilter(AuthorizationFilter.java:101) ~[spring-security-web-7.1.0.jar:7.1.0]
	at org.springframework.security.web.FilterChainProxy$VirtualFilterChain.doFilter(FilterChainProxy.java:385) ~[spring-security-web-7.1.0.jar:7.1.0]
	at org.springframework.security.web.access.ExceptionTranslationFilter.doFilter(ExceptionTranslationFilter.java:126) ~[spring-security-web-7.1.0.jar:7.1.0]
	at org.springframework.security.web.access.ExceptionTranslationFilter.doFilter(ExceptionTranslationFilter.java:120) ~[spring-security-web-7.1.0.jar:7.1.0]
	at org.springframework.security.web.FilterChainProxy$VirtualFilterChain.doFilter(FilterChainProxy.java:385) ~[spring-security-web-7.1.0.jar:7.1.0]
	at org.springframework.security.web.authentication.AnonymousAuthenticationFilter.doFilter(AnonymousAuthenticationFilter.java:100) ~[spring-security-web-7.1.0.jar:7.1.0]
	at org.springframework.security.web.FilterChainProxy$VirtualFilterChain.doFilter(FilterChainProxy.java:385) ~[spring-security-web-7.1.0.jar:7.1.0]
	at org.springframework.security.web.servletapi.SecurityContextHolderAwareRequestFilter.doFilter(SecurityContextHolderAwareRequestFilter.java:181) ~[spring-security-web-7.1.0.jar:7.1.0]
	at org.springframework.security.web.FilterChainProxy$VirtualFilterChain.doFilter(FilterChainProxy.java:385) ~[spring-security-web-7.1.0.jar:7.1.0]
	at org.springframework.security.web.savedrequest.RequestCacheAwareFilter.doFilter(RequestCacheAwareFilter.java:63) ~[spring-security-web-7.1.0.jar:7.1.0]
	at org.springframework.security.web.FilterChainProxy$VirtualFilterChain.doFilter(FilterChainProxy.java:385) ~[spring-security-web-7.1.0.jar:7.1.0]
	at org.springframework.security.web.authentication.AbstractAuthenticationProcessingFilter.doFilter(AbstractAuthenticationProcessingFilter.java:245) ~[spring-security-web-7.1.0.jar:7.1.0]
	at org.springframework.security.web.authentication.AbstractAuthenticationProcessingFilter.doFilter(AbstractAuthenticationProcessingFilter.java:239) ~[spring-security-web-7.1.0.jar:7.1.0]
	at org.springframework.security.web.FilterChainProxy$VirtualFilterChain.doFilter(FilterChainProxy.java:385) ~[spring-security-web-7.1.0.jar:7.1.0]
	at org.springframework.security.web.authentication.logout.LogoutFilter.doFilter(LogoutFilter.java:110) ~[spring-security-web-7.1.0.jar:7.1.0]
	at org.springframework.security.web.authentication.logout.LogoutFilter.doFilter(LogoutFilter.java:96) ~[spring-security-web-7.1.0.jar:7.1.0]
	at org.springframework.security.web.FilterChainProxy$VirtualFilterChain.doFilter(FilterChainProxy.java:385) ~[spring-security-web-7.1.0.jar:7.1.0]
	at org.springframework.security.web.csrf.CsrfFilter.doFilterInternal(CsrfFilter.java:118) ~[spring-security-web-7.1.0.jar:7.1.0]
	at org.springframework.web.filter.OncePerRequestFilter.doFilter(OncePerRequestFilter.java:116) ~[spring-web-7.0.8.jar:7.0.8]
	at org.springframework.security.web.FilterChainProxy$VirtualFilterChain.doFilter(FilterChainProxy.java:385) ~[spring-security-web-7.1.0.jar:7.1.0]
	at org.springframework.security.web.header.HeaderWriterFilter.doHeadersAfter(HeaderWriterFilter.java:90) ~[spring-security-web-7.1.0.jar:7.1.0]
	at org.springframework.security.web.header.HeaderWriterFilter.doFilterInternal(HeaderWriterFilter.java:75) ~[spring-security-web-7.1.0.jar:7.1.0]
	at org.springframework.web.filter.OncePerRequestFilter.doFilter(OncePerRequestFilter.java:116) ~[spring-web-7.0.8.jar:7.0.8]
	at org.springframework.security.web.FilterChainProxy$VirtualFilterChain.doFilter(FilterChainProxy.java:385) ~[spring-security-web-7.1.0.jar:7.1.0]
	at org.springframework.security.web.context.SecurityContextHolderFilter.doFilter(SecurityContextHolderFilter.java:82) ~[spring-security-web-7.1.0.jar:7.1.0]
	at org.springframework.security.web.context.SecurityContextHolderFilter.doFilter(SecurityContextHolderFilter.java:69) ~[spring-security-web-7.1.0.jar:7.1.0]
	at org.springframework.security.web.FilterChainProxy$VirtualFilterChain.doFilter(FilterChainProxy.java:385) ~[spring-security-web-7.1.0.jar:7.1.0]
	at org.springframework.security.web.context.request.async.WebAsyncManagerIntegrationFilter.doFilterInternal(WebAsyncManagerIntegrationFilter.java:62) ~[spring-security-web-7.1.0.jar:7.1.0]
	at org.springframework.web.filter.OncePerRequestFilter.doFilter(OncePerRequestFilter.java:116) ~[spring-web-7.0.8.jar:7.0.8]
	at org.springframework.security.web.FilterChainProxy$VirtualFilterChain.doFilter(FilterChainProxy.java:385) ~[spring-security-web-7.1.0.jar:7.1.0]
	at org.springframework.security.web.session.DisableEncodeUrlFilter.doFilterInternal(DisableEncodeUrlFilter.java:42) ~[spring-security-web-7.1.0.jar:7.1.0]
	at org.springframework.web.filter.OncePerRequestFilter.doFilter(OncePerRequestFilter.java:116) ~[spring-web-7.0.8.jar:7.0.8]
	at org.springframework.security.web.FilterChainProxy$VirtualFilterChain.doFilter(FilterChainProxy.java:385) ~[spring-security-web-7.1.0.jar:7.1.0]
	at org.springframework.security.web.FilterChainProxy.doFilterInternal(FilterChainProxy.java:237) ~[spring-security-web-7.1.0.jar:7.1.0]
	at org.springframework.security.web.FilterChainProxy.doFilter(FilterChainProxy.java:195) ~[spring-security-web-7.1.0.jar:7.1.0]
	at org.springframework.web.filter.CompositeFilter$VirtualFilterChain.doFilter(CompositeFilter.java:113) ~[spring-web-7.0.8.jar:7.0.8]
	at org.springframework.web.filter.ServletRequestPathFilter.doFilter(ServletRequestPathFilter.java:52) ~[spring-web-7.0.8.jar:7.0.8]
	at org.springframework.web.filter.CompositeFilter$VirtualFilterChain.doFilter(CompositeFilter.java:113) ~[spring-web-7.0.8.jar:7.0.8]
	at org.springframework.web.filter.CompositeFilter.doFilter(CompositeFilter.java:74) ~[spring-web-7.0.8.jar:7.0.8]
	at org.springframework.security.config.annotation.web.configuration.WebSecurityConfiguration$CompositeFilterChainProxy.doFilter(WebSecurityConfiguration.java:317) ~[spring-security-config-7.1.0.jar:7.1.0]
	at org.springframework.web.filter.DelegatingFilterProxy.invokeDelegate(DelegatingFilterProxy.java:355) ~[spring-web-7.0.8.jar:7.0.8]
	at org.springframework.web.filter.DelegatingFilterProxy.doFilter(DelegatingFilterProxy.java:272) ~[spring-web-7.0.8.jar:7.0.8]
	at org.apache.catalina.core.ApplicationFilterChain.doFilter(ApplicationFilterChain.java:107) ~[tomcat-embed-core-11.0.22.jar:11.0.22]
	at org.springframework.web.filter.RequestContextFilter.doFilterInternal(RequestContextFilter.java:100) ~[spring-web-7.0.8.jar:7.0.8]
	at org.springframework.web.filter.OncePerRequestFilter.doFilter(OncePerRequestFilter.java:116) ~[spring-web-7.0.8.jar:7.0.8]
	at org.apache.catalina.core.ApplicationFilterChain.doFilter(ApplicationFilterChain.java:107) ~[tomcat-embed-core-11.0.22.jar:11.0.22]
	at org.springframework.web.filter.FormContentFilter.doFilterInternal(FormContentFilter.java:93) ~[spring-web-7.0.8.jar:7.0.8]
	at org.springframework.web.filter.OncePerRequestFilter.doFilter(OncePerRequestFilter.java:116) ~[spring-web-7.0.8.jar:7.0.8]
	at org.apache.catalina.core.ApplicationFilterChain.doFilter(ApplicationFilterChain.java:107) ~[tomcat-embed-core-11.0.22.jar:11.0.22]
	at org.springframework.web.filter.CharacterEncodingFilter.doFilterInternal(CharacterEncodingFilter.java:199) ~[spring-web-7.0.8.jar:7.0.8]
	at org.springframework.web.filter.OncePerRequestFilter.doFilter(OncePerRequestFilter.java:116) ~[spring-web-7.0.8.jar:7.0.8]
	at org.apache.catalina.core.ApplicationFilterChain.doFilter(ApplicationFilterChain.java:107) ~[tomcat-embed-core-11.0.22.jar:11.0.22]
	at org.apache.catalina.core.StandardWrapperValve.invoke(StandardWrapperValve.java:165) ~[tomcat-embed-core-11.0.22.jar:11.0.22]
	at org.apache.catalina.core.StandardContextValve.invoke(StandardContextValve.java:77) ~[tomcat-embed-core-11.0.22.jar:11.0.22]
	at org.apache.catalina.authenticator.AuthenticatorBase.invoke(AuthenticatorBase.java:492) ~[tomcat-embed-core-11.0.22.jar:11.0.22]
	at org.apache.catalina.core.StandardHostValve.invoke(StandardHostValve.java:113) ~[tomcat-embed-core-11.0.22.jar:11.0.22]
	at org.apache.catalina.valves.ErrorReportValve.invoke(ErrorReportValve.java:83) ~[tomcat-embed-core-11.0.22.jar:11.0.22]
	at org.apache.catalina.core.StandardEngineValve.invoke(StandardEngineValve.java:72) ~[tomcat-embed-core-11.0.22.jar:11.0.22]
	at org.apache.catalina.connector.CoyoteAdapter.service(CoyoteAdapter.java:341) ~[tomcat-embed-core-11.0.22.jar:11.0.22]
	at org.apache.coyote.http11.Http11Processor.service(Http11Processor.java:397) ~[tomcat-embed-core-11.0.22.jar:11.0.22]
	at org.apache.coyote.AbstractProcessorLight.process(AbstractProcessorLight.java:63) ~[tomcat-embed-core-11.0.22.jar:11.0.22]
	at org.apache.coyote.AbstractProtocol$ConnectionHandler.process(AbstractProtocol.java:1272) ~[tomcat-embed-core-11.0.22.jar:11.0.22]
	at org.apache.tomcat.util.net.NioEndpoint$SocketProcessor.doRun(NioEndpoint.java:1801) ~[tomcat-embed-core-11.0.22.jar:11.0.22]
	at org.apache.tomcat.util.net.SocketProcessorBase.run(SocketProcessorBase.java:52) ~[tomcat-embed-core-11.0.22.jar:11.0.22]
	at org.apache.tomcat.util.threads.ThreadPoolExecutor.runWorker(ThreadPoolExecutor.java:946) ~[tomcat-embed-core-11.0.22.jar:11.0.22]
	at org.apache.tomcat.util.threads.ThreadPoolExecutor$Worker.run(ThreadPoolExecutor.java:480) ~[tomcat-embed-core-11.0.22.jar:11.0.22]
	at org.apache.tomcat.util.threads.TaskThread$WrappingRunnable.run(TaskThread.java:57) ~[tomcat-embed-core-11.0.22.jar:11.0.22]
	at java.base/java.lang.Thread.run(Unknown Source) ~[na:na]

2026-08-24T19:53:08.476+02:00 DEBUG 25032 --- [itineria] [http-nio-8080-exec-2] o.s.s.w.a.AnonymousAuthenticationFilter  : Set SecurityContextHolder to anonymous SecurityContext
2026-08-24T19:53:08.476+02:00 ERROR 25032 --- [itineria] [http-nio-8080-exec-2] o.a.c.c.C.[.[.[/].[dispatcherServlet]    : Servlet.service() for servlet [dispatcherServlet] in context with path [] threw exception [Request processing failed: org.thymeleaf.exceptions.TemplateInputException: Error resolving template [ristoranti/lista], template might not exist or might not be accessible by any of the configured Template Resolvers] with root cause

org.thymeleaf.exceptions.TemplateInputException: Error resolving template [ristoranti/lista], template might not exist or might not be accessible by any of the configured Template Resolvers
	at org.thymeleaf.engine.TemplateManager.resolveTemplate(TemplateManager.java:869) ~[thymeleaf-3.1.5.RELEASE.jar:3.1.5.RELEASE]
	at org.thymeleaf.engine.TemplateManager.parseAndProcess(TemplateManager.java:607) ~[thymeleaf-3.1.5.RELEASE.jar:3.1.5.RELEASE]
	at org.thymeleaf.TemplateEngine.process(TemplateEngine.java:1103) ~[thymeleaf-3.1.5.RELEASE.jar:3.1.5.RELEASE]
	at org.thymeleaf.TemplateEngine.process(TemplateEngine.java:1077) ~[thymeleaf-3.1.5.RELEASE.jar:3.1.5.RELEASE]
	at org.thymeleaf.spring6.view.ThymeleafView.renderFragment(ThymeleafView.java:374) ~[thymeleaf-spring6-3.1.5.RELEASE.jar:3.1.5.RELEASE]
	at org.thymeleaf.spring6.view.ThymeleafView.render(ThymeleafView.java:193) ~[thymeleaf-spring6-3.1.5.RELEASE.jar:3.1.5.RELEASE]
	at org.springframework.web.servlet.DispatcherServlet.render(DispatcherServlet.java:1305) ~[spring-webmvc-7.0.8.jar:7.0.8]
	at org.springframework.web.servlet.DispatcherServlet.processDispatchResult(DispatcherServlet.java:1042) ~[spring-webmvc-7.0.8.jar:7.0.8]
	at org.springframework.web.servlet.DispatcherServlet.doDispatch(DispatcherServlet.java:980) ~[spring-webmvc-7.0.8.jar:7.0.8]
	at org.springframework.web.servlet.DispatcherServlet.doService(DispatcherServlet.java:866) ~[spring-webmvc-7.0.8.jar:7.0.8]
	at org.springframework.web.servlet.FrameworkServlet.processRequest(FrameworkServlet.java:1000) ~[spring-webmvc-7.0.8.jar:7.0.8]
	at org.springframework.web.servlet.FrameworkServlet.doGet(FrameworkServlet.java:892) ~[spring-webmvc-7.0.8.jar:7.0.8]
	at jakarta.servlet.http.HttpServlet.service(HttpServlet.java:622) ~[tomcat-embed-core-11.0.22.jar:6.1]
	at org.springframework.web.servlet.FrameworkServlet.service(FrameworkServlet.java:874) ~[spring-webmvc-7.0.8.jar:7.0.8]
	at jakarta.servlet.http.HttpServlet.service(HttpServlet.java:710) ~[tomcat-embed-core-11.0.22.jar:6.1]
	at org.apache.catalina.core.ApplicationFilterChain.doFilter(ApplicationFilterChain.java:128) ~[tomcat-embed-core-11.0.22.jar:11.0.22]
	at org.apache.tomcat.websocket.server.WsFilter.doFilter(WsFilter.java:53) ~[tomcat-embed-websocket-11.0.22.jar:11.0.22]
	at org.apache.catalina.core.ApplicationFilterChain.doFilter(ApplicationFilterChain.java:107) ~[tomcat-embed-core-11.0.22.jar:11.0.22]
	at org.springframework.web.filter.CompositeFilter$VirtualFilterChain.doFilter(CompositeFilter.java:108) ~[spring-web-7.0.8.jar:7.0.8]
	at org.springframework.security.web.FilterChainProxy.lambda$doFilterInternal$2(FilterChainProxy.java:235) ~[spring-security-web-7.1.0.jar:7.1.0]
	at org.springframework.security.web.FilterChainProxy$VirtualFilterChain.doFilter(FilterChainProxy.java:376) ~[spring-security-web-7.1.0.jar:7.1.0]
	at org.springframework.security.web.access.intercept.AuthorizationFilter.doFilter(AuthorizationFilter.java:101) ~[spring-security-web-7.1.0.jar:7.1.0]
	at org.springframework.security.web.FilterChainProxy$VirtualFilterChain.doFilter(FilterChainProxy.java:385) ~[spring-security-web-7.1.0.jar:7.1.0]
	at org.springframework.security.web.access.ExceptionTranslationFilter.doFilter(ExceptionTranslationFilter.java:126) ~[spring-security-web-7.1.0.jar:7.1.0]
	at org.springframework.security.web.access.ExceptionTranslationFilter.doFilter(ExceptionTranslationFilter.java:120) ~[spring-security-web-7.1.0.jar:7.1.0]
	at org.springframework.security.web.FilterChainProxy$VirtualFilterChain.doFilter(FilterChainProxy.java:385) ~[spring-security-web-7.1.0.jar:7.1.0]
	at org.springframework.security.web.authentication.AnonymousAuthenticationFilter.doFilter(AnonymousAuthenticationFilter.java:100) ~[spring-security-web-7.1.0.jar:7.1.0]
	at org.springframework.security.web.FilterChainProxy$VirtualFilterChain.doFilter(FilterChainProxy.java:385) ~[spring-security-web-7.1.0.jar:7.1.0]
	at org.springframework.security.web.servletapi.SecurityContextHolderAwareRequestFilter.doFilter(SecurityContextHolderAwareRequestFilter.java:181) ~[spring-security-web-7.1.0.jar:7.1.0]
	at org.springframework.security.web.FilterChainProxy$VirtualFilterChain.doFilter(FilterChainProxy.java:385) ~[spring-security-web-7.1.0.jar:7.1.0]
	at org.springframework.security.web.savedrequest.RequestCacheAwareFilter.doFilter(RequestCacheAwareFilter.java:63) ~[spring-security-web-7.1.0.jar:7.1.0]
	at org.springframework.security.web.FilterChainProxy$VirtualFilterChain.doFilter(FilterChainProxy.java:385) ~[spring-security-web-7.1.0.jar:7.1.0]
	at org.springframework.security.web.authentication.AbstractAuthenticationProcessingFilter.doFilter(AbstractAuthenticationProcessingFilter.java:245) ~[spring-security-web-7.1.0.jar:7.1.0]
	at org.springframework.security.web.authentication.AbstractAuthenticationProcessingFilter.doFilter(AbstractAuthenticationProcessingFilter.java:239) ~[spring-security-web-7.1.0.jar:7.1.0]
	at org.springframework.security.web.FilterChainProxy$VirtualFilterChain.doFilter(FilterChainProxy.java:385) ~[spring-security-web-7.1.0.jar:7.1.0]
	at org.springframework.security.web.authentication.logout.LogoutFilter.doFilter(LogoutFilter.java:110) ~[spring-security-web-7.1.0.jar:7.1.0]
	at org.springframework.security.web.authentication.logout.LogoutFilter.doFilter(LogoutFilter.java:96) ~[spring-security-web-7.1.0.jar:7.1.0]
	at org.springframework.security.web.FilterChainProxy$VirtualFilterChain.doFilter(FilterChainProxy.java:385) ~[spring-security-web-7.1.0.jar:7.1.0]
	at org.springframework.security.web.csrf.CsrfFilter.doFilterInternal(CsrfFilter.java:118) ~[spring-security-web-7.1.0.jar:7.1.0]
	at org.springframework.web.filter.OncePerRequestFilter.doFilter(OncePerRequestFilter.java:116) ~[spring-web-7.0.8.jar:7.0.8]
	at org.springframework.security.web.FilterChainProxy$VirtualFilterChain.doFilter(FilterChainProxy.java:385) ~[spring-security-web-7.1.0.jar:7.1.0]
	at org.springframework.security.web.header.HeaderWriterFilter.doHeadersAfter(HeaderWriterFilter.java:90) ~[spring-security-web-7.1.0.jar:7.1.0]
	at org.springframework.security.web.header.HeaderWriterFilter.doFilterInternal(HeaderWriterFilter.java:75) ~[spring-security-web-7.1.0.jar:7.1.0]
	at org.springframework.web.filter.OncePerRequestFilter.doFilter(OncePerRequestFilter.java:116) ~[spring-web-7.0.8.jar:7.0.8]
	at org.springframework.security.web.FilterChainProxy$VirtualFilterChain.doFilter(FilterChainProxy.java:385) ~[spring-security-web-7.1.0.jar:7.1.0]
	at org.springframework.security.web.context.SecurityContextHolderFilter.doFilter(SecurityContextHolderFilter.java:82) ~[spring-security-web-7.1.0.jar:7.1.0]
	at org.springframework.security.web.context.SecurityContextHolderFilter.doFilter(SecurityContextHolderFilter.java:69) ~[spring-security-web-7.1.0.jar:7.1.0]
	at org.springframework.security.web.FilterChainProxy$VirtualFilterChain.doFilter(FilterChainProxy.java:385) ~[spring-security-web-7.1.0.jar:7.1.0]
	at org.springframework.security.web.context.request.async.WebAsyncManagerIntegrationFilter.doFilterInternal(WebAsyncManagerIntegrationFilter.java:62) ~[spring-security-web-7.1.0.jar:7.1.0]
	at org.springframework.web.filter.OncePerRequestFilter.doFilter(OncePerRequestFilter.java:116) ~[spring-web-7.0.8.jar:7.0.8]
	at org.springframework.security.web.FilterChainProxy$VirtualFilterChain.doFilter(FilterChainProxy.java:385) ~[spring-security-web-7.1.0.jar:7.1.0]
	at org.springframework.security.web.session.DisableEncodeUrlFilter.doFilterInternal(DisableEncodeUrlFilter.java:42) ~[spring-security-web-7.1.0.jar:7.1.0]
	at org.springframework.web.filter.OncePerRequestFilter.doFilter(OncePerRequestFilter.java:116) ~[spring-web-7.0.8.jar:7.0.8]
	at org.springframework.security.web.FilterChainProxy$VirtualFilterChain.doFilter(FilterChainProxy.java:385) ~[spring-security-web-7.1.0.jar:7.1.0]
	at org.springframework.security.web.FilterChainProxy.doFilterInternal(FilterChainProxy.java:237) ~[spring-security-web-7.1.0.jar:7.1.0]
	at org.springframework.security.web.FilterChainProxy.doFilter(FilterChainProxy.java:195) ~[spring-security-web-7.1.0.jar:7.1.0]
	at org.springframework.web.filter.CompositeFilter$VirtualFilterChain.doFilter(CompositeFilter.java:113) ~[spring-web-7.0.8.jar:7.0.8]
	at org.springframework.web.filter.ServletRequestPathFilter.doFilter(ServletRequestPathFilter.java:52) ~[spring-web-7.0.8.jar:7.0.8]
	at org.springframework.web.filter.CompositeFilter$VirtualFilterChain.doFilter(CompositeFilter.java:113) ~[spring-web-7.0.8.jar:7.0.8]
	at org.springframework.web.filter.CompositeFilter.doFilter(CompositeFilter.java:74) ~[spring-web-7.0.8.jar:7.0.8]
	at org.springframework.security.config.annotation.web.configuration.WebSecurityConfiguration$CompositeFilterChainProxy.doFilter(WebSecurityConfiguration.java:317) ~[spring-security-config-7.1.0.jar:7.1.0]
	at org.springframework.web.filter.DelegatingFilterProxy.invokeDelegate(DelegatingFilterProxy.java:355) ~[spring-web-7.0.8.jar:7.0.8]
	at org.springframework.web.filter.DelegatingFilterProxy.doFilter(DelegatingFilterProxy.java:272) ~[spring-web-7.0.8.jar:7.0.8]
	at org.apache.catalina.core.ApplicationFilterChain.doFilter(ApplicationFilterChain.java:107) ~[tomcat-embed-core-11.0.22.jar:11.0.22]
	at org.springframework.web.filter.RequestContextFilter.doFilterInternal(RequestContextFilter.java:100) ~[spring-web-7.0.8.jar:7.0.8]
	at org.springframework.web.filter.OncePerRequestFilter.doFilter(OncePerRequestFilter.java:116) ~[spring-web-7.0.8.jar:7.0.8]
	at org.apache.catalina.core.ApplicationFilterChain.doFilter(ApplicationFilterChain.java:107) ~[tomcat-embed-core-11.0.22.jar:11.0.22]
	at org.springframework.web.filter.FormContentFilter.doFilterInternal(FormContentFilter.java:93) ~[spring-web-7.0.8.jar:7.0.8]
	at org.springframework.web.filter.OncePerRequestFilter.doFilter(OncePerRequestFilter.java:116) ~[spring-web-7.0.8.jar:7.0.8]
	at org.apache.catalina.core.ApplicationFilterChain.doFilter(ApplicationFilterChain.java:107) ~[tomcat-embed-core-11.0.22.jar:11.0.22]
	at org.springframework.web.filter.CharacterEncodingFilter.doFilterInternal(CharacterEncodingFilter.java:199) ~[spring-web-7.0.8.jar:7.0.8]
	at org.springframework.web.filter.OncePerRequestFilter.doFilter(OncePerRequestFilter.java:116) ~[spring-web-7.0.8.jar:7.0.8]
	at org.apache.catalina.core.ApplicationFilterChain.doFilter(ApplicationFilterChain.java:107) ~[tomcat-embed-core-11.0.22.jar:11.0.22]
	at org.apache.catalina.core.StandardWrapperValve.invoke(StandardWrapperValve.java:165) ~[tomcat-embed-core-11.0.22.jar:11.0.22]
	at org.apache.catalina.core.StandardContextValve.invoke(StandardContextValve.java:77) ~[tomcat-embed-core-11.0.22.jar:11.0.22]
	at org.apache.catalina.authenticator.AuthenticatorBase.invoke(AuthenticatorBase.java:492) ~[tomcat-embed-core-11.0.22.jar:11.0.22]
	at org.apache.catalina.core.StandardHostValve.invoke(StandardHostValve.java:113) ~[tomcat-embed-core-11.0.22.jar:11.0.22]
	at org.apache.catalina.valves.ErrorReportValve.invoke(ErrorReportValve.java:83) ~[tomcat-embed-core-11.0.22.jar:11.0.22]
	at org.apache.catalina.core.StandardEngineValve.invoke(StandardEngineValve.java:72) ~[tomcat-embed-core-11.0.22.jar:11.0.22]
	at org.apache.catalina.connector.CoyoteAdapter.service(CoyoteAdapter.java:341) ~[tomcat-embed-core-11.0.22.jar:11.0.22]
	at org.apache.coyote.http11.Http11Processor.service(Http11Processor.java:397) ~[tomcat-embed-core-11.0.22.jar:11.0.22]
	at org.apache.coyote.AbstractProcessorLight.process(AbstractProcessorLight.java:63) ~[tomcat-embed-core-11.0.22.jar:11.0.22]
	at org.apache.coyote.AbstractProtocol$ConnectionHandler.process(AbstractProtocol.java:1272) ~[tomcat-embed-core-11.0.22.jar:11.0.22]
	at org.apache.tomcat.util.net.NioEndpoint$SocketProcessor.doRun(NioEndpoint.java:1801) ~[tomcat-embed-core-11.0.22.jar:11.0.22]
	at org.apache.tomcat.util.net.SocketProcessorBase.run(SocketProcessorBase.java:52) ~[tomcat-embed-core-11.0.22.jar:11.0.22]
	at org.apache.tomcat.util.threads.ThreadPoolExecutor.runWorker(ThreadPoolExecutor.java:946) ~[tomcat-embed-core-11.0.22.jar:11.0.22]
	at org.apache.tomcat.util.threads.ThreadPoolExecutor$Worker.run(ThreadPoolExecutor.java:480) ~[tomcat-embed-core-11.0.22.jar:11.0.22]
	at org.apache.tomcat.util.threads.TaskThread$WrappingRunnable.run(TaskThread.java:57) ~[tomcat-embed-core-11.0.22.jar:11.0.22]
	at java.base/java.lang.Thread.run(Unknown Source) ~[na:na]

2026-08-24T19:53:08.485+02:00 DEBUG 25032 --- [itineria] [http-nio-8080-exec-2] o.s.security.web.FilterChainProxy        : Securing GET /error
2026-08-24T19:53:08.485+02:00 DEBUG 25032 --- [itineria] [http-nio-8080-exec-2] o.s.security.web.FilterChainProxy        : Secured GET /error
2026-08-24T19:53:08.510+02:00 DEBUG 25032 --- [itineria] [http-nio-8080-exec-2] o.s.s.w.a.AnonymousAuthenticationFilter  : Set SecurityContextHolder to anonymous SecurityContext
2026-08-24T19:53:12.210+02:00 DEBUG 25032 --- [itineria] [http-nio-8080-exec-4] o.s.security.web.FilterChainProxy        : Securing GET /
2026-08-24T19:53:12.210+02:00 DEBUG 25032 --- [itineria] [http-nio-8080-exec-4] o.s.security.web.FilterChainProxy        : Secured GET /
2026-08-24T19:53:12.615+02:00 DEBUG 25032 --- [itineria] [http-nio-8080-exec-3] o.s.security.web.FilterChainProxy        : Securing GET /css/style.css
2026-08-24T19:53:12.615+02:00 DEBUG 25032 --- [itineria] [http-nio-8080-exec-3] o.s.security.web.FilterChainProxy        : Secured GET /css/style.css
2026-08-24T19:53:12.638+02:00 DEBUG 25032 --- [itineria] [http-nio-8080-exec-3] o.s.s.w.a.AnonymousAuthenticationFilter  : Set SecurityContextHolder to anonymous SecurityContext
2026-08-24T19:53:12.659+02:00 DEBUG 25032 --- [itineria] [http-nio-8080-exec-5] o.s.security.web.FilterChainProxy        : Securing GET /images/torino-hero.jpg
2026-08-24T19:53:12.660+02:00 DEBUG 25032 --- [itineria] [http-nio-8080-exec-5] o.s.security.web.FilterChainProxy        : Secured GET /images/torino-hero.jpg
2026-08-24T19:53:12.669+02:00 DEBUG 25032 --- [itineria] [http-nio-8080-exec-5] o.s.s.w.a.AnonymousAuthenticationFilter  : Set SecurityContextHolder to anonymous SecurityContext
2026-08-24T19:53:12.670+02:00 DEBUG 25032 --- [itineria] [http-nio-8080-exec-5] o.s.security.web.FilterChainProxy        : Securing GET /error
2026-08-24T19:53:12.671+02:00 DEBUG 25032 --- [itineria] [http-nio-8080-exec-5] o.s.security.web.FilterChainProxy        : Secured GET /error
2026-08-24T19:53:12.680+02:00 DEBUG 25032 --- [itineria] [http-nio-8080-exec-4] o.s.s.w.a.AnonymousAuthenticationFilter  : Set SecurityContextHolder to anonymous SecurityContext
2026-08-24T19:53:12.700+02:00 DEBUG 25032 --- [itineria] [http-nio-8080-exec-5] o.s.s.w.a.AnonymousAuthenticationFilter  : Set SecurityContextHolder to anonymous SecurityContext
2026-08-24T19:53:15.233+02:00 DEBUG 25032 --- [itineria] [http-nio-8080-exec-6] o.s.security.web.FilterChainProxy        : Securing GET /login
2026-08-24T19:53:15.234+02:00 DEBUG 25032 --- [itineria] [http-nio-8080-exec-6] o.s.security.web.FilterChainProxy        : Secured GET /login
2026-08-24T19:53:15.237+02:00 DEBUG 25032 --- [itineria] [http-nio-8080-exec-6] o.s.s.w.a.AnonymousAuthenticationFilter  : Set SecurityContextHolder to anonymous SecurityContext
2026-08-24T19:53:15.241+02:00 DEBUG 25032 --- [itineria] [http-nio-8080-exec-6] o.s.security.web.FilterChainProxy        : Securing GET /error
2026-08-24T19:53:15.242+02:00 DEBUG 25032 --- [itineria] [http-nio-8080-exec-6] o.s.security.web.FilterChainProxy        : Secured GET /error
2026-08-24T19:53:15.260+02:00 DEBUG 25032 --- [itineria] [http-nio-8080-exec-6] o.s.s.w.a.AnonymousAuthenticationFilter  : Set SecurityContextHolder to anonymous SecurityContext
2026-08-24T19:53:23.853+02:00 DEBUG 25032 --- [itineria] [http-nio-8080-exec-7] o.s.security.web.FilterChainProxy        : Securing GET /contatti
2026-08-24T19:53:23.857+02:00 DEBUG 25032 --- [itineria] [http-nio-8080-exec-7] o.s.security.web.FilterChainProxy        : Secured GET /contatti
2026-08-24T19:53:23.864+02:00 DEBUG 25032 --- [itineria] [http-nio-8080-exec-7] o.s.s.w.a.AnonymousAuthenticationFilter  : Set SecurityContextHolder to anonymous SecurityContext
2026-08-24T19:53:23.866+02:00 DEBUG 25032 --- [itineria] [http-nio-8080-exec-7] o.s.security.web.FilterChainProxy        : Securing GET /error
2026-08-24T19:53:23.867+02:00 DEBUG 25032 --- [itineria] [http-nio-8080-exec-7] o.s.security.web.FilterChainProxy        : Secured GET /error
2026-08-24T19:53:23.877+02:00 DEBUG 25032 --- [itineria] [http-nio-8080-exec-7] o.s.s.w.a.AnonymousAuthenticationFilter  : Set SecurityContextHolder to anonymous SecurityContext
2026-08-24T19:53:34.632+02:00 DEBUG 25032 --- [itineria] [http-nio-8080-exec-8] o.s.security.web.FilterChainProxy        : Securing GET /luoghi
2026-08-24T19:53:34.634+02:00 DEBUG 25032 --- [itineria] [http-nio-8080-exec-8] o.s.security.web.FilterChainProxy        : Secured GET /luoghi
2026-08-24T19:53:34.639+02:00 DEBUG 25032 --- [itineria] [http-nio-8080-exec-8] o.s.s.w.a.AnonymousAuthenticationFilter  : Set SecurityContextHolder to anonymous SecurityContext
2026-08-24T19:53:34.641+02:00 DEBUG 25032 --- [itineria] [http-nio-8080-exec-8] o.s.security.web.FilterChainProxy        : Securing GET /error
2026-08-24T19:53:34.642+02:00 DEBUG 25032 --- [itineria] [http-nio-8080-exec-8] o.s.security.web.FilterChainProxy        : Secured GET /error
2026-08-24T19:53:34.655+02:00 DEBUG 25032 --- [itineria] [http-nio-8080-exec-8] o.s.s.w.a.AnonymousAuthenticationFilter  : Set SecurityContextHolder to anonymous SecurityContext
2026-08-24T20:10:29.134+02:00  INFO 18664 --- [itineria] [restartedMain] c.q.itineria.ItineriaApplication         : Starting ItineriaApplication using Java 21.0.11 with PID 18664 (D:\Sette Maria Agnese Computer\VisualStudioCode\itineria\target\classes started by sette in D:\Sette Maria Agnese Computer\VisualStudioCode\itineria)
2026-08-24T20:10:29.139+02:00  INFO 18664 --- [itineria] [restartedMain] c.q.itineria.ItineriaApplication         : No active profile set, falling back to 1 default profile: "default"
2026-08-24T20:10:29.195+02:00  INFO 18664 --- [itineria] [restartedMain] .e.DevToolsPropertyDefaultsPostProcessor : Devtools property defaults active! Set 'spring.devtools.add-properties' to 'false' to disable
2026-08-24T20:10:29.195+02:00  INFO 18664 --- [itineria] [restartedMain] .e.DevToolsPropertyDefaultsPostProcessor : For additional web related logging consider setting the 'logging.level.web' property to 'DEBUG'
2026-08-24T20:10:31.079+02:00  INFO 18664 --- [itineria] [restartedMain] .s.d.r.c.RepositoryConfigurationDelegate : Bootstrapping Spring Data JPA repositories in DEFAULT mode.
2026-08-24T20:10:31.176+02:00  INFO 18664 --- [itineria] [restartedMain] .s.d.r.c.RepositoryConfigurationDelegate : Finished Spring Data repository scanning in 95 ms. Found 12 JPA repository interfaces.
2026-08-24T20:10:33.553+02:00  INFO 18664 --- [itineria] [restartedMain] o.s.boot.tomcat.TomcatWebServer          : Tomcat initialized with port 8080 (http)
2026-08-24T20:10:33.607+02:00  INFO 18664 --- [itineria] [restartedMain] o.apache.catalina.core.StandardService   : Starting service [Tomcat]
2026-08-24T20:10:33.607+02:00  INFO 18664 --- [itineria] [restartedMain] o.apache.catalina.core.StandardEngine    : Starting Servlet engine: [Apache Tomcat/11.0.22]
2026-08-24T20:10:33.751+02:00  INFO 18664 --- [itineria] [restartedMain] b.w.c.s.WebApplicationContextInitializer : Root WebApplicationContext: initialization completed in 4556 ms
2026-08-24T20:10:34.305+02:00  INFO 18664 --- [itineria] [restartedMain] com.zaxxer.hikari.HikariDataSource       : HikariPool-1 - Starting...
2026-08-24T20:10:34.685+02:00  INFO 18664 --- [itineria] [restartedMain] com.zaxxer.hikari.pool.HikariPool        : HikariPool-1 - Added connection com.mysql.cj.jdbc.ConnectionImpl@470ce4a1
2026-08-24T20:10:34.685+02:00  INFO 18664 --- [itineria] [restartedMain] com.zaxxer.hikari.HikariDataSource       : HikariPool-1 - Start completed.
2026-08-24T20:10:34.777+02:00  INFO 18664 --- [itineria] [restartedMain] org.flywaydb.core.FlywayExecutor         : Database: jdbc:mysql://localhost:3306/itineria?useSSL=false&serverTimezone=UTC&allowPublicKeyRetrieval=true (MySQL 8.0)
2026-08-24T20:10:34.943+02:00  INFO 18664 --- [itineria] [restartedMain] o.f.core.internal.command.DbValidate     : Successfully validated 2 migrations (execution time 00:00.062s)
2026-08-24T20:10:34.967+02:00  INFO 18664 --- [itineria] [restartedMain] o.f.core.internal.command.DbMigrate      : Current version of schema `itineria`: 2
2026-08-24T20:10:34.973+02:00  INFO 18664 --- [itineria] [restartedMain] o.f.core.internal.command.DbMigrate      : Schema `itineria` is up to date. No migration necessary.
2026-08-24T20:10:35.242+02:00  INFO 18664 --- [itineria] [restartedMain] org.hibernate.orm.jpa                    : HHH008540: Processing PersistenceUnitInfo [name: default]
2026-08-24T20:10:35.376+02:00  INFO 18664 --- [itineria] [restartedMain] org.hibernate.orm.core                   : HHH000001: Hibernate ORM core version 7.4.1.Final
2026-08-24T20:10:35.925+02:00  INFO 18664 --- [itineria] [restartedMain] o.s.o.j.p.SpringPersistenceUnitInfo      : No LoadTimeWeaver setup: ignoring JPA class transformer
2026-08-24T20:10:36.046+02:00  WARN 18664 --- [itineria] [restartedMain] org.hibernate.orm.deprecation            : HHH90000025: MySQLDialect does not need to be specified explicitly using 'hibernate.dialect' (remove the property setting and it will be selected by default)
2026-08-24T20:10:36.079+02:00  INFO 18664 --- [itineria] [restartedMain] org.hibernate.orm.connections.pooling    : HHH10001005: Database info:
	Database JDBC URL [jdbc:mysql://localhost:3306/itineria?useSSL=false&serverTimezone=UTC&allowPublicKeyRetrieval=true]
	Database driver: MySQL Connector/J
	Database dialect: MySQLDialect
	Database version: 8.0.46
	Default catalog/schema: itineria/undefined
	Autocommit mode: undefined/unknown
	Isolation level: REPEATABLE_READ [default REPEATABLE_READ]
	JDBC fetch size: none
	Pool: DataSourceConnectionProvider
	Minimum pool size: undefined/unknown
	Maximum pool size: undefined/unknown
2026-08-24T20:10:37.640+02:00  INFO 18664 --- [itineria] [restartedMain] org.hibernate.orm.core                   : HHH000489: No JTA platform available (set 'hibernate.transaction.jta.platform' to enable JTA platform integration)
2026-08-24T20:10:37.706+02:00  INFO 18664 --- [itineria] [restartedMain] j.LocalContainerEntityManagerFactoryBean : Initialized JPA EntityManagerFactory for persistence unit 'default'
2026-08-24T20:10:37.825+02:00  INFO 18664 --- [itineria] [restartedMain] o.s.d.j.r.query.QueryEnhancerFactories   : Hibernate is in classpath; If applicable, HQL parser will be used.
2026-08-24T20:10:39.475+02:00  WARN 18664 --- [itineria] [restartedMain] JpaBaseConfiguration$JpaWebConfiguration : spring.jpa.open-in-view is enabled by default. Therefore, database queries may be performed during view rendering. Explicitly configure spring.jpa.open-in-view to disable this warning
2026-08-24T20:10:39.645+02:00  INFO 18664 --- [itineria] [restartedMain] r$InitializeUserDetailsManagerConfigurer : Global AuthenticationManager configured with UserDetailsService bean with name customerUserDetailsService
2026-08-24T20:10:39.880+02:00 DEBUG 18664 --- [itineria] [restartedMain] o.s.s.web.DefaultSecurityFilterChain     : Will secure any request with filters: DisableEncodeUrlFilter, WebAsyncManagerIntegrationFilter, SecurityContextHolderFilter, HeaderWriterFilter, CsrfFilter, LogoutFilter, UsernamePasswordAuthenticationFilter, RequestCacheAwareFilter, SecurityContextHolderAwareRequestFilter, AnonymousAuthenticationFilter, ExceptionTranslationFilter, AuthorizationFilter
2026-08-24T20:10:39.940+02:00  INFO 18664 --- [itineria] [restartedMain] o.s.b.w.a.WelcomePageHandlerMapping      : Adding welcome page template: index
2026-08-24T20:10:40.475+02:00  INFO 18664 --- [itineria] [restartedMain] o.s.boot.tomcat.TomcatWebServer          : Tomcat started on port 8080 (http) with context path '/'
2026-08-24T20:10:40.488+02:00  INFO 18664 --- [itineria] [restartedMain] c.q.itineria.ItineriaApplication         : Started ItineriaApplication in 11.786 seconds (process running for 12.284)
2026-08-24T20:10:47.858+02:00  INFO 18664 --- [itineria] [http-nio-8080-exec-1] o.a.c.c.C.[Tomcat].[localhost].[/]       : Initializing Spring DispatcherServlet 'dispatcherServlet'
2026-08-24T20:10:47.858+02:00  INFO 18664 --- [itineria] [http-nio-8080-exec-1] o.s.web.servlet.DispatcherServlet        : Initializing Servlet 'dispatcherServlet'
2026-08-24T20:10:47.858+02:00  INFO 18664 --- [itineria] [http-nio-8080-exec-1] o.s.web.servlet.DispatcherServlet        : Completed initialization in 0 ms
2026-08-24T20:10:47.873+02:00 DEBUG 18664 --- [itineria] [http-nio-8080-exec-1] o.s.security.web.FilterChainProxy        : Securing GET /
2026-08-24T20:10:47.885+02:00 DEBUG 18664 --- [itineria] [http-nio-8080-exec-1] o.s.security.web.FilterChainProxy        : Secured GET /
2026-08-24T20:10:48.260+02:00 DEBUG 18664 --- [itineria] [http-nio-8080-exec-2] o.s.security.web.FilterChainProxy        : Securing GET /css/style.css
2026-08-24T20:10:48.263+02:00 DEBUG 18664 --- [itineria] [http-nio-8080-exec-2] o.s.security.web.FilterChainProxy        : Secured GET /css/style.css
2026-08-24T20:10:48.285+02:00 DEBUG 18664 --- [itineria] [http-nio-8080-exec-2] o.s.s.w.a.AnonymousAuthenticationFilter  : Set SecurityContextHolder to anonymous SecurityContext
2026-08-24T20:10:48.322+02:00 DEBUG 18664 --- [itineria] [http-nio-8080-exec-1] o.s.s.w.a.AnonymousAuthenticationFilter  : Set SecurityContextHolder to anonymous SecurityContext
2026-08-24T20:10:48.325+02:00 DEBUG 18664 --- [itineria] [http-nio-8080-exec-3] o.s.security.web.FilterChainProxy        : Securing GET /images/torino-hero.jpg
2026-08-24T20:10:48.332+02:00 DEBUG 18664 --- [itineria] [http-nio-8080-exec-3] o.s.security.web.FilterChainProxy        : Secured GET /images/torino-hero.jpg
2026-08-24T20:10:48.336+02:00 DEBUG 18664 --- [itineria] [http-nio-8080-exec-3] o.s.s.w.a.AnonymousAuthenticationFilter  : Set SecurityContextHolder to anonymous SecurityContext
2026-08-24T20:10:48.343+02:00 DEBUG 18664 --- [itineria] [http-nio-8080-exec-3] o.s.security.web.FilterChainProxy        : Securing GET /error
2026-08-24T20:10:48.343+02:00 DEBUG 18664 --- [itineria] [http-nio-8080-exec-3] o.s.security.web.FilterChainProxy        : Secured GET /error
2026-08-24T20:10:48.376+02:00 DEBUG 18664 --- [itineria] [http-nio-8080-exec-3] o.s.s.w.a.AnonymousAuthenticationFilter  : Set SecurityContextHolder to anonymous SecurityContext
2026-08-24T20:10:58.815+02:00 DEBUG 18664 --- [itineria] [http-nio-8080-exec-4] o.s.security.web.FilterChainProxy        : Securing GET /biblioteche
2026-08-24T20:10:58.815+02:00 DEBUG 18664 --- [itineria] [http-nio-8080-exec-4] o.s.security.web.FilterChainProxy        : Secured GET /biblioteche
2026-08-24T20:10:59.165+02:00 DEBUG 18664 --- [itineria] [http-nio-8080-exec-4] org.hibernate.SQL                        : 
    select
        b1_0.id,
        b1_1.accessibilita,
        b1_1.id_citta,
        b1_1.created_at,
        b1_1.descrizione,
        b1_1.email,
        b1_1.indirizzo,
        b1_1.link_sito,
        b1_1.id_manager,
        b1_1.nome,
        b1_1.numero_telefono,
        b1_1.sempre_aperto,
        b1_1.tipo,
        b1_1.updated_at,
        b1_1.version,
        b1_0.area_bambini,
        b1_0.area_computer,
        b1_0.pubblico,
        b1_0.wifi 
    from
        biblioteche b1_0 
    join
        luoghi_interesse b1_1 
            on b1_0.id=b1_1.id 
    limit
        ?, ?
2026-08-24T20:10:59.176+02:00 TRACE 18664 --- [itineria] [http-nio-8080-exec-4] org.hibernate.orm.jdbc.bind              : binding parameter (1:INTEGER) <- [0]
2026-08-24T20:10:59.180+02:00 TRACE 18664 --- [itineria] [http-nio-8080-exec-4] org.hibernate.orm.jdbc.bind              : binding parameter (2:INTEGER) <- [20]
2026-08-24T20:10:59.311+02:00 DEBUG 18664 --- [itineria] [http-nio-8080-exec-4] org.hibernate.SQL                        : 
    select
        c1_0.id,
        c1_0.created_at,
        c1_0.descrizione,
        c1_0.nome,
        c1_0.regione,
        c1_0.updated_at,
        c1_0.version 
    from
        citta c1_0 
    where
        c1_0.id=?
2026-08-24T20:10:59.315+02:00 TRACE 18664 --- [itineria] [http-nio-8080-exec-4] org.hibernate.orm.jdbc.bind              : binding parameter (1:BIGINT) <- [1]
2026-08-24T20:10:59.496+02:00 DEBUG 18664 --- [itineria] [http-nio-8080-exec-4] org.hibernate.SQL                        : 
    select
        b1_0.id,
        b1_1.accessibilita,
        b1_1.id_citta,
        b1_1.created_at,
        b1_1.descrizione,
        b1_1.email,
        b1_1.indirizzo,
        b1_1.link_sito,
        b1_1.id_manager,
        b1_1.nome,
        b1_1.numero_telefono,
        b1_1.sempre_aperto,
        b1_1.tipo,
        b1_1.updated_at,
        b1_1.version,
        b1_0.area_bambini,
        b1_0.area_computer,
        b1_0.pubblico,
        b1_0.wifi 
    from
        biblioteche b1_0 
    join
        luoghi_interesse b1_1 
            on b1_0.id=b1_1.id 
    where
        b1_0.pubblico=? 
    limit
        ?, ?
2026-08-24T20:10:59.499+02:00 TRACE 18664 --- [itineria] [http-nio-8080-exec-4] org.hibernate.orm.jdbc.bind              : binding parameter (1:BOOLEAN) <- [true]
2026-08-24T20:10:59.499+02:00 TRACE 18664 --- [itineria] [http-nio-8080-exec-4] org.hibernate.orm.jdbc.bind              : binding parameter (2:INTEGER) <- [0]
2026-08-24T20:10:59.506+02:00 TRACE 18664 --- [itineria] [http-nio-8080-exec-4] org.hibernate.orm.jdbc.bind              : binding parameter (3:INTEGER) <- [6]
2026-08-24T20:10:59.545+02:00 DEBUG 18664 --- [itineria] [http-nio-8080-exec-4] org.hibernate.SQL                        : 
    select
        b1_0.id,
        b1_1.accessibilita,
        b1_1.id_citta,
        b1_1.created_at,
        b1_1.descrizione,
        b1_1.email,
        b1_1.indirizzo,
        b1_1.link_sito,
        b1_1.id_manager,
        b1_1.nome,
        b1_1.numero_telefono,
        b1_1.sempre_aperto,
        b1_1.tipo,
        b1_1.updated_at,
        b1_1.version,
        b1_0.area_bambini,
        b1_0.area_computer,
        b1_0.pubblico,
        b1_0.wifi 
    from
        biblioteche b1_0 
    join
        luoghi_interesse b1_1 
            on b1_0.id=b1_1.id 
    where
        b1_0.wifi=? 
    limit
        ?, ?
2026-08-24T20:10:59.551+02:00 TRACE 18664 --- [itineria] [http-nio-8080-exec-4] org.hibernate.orm.jdbc.bind              : binding parameter (1:BOOLEAN) <- [true]
2026-08-24T20:10:59.551+02:00 TRACE 18664 --- [itineria] [http-nio-8080-exec-4] org.hibernate.orm.jdbc.bind              : binding parameter (2:INTEGER) <- [0]
2026-08-24T20:10:59.555+02:00 TRACE 18664 --- [itineria] [http-nio-8080-exec-4] org.hibernate.orm.jdbc.bind              : binding parameter (3:INTEGER) <- [6]
2026-08-24T20:10:59.589+02:00 DEBUG 18664 --- [itineria] [http-nio-8080-exec-4] org.hibernate.SQL                        : 
    select
        b1_0.id,
        b1_1.accessibilita,
        b1_1.id_citta,
        b1_1.created_at,
        b1_1.descrizione,
        b1_1.email,
        b1_1.indirizzo,
        b1_1.link_sito,
        b1_1.id_manager,
        b1_1.nome,
        b1_1.numero_telefono,
        b1_1.sempre_aperto,
        b1_1.tipo,
        b1_1.updated_at,
        b1_1.version,
        b1_0.area_bambini,
        b1_0.area_computer,
        b1_0.pubblico,
        b1_0.wifi 
    from
        biblioteche b1_0 
    join
        luoghi_interesse b1_1 
            on b1_0.id=b1_1.id 
    where
        b1_0.area_computer=? 
    limit
        ?, ?
2026-08-24T20:10:59.590+02:00 TRACE 18664 --- [itineria] [http-nio-8080-exec-4] org.hibernate.orm.jdbc.bind              : binding parameter (1:BOOLEAN) <- [true]
2026-08-24T20:10:59.597+02:00 TRACE 18664 --- [itineria] [http-nio-8080-exec-4] org.hibernate.orm.jdbc.bind              : binding parameter (2:INTEGER) <- [0]
2026-08-24T20:10:59.597+02:00 TRACE 18664 --- [itineria] [http-nio-8080-exec-4] org.hibernate.orm.jdbc.bind              : binding parameter (3:INTEGER) <- [6]
2026-08-24T20:10:59.625+02:00 DEBUG 18664 --- [itineria] [http-nio-8080-exec-4] org.hibernate.SQL                        : 
    select
        b1_0.id,
        b1_1.accessibilita,
        b1_1.id_citta,
        b1_1.created_at,
        b1_1.descrizione,
        b1_1.email,
        b1_1.indirizzo,
        b1_1.link_sito,
        b1_1.id_manager,
        b1_1.nome,
        b1_1.numero_telefono,
        b1_1.sempre_aperto,
        b1_1.tipo,
        b1_1.updated_at,
        b1_1.version,
        b1_0.area_bambini,
        b1_0.area_computer,
        b1_0.pubblico,
        b1_0.wifi 
    from
        biblioteche b1_0 
    join
        luoghi_interesse b1_1 
            on b1_0.id=b1_1.id 
    where
        b1_0.area_bambini=? 
    limit
        ?, ?
2026-08-24T20:10:59.640+02:00 TRACE 18664 --- [itineria] [http-nio-8080-exec-4] org.hibernate.orm.jdbc.bind              : binding parameter (1:BOOLEAN) <- [true]
2026-08-24T20:10:59.649+02:00 TRACE 18664 --- [itineria] [http-nio-8080-exec-4] org.hibernate.orm.jdbc.bind              : binding parameter (2:INTEGER) <- [0]
2026-08-24T20:10:59.649+02:00 TRACE 18664 --- [itineria] [http-nio-8080-exec-4] org.hibernate.orm.jdbc.bind              : binding parameter (3:INTEGER) <- [6]
2026-08-24T20:10:59.697+02:00 DEBUG 18664 --- [itineria] [http-nio-8080-exec-4] org.hibernate.SQL                        : 
    select
        b1_0.id,
        b1_1.accessibilita,
        b1_1.id_citta,
        b1_1.created_at,
        b1_1.descrizione,
        b1_1.email,
        b1_1.indirizzo,
        b1_1.link_sito,
        b1_1.id_manager,
        b1_1.nome,
        b1_1.numero_telefono,
        b1_1.sempre_aperto,
        b1_1.tipo,
        b1_1.updated_at,
        b1_1.version,
        b1_0.area_bambini,
        b1_0.area_computer,
        b1_0.pubblico,
        b1_0.wifi 
    from
        biblioteche b1_0 
    join
        luoghi_interesse b1_1 
            on b1_0.id=b1_1.id 
    where
        b1_1.sempre_aperto=? 
    limit
        ?, ?
2026-08-24T20:10:59.716+02:00 TRACE 18664 --- [itineria] [http-nio-8080-exec-4] org.hibernate.orm.jdbc.bind              : binding parameter (1:BOOLEAN) <- [true]
2026-08-24T20:10:59.723+02:00 TRACE 18664 --- [itineria] [http-nio-8080-exec-4] org.hibernate.orm.jdbc.bind              : binding parameter (2:INTEGER) <- [0]
2026-08-24T20:10:59.726+02:00 TRACE 18664 --- [itineria] [http-nio-8080-exec-4] org.hibernate.orm.jdbc.bind              : binding parameter (3:INTEGER) <- [6]
2026-08-24T20:10:59.756+02:00 DEBUG 18664 --- [itineria] [http-nio-8080-exec-4] org.hibernate.SQL                        : 
    select
        b1_0.id,
        b1_1.accessibilita,
        b1_1.id_citta,
        b1_1.created_at,
        b1_1.descrizione,
        b1_1.email,
        b1_1.indirizzo,
        b1_1.link_sito,
        b1_1.id_manager,
        b1_1.nome,
        b1_1.numero_telefono,
        b1_1.sempre_aperto,
        b1_1.tipo,
        b1_1.updated_at,
        b1_1.version,
        b1_0.area_bambini,
        b1_0.area_computer,
        b1_0.pubblico,
        b1_0.wifi 
    from
        biblioteche b1_0 
    join
        luoghi_interesse b1_1 
            on b1_0.id=b1_1.id 
    where
        b1_1.accessibilita=? 
    limit
        ?, ?
2026-08-24T20:10:59.771+02:00 TRACE 18664 --- [itineria] [http-nio-8080-exec-4] org.hibernate.orm.jdbc.bind              : binding parameter (1:ENUM) <- [COMPLETA]
2026-08-24T20:10:59.776+02:00 TRACE 18664 --- [itineria] [http-nio-8080-exec-4] org.hibernate.orm.jdbc.bind              : binding parameter (2:INTEGER) <- [0]
2026-08-24T20:10:59.780+02:00 TRACE 18664 --- [itineria] [http-nio-8080-exec-4] org.hibernate.orm.jdbc.bind              : binding parameter (3:INTEGER) <- [6]
2026-08-24T20:10:59.861+02:00 ERROR 18664 --- [itineria] [http-nio-8080-exec-4] org.thymeleaf.TemplateEngine             : [THYMELEAF][http-nio-8080-exec-4] Exception processing template "luoghi_interesse/biblioteche": An error happened during template parsing (template: "class path resource [templates/luoghi_interesse/biblioteche.html]")

org.thymeleaf.exceptions.TemplateInputException: An error happened during template parsing (template: "class path resource [templates/luoghi_interesse/biblioteche.html]")
	at org.thymeleaf.templateparser.markup.AbstractMarkupTemplateParser.parse(AbstractMarkupTemplateParser.java:241) ~[thymeleaf-3.1.5.RELEASE.jar:3.1.5.RELEASE]
	at org.thymeleaf.templateparser.markup.AbstractMarkupTemplateParser.parseStandalone(AbstractMarkupTemplateParser.java:100) ~[thymeleaf-3.1.5.RELEASE.jar:3.1.5.RELEASE]
	at org.thymeleaf.engine.TemplateManager.parseAndProcess(TemplateManager.java:666) ~[thymeleaf-3.1.5.RELEASE.jar:3.1.5.RELEASE]
	at org.thymeleaf.TemplateEngine.process(TemplateEngine.java:1103) ~[thymeleaf-3.1.5.RELEASE.jar:3.1.5.RELEASE]
	at org.thymeleaf.TemplateEngine.process(TemplateEngine.java:1077) ~[thymeleaf-3.1.5.RELEASE.jar:3.1.5.RELEASE]
	at org.thymeleaf.spring6.view.ThymeleafView.renderFragment(ThymeleafView.java:374) ~[thymeleaf-spring6-3.1.5.RELEASE.jar:3.1.5.RELEASE]
	at org.thymeleaf.spring6.view.ThymeleafView.render(ThymeleafView.java:193) ~[thymeleaf-spring6-3.1.5.RELEASE.jar:3.1.5.RELEASE]
	at org.springframework.web.servlet.DispatcherServlet.render(DispatcherServlet.java:1305) ~[spring-webmvc-7.0.8.jar:7.0.8]
	at org.springframework.web.servlet.DispatcherServlet.processDispatchResult(DispatcherServlet.java:1042) ~[spring-webmvc-7.0.8.jar:7.0.8]
	at org.springframework.web.servlet.DispatcherServlet.doDispatch(DispatcherServlet.java:980) ~[spring-webmvc-7.0.8.jar:7.0.8]
	at org.springframework.web.servlet.DispatcherServlet.doService(DispatcherServlet.java:866) ~[spring-webmvc-7.0.8.jar:7.0.8]
	at org.springframework.web.servlet.FrameworkServlet.processRequest(FrameworkServlet.java:1000) ~[spring-webmvc-7.0.8.jar:7.0.8]
	at org.springframework.web.servlet.FrameworkServlet.doGet(FrameworkServlet.java:892) ~[spring-webmvc-7.0.8.jar:7.0.8]
	at jakarta.servlet.http.HttpServlet.service(HttpServlet.java:622) ~[tomcat-embed-core-11.0.22.jar:6.1]
	at org.springframework.web.servlet.FrameworkServlet.service(FrameworkServlet.java:874) ~[spring-webmvc-7.0.8.jar:7.0.8]
	at jakarta.servlet.http.HttpServlet.service(HttpServlet.java:710) ~[tomcat-embed-core-11.0.22.jar:6.1]
	at org.apache.catalina.core.ApplicationFilterChain.doFilter(ApplicationFilterChain.java:128) ~[tomcat-embed-core-11.0.22.jar:11.0.22]
	at org.apache.tomcat.websocket.server.WsFilter.doFilter(WsFilter.java:53) ~[tomcat-embed-websocket-11.0.22.jar:11.0.22]
	at org.apache.catalina.core.ApplicationFilterChain.doFilter(ApplicationFilterChain.java:107) ~[tomcat-embed-core-11.0.22.jar:11.0.22]
	at org.springframework.web.filter.CompositeFilter$VirtualFilterChain.doFilter(CompositeFilter.java:108) ~[spring-web-7.0.8.jar:7.0.8]
	at org.springframework.security.web.FilterChainProxy.lambda$doFilterInternal$2(FilterChainProxy.java:235) ~[spring-security-web-7.1.0.jar:7.1.0]
	at org.springframework.security.web.FilterChainProxy$VirtualFilterChain.doFilter(FilterChainProxy.java:376) ~[spring-security-web-7.1.0.jar:7.1.0]
	at org.springframework.security.web.access.intercept.AuthorizationFilter.doFilter(AuthorizationFilter.java:101) ~[spring-security-web-7.1.0.jar:7.1.0]
	at org.springframework.security.web.FilterChainProxy$VirtualFilterChain.doFilter(FilterChainProxy.java:385) ~[spring-security-web-7.1.0.jar:7.1.0]
	at org.springframework.security.web.access.ExceptionTranslationFilter.doFilter(ExceptionTranslationFilter.java:126) ~[spring-security-web-7.1.0.jar:7.1.0]
	at org.springframework.security.web.access.ExceptionTranslationFilter.doFilter(ExceptionTranslationFilter.java:120) ~[spring-security-web-7.1.0.jar:7.1.0]
	at org.springframework.security.web.FilterChainProxy$VirtualFilterChain.doFilter(FilterChainProxy.java:385) ~[spring-security-web-7.1.0.jar:7.1.0]
	at org.springframework.security.web.authentication.AnonymousAuthenticationFilter.doFilter(AnonymousAuthenticationFilter.java:100) ~[spring-security-web-7.1.0.jar:7.1.0]
	at org.springframework.security.web.FilterChainProxy$VirtualFilterChain.doFilter(FilterChainProxy.java:385) ~[spring-security-web-7.1.0.jar:7.1.0]
	at org.springframework.security.web.servletapi.SecurityContextHolderAwareRequestFilter.doFilter(SecurityContextHolderAwareRequestFilter.java:181) ~[spring-security-web-7.1.0.jar:7.1.0]
	at org.springframework.security.web.FilterChainProxy$VirtualFilterChain.doFilter(FilterChainProxy.java:385) ~[spring-security-web-7.1.0.jar:7.1.0]
	at org.springframework.security.web.savedrequest.RequestCacheAwareFilter.doFilter(RequestCacheAwareFilter.java:63) ~[spring-security-web-7.1.0.jar:7.1.0]
	at org.springframework.security.web.FilterChainProxy$VirtualFilterChain.doFilter(FilterChainProxy.java:385) ~[spring-security-web-7.1.0.jar:7.1.0]
	at org.springframework.security.web.authentication.AbstractAuthenticationProcessingFilter.doFilter(AbstractAuthenticationProcessingFilter.java:245) ~[spring-security-web-7.1.0.jar:7.1.0]
	at org.springframework.security.web.authentication.AbstractAuthenticationProcessingFilter.doFilter(AbstractAuthenticationProcessingFilter.java:239) ~[spring-security-web-7.1.0.jar:7.1.0]
	at org.springframework.security.web.FilterChainProxy$VirtualFilterChain.doFilter(FilterChainProxy.java:385) ~[spring-security-web-7.1.0.jar:7.1.0]
	at org.springframework.security.web.authentication.logout.LogoutFilter.doFilter(LogoutFilter.java:110) ~[spring-security-web-7.1.0.jar:7.1.0]
	at org.springframework.security.web.authentication.logout.LogoutFilter.doFilter(LogoutFilter.java:96) ~[spring-security-web-7.1.0.jar:7.1.0]
	at org.springframework.security.web.FilterChainProxy$VirtualFilterChain.doFilter(FilterChainProxy.java:385) ~[spring-security-web-7.1.0.jar:7.1.0]
	at org.springframework.security.web.csrf.CsrfFilter.doFilterInternal(CsrfFilter.java:118) ~[spring-security-web-7.1.0.jar:7.1.0]
	at org.springframework.web.filter.OncePerRequestFilter.doFilter(OncePerRequestFilter.java:116) ~[spring-web-7.0.8.jar:7.0.8]
	at org.springframework.security.web.FilterChainProxy$VirtualFilterChain.doFilter(FilterChainProxy.java:385) ~[spring-security-web-7.1.0.jar:7.1.0]
	at org.springframework.security.web.header.HeaderWriterFilter.doHeadersAfter(HeaderWriterFilter.java:90) ~[spring-security-web-7.1.0.jar:7.1.0]
	at org.springframework.security.web.header.HeaderWriterFilter.doFilterInternal(HeaderWriterFilter.java:75) ~[spring-security-web-7.1.0.jar:7.1.0]
	at org.springframework.web.filter.OncePerRequestFilter.doFilter(OncePerRequestFilter.java:116) ~[spring-web-7.0.8.jar:7.0.8]
	at org.springframework.security.web.FilterChainProxy$VirtualFilterChain.doFilter(FilterChainProxy.java:385) ~[spring-security-web-7.1.0.jar:7.1.0]
	at org.springframework.security.web.context.SecurityContextHolderFilter.doFilter(SecurityContextHolderFilter.java:82) ~[spring-security-web-7.1.0.jar:7.1.0]
	at org.springframework.security.web.context.SecurityContextHolderFilter.doFilter(SecurityContextHolderFilter.java:69) ~[spring-security-web-7.1.0.jar:7.1.0]
	at org.springframework.security.web.FilterChainProxy$VirtualFilterChain.doFilter(FilterChainProxy.java:385) ~[spring-security-web-7.1.0.jar:7.1.0]
	at org.springframework.security.web.context.request.async.WebAsyncManagerIntegrationFilter.doFilterInternal(WebAsyncManagerIntegrationFilter.java:62) ~[spring-security-web-7.1.0.jar:7.1.0]
	at org.springframework.web.filter.OncePerRequestFilter.doFilter(OncePerRequestFilter.java:116) ~[spring-web-7.0.8.jar:7.0.8]
	at org.springframework.security.web.FilterChainProxy$VirtualFilterChain.doFilter(FilterChainProxy.java:385) ~[spring-security-web-7.1.0.jar:7.1.0]
	at org.springframework.security.web.session.DisableEncodeUrlFilter.doFilterInternal(DisableEncodeUrlFilter.java:42) ~[spring-security-web-7.1.0.jar:7.1.0]
	at org.springframework.web.filter.OncePerRequestFilter.doFilter(OncePerRequestFilter.java:116) ~[spring-web-7.0.8.jar:7.0.8]
	at org.springframework.security.web.FilterChainProxy$VirtualFilterChain.doFilter(FilterChainProxy.java:385) ~[spring-security-web-7.1.0.jar:7.1.0]
	at org.springframework.security.web.FilterChainProxy.doFilterInternal(FilterChainProxy.java:237) ~[spring-security-web-7.1.0.jar:7.1.0]
	at org.springframework.security.web.FilterChainProxy.doFilter(FilterChainProxy.java:195) ~[spring-security-web-7.1.0.jar:7.1.0]
	at org.springframework.web.filter.CompositeFilter$VirtualFilterChain.doFilter(CompositeFilter.java:113) ~[spring-web-7.0.8.jar:7.0.8]
	at org.springframework.web.filter.ServletRequestPathFilter.doFilter(ServletRequestPathFilter.java:52) ~[spring-web-7.0.8.jar:7.0.8]
	at org.springframework.web.filter.CompositeFilter$VirtualFilterChain.doFilter(CompositeFilter.java:113) ~[spring-web-7.0.8.jar:7.0.8]
	at org.springframework.web.filter.CompositeFilter.doFilter(CompositeFilter.java:74) ~[spring-web-7.0.8.jar:7.0.8]
	at org.springframework.security.config.annotation.web.configuration.WebSecurityConfiguration$CompositeFilterChainProxy.doFilter(WebSecurityConfiguration.java:317) ~[spring-security-config-7.1.0.jar:7.1.0]
	at org.springframework.web.filter.DelegatingFilterProxy.invokeDelegate(DelegatingFilterProxy.java:355) ~[spring-web-7.0.8.jar:7.0.8]
	at org.springframework.web.filter.DelegatingFilterProxy.doFilter(DelegatingFilterProxy.java:272) ~[spring-web-7.0.8.jar:7.0.8]
	at org.apache.catalina.core.ApplicationFilterChain.doFilter(ApplicationFilterChain.java:107) ~[tomcat-embed-core-11.0.22.jar:11.0.22]
	at org.springframework.web.filter.RequestContextFilter.doFilterInternal(RequestContextFilter.java:100) ~[spring-web-7.0.8.jar:7.0.8]
	at org.springframework.web.filter.OncePerRequestFilter.doFilter(OncePerRequestFilter.java:116) ~[spring-web-7.0.8.jar:7.0.8]
	at org.apache.catalina.core.ApplicationFilterChain.doFilter(ApplicationFilterChain.java:107) ~[tomcat-embed-core-11.0.22.jar:11.0.22]
	at org.springframework.web.filter.FormContentFilter.doFilterInternal(FormContentFilter.java:93) ~[spring-web-7.0.8.jar:7.0.8]
	at org.springframework.web.filter.OncePerRequestFilter.doFilter(OncePerRequestFilter.java:116) ~[spring-web-7.0.8.jar:7.0.8]
	at org.apache.catalina.core.ApplicationFilterChain.doFilter(ApplicationFilterChain.java:107) ~[tomcat-embed-core-11.0.22.jar:11.0.22]
	at org.springframework.web.filter.CharacterEncodingFilter.doFilterInternal(CharacterEncodingFilter.java:199) ~[spring-web-7.0.8.jar:7.0.8]
	at org.springframework.web.filter.OncePerRequestFilter.doFilter(OncePerRequestFilter.java:116) ~[spring-web-7.0.8.jar:7.0.8]
	at org.apache.catalina.core.ApplicationFilterChain.doFilter(ApplicationFilterChain.java:107) ~[tomcat-embed-core-11.0.22.jar:11.0.22]
	at org.apache.catalina.core.StandardWrapperValve.invoke(StandardWrapperValve.java:165) ~[tomcat-embed-core-11.0.22.jar:11.0.22]
	at org.apache.catalina.core.StandardContextValve.invoke(StandardContextValve.java:77) ~[tomcat-embed-core-11.0.22.jar:11.0.22]
	at org.apache.catalina.authenticator.AuthenticatorBase.invoke(AuthenticatorBase.java:492) ~[tomcat-embed-core-11.0.22.jar:11.0.22]
	at org.apache.catalina.core.StandardHostValve.invoke(StandardHostValve.java:113) ~[tomcat-embed-core-11.0.22.jar:11.0.22]
	at org.apache.catalina.valves.ErrorReportValve.invoke(ErrorReportValve.java:83) ~[tomcat-embed-core-11.0.22.jar:11.0.22]
	at org.apache.catalina.core.StandardEngineValve.invoke(StandardEngineValve.java:72) ~[tomcat-embed-core-11.0.22.jar:11.0.22]
	at org.apache.catalina.connector.CoyoteAdapter.service(CoyoteAdapter.java:341) ~[tomcat-embed-core-11.0.22.jar:11.0.22]
	at org.apache.coyote.http11.Http11Processor.service(Http11Processor.java:397) ~[tomcat-embed-core-11.0.22.jar:11.0.22]
	at org.apache.coyote.AbstractProcessorLight.process(AbstractProcessorLight.java:63) ~[tomcat-embed-core-11.0.22.jar:11.0.22]
	at org.apache.coyote.AbstractProtocol$ConnectionHandler.process(AbstractProtocol.java:1272) ~[tomcat-embed-core-11.0.22.jar:11.0.22]
	at org.apache.tomcat.util.net.NioEndpoint$SocketProcessor.doRun(NioEndpoint.java:1801) ~[tomcat-embed-core-11.0.22.jar:11.0.22]
	at org.apache.tomcat.util.net.SocketProcessorBase.run(SocketProcessorBase.java:52) ~[tomcat-embed-core-11.0.22.jar:11.0.22]
	at org.apache.tomcat.util.threads.ThreadPoolExecutor.runWorker(ThreadPoolExecutor.java:946) ~[tomcat-embed-core-11.0.22.jar:11.0.22]
	at org.apache.tomcat.util.threads.ThreadPoolExecutor$Worker.run(ThreadPoolExecutor.java:480) ~[tomcat-embed-core-11.0.22.jar:11.0.22]
	at org.apache.tomcat.util.threads.TaskThread$WrappingRunnable.run(TaskThread.java:57) ~[tomcat-embed-core-11.0.22.jar:11.0.22]
	at java.base/java.lang.Thread.run(Unknown Source) ~[na:na]
Caused by: org.attoparser.ParseException: Exception evaluating SpringEL expression: "#lists.size(risultati.content) ?: 0" (template: "luoghi_interesse/biblioteche" - line 37, col 50)
	at org.attoparser.MarkupParser.parseDocument(MarkupParser.java:393) ~[attoparser-2.0.7.RELEASE.jar:2.0.7.RELEASE]
	at org.attoparser.MarkupParser.parse(MarkupParser.java:257) ~[attoparser-2.0.7.RELEASE.jar:2.0.7.RELEASE]
	at org.thymeleaf.templateparser.markup.AbstractMarkupTemplateParser.parse(AbstractMarkupTemplateParser.java:230) ~[thymeleaf-3.1.5.RELEASE.jar:3.1.5.RELEASE]
	... 89 common frames omitted
Caused by: org.thymeleaf.exceptions.TemplateProcessingException: Exception evaluating SpringEL expression: "#lists.size(risultati.content) ?: 0" (template: "luoghi_interesse/biblioteche" - line 37, col 50)
	at org.thymeleaf.spring6.expression.SPELVariableExpressionEvaluator.evaluate(SPELVariableExpressionEvaluator.java:302) ~[thymeleaf-spring6-3.1.5.RELEASE.jar:3.1.5.RELEASE]
	at org.thymeleaf.standard.expression.VariableExpression.executeVariableExpression(VariableExpression.java:166) ~[thymeleaf-3.1.5.RELEASE.jar:3.1.5.RELEASE]
	at org.thymeleaf.standard.expression.SimpleExpression.executeSimple(SimpleExpression.java:66) ~[thymeleaf-3.1.5.RELEASE.jar:3.1.5.RELEASE]
	at org.thymeleaf.standard.expression.Expression.execute(Expression.java:109) ~[thymeleaf-3.1.5.RELEASE.jar:3.1.5.RELEASE]
	at org.thymeleaf.standard.expression.AdditionExpression.executeAddition(AdditionExpression.java:89) ~[thymeleaf-3.1.5.RELEASE.jar:3.1.5.RELEASE]
	at org.thymeleaf.standard.expression.ComplexExpression.executeComplex(ComplexExpression.java:62) ~[thymeleaf-3.1.5.RELEASE.jar:3.1.5.RELEASE]
	at org.thymeleaf.standard.expression.Expression.execute(Expression.java:112) ~[thymeleaf-3.1.5.RELEASE.jar:3.1.5.RELEASE]
	at org.thymeleaf.standard.expression.Expression.execute(Expression.java:138) ~[thymeleaf-3.1.5.RELEASE.jar:3.1.5.RELEASE]
	at org.thymeleaf.standard.processor.AbstractStandardExpressionAttributeTagProcessor.doProcess(AbstractStandardExpressionAttributeTagProcessor.java:144) ~[thymeleaf-3.1.5.RELEASE.jar:3.1.5.RELEASE]
	at org.thymeleaf.processor.element.AbstractAttributeTagProcessor.doProcess(AbstractAttributeTagProcessor.java:74) ~[thymeleaf-3.1.5.RELEASE.jar:3.1.5.RELEASE]
	at org.thymeleaf.processor.element.AbstractElementTagProcessor.process(AbstractElementTagProcessor.java:95) ~[thymeleaf-3.1.5.RELEASE.jar:3.1.5.RELEASE]
	at org.thymeleaf.util.ProcessorConfigurationUtils$ElementTagProcessorWrapper.process(ProcessorConfigurationUtils.java:633) ~[thymeleaf-3.1.5.RELEASE.jar:3.1.5.RELEASE]
	at org.thymeleaf.engine.ProcessorTemplateHandler.handleOpenElement(ProcessorTemplateHandler.java:1314) ~[thymeleaf-3.1.5.RELEASE.jar:3.1.5.RELEASE]
	at org.thymeleaf.engine.TemplateHandlerAdapterMarkupHandler.handleOpenElementEnd(TemplateHandlerAdapterMarkupHandler.java:304) ~[thymeleaf-3.1.5.RELEASE.jar:3.1.5.RELEASE]
	at org.thymeleaf.templateparser.markup.InlinedOutputExpressionMarkupHandler$InlineMarkupAdapterPreProcessorHandler.handleOpenElementEnd(InlinedOutputExpressionMarkupHandler.java:278) ~[thymeleaf-3.1.5.RELEASE.jar:3.1.5.RELEASE]
	at org.thymeleaf.standard.inline.OutputExpressionInlinePreProcessorHandler.handleOpenElementEnd(OutputExpressionInlinePreProcessorHandler.java:186) ~[thymeleaf-3.1.5.RELEASE.jar:3.1.5.RELEASE]
	at org.thymeleaf.templateparser.markup.InlinedOutputExpressionMarkupHandler.handleOpenElementEnd(InlinedOutputExpressionMarkupHandler.java:124) ~[thymeleaf-3.1.5.RELEASE.jar:3.1.5.RELEASE]
	at org.attoparser.HtmlElement.handleOpenElementEnd(HtmlElement.java:109) ~[attoparser-2.0.7.RELEASE.jar:2.0.7.RELEASE]
	at org.attoparser.HtmlMarkupHandler.handleOpenElementEnd(HtmlMarkupHandler.java:297) ~[attoparser-2.0.7.RELEASE.jar:2.0.7.RELEASE]
	at org.attoparser.MarkupEventProcessorHandler.handleOpenElementEnd(MarkupEventProcessorHandler.java:402) ~[attoparser-2.0.7.RELEASE.jar:2.0.7.RELEASE]
	at org.attoparser.ParsingElementMarkupUtil.parseOpenElement(ParsingElementMarkupUtil.java:159) ~[attoparser-2.0.7.RELEASE.jar:2.0.7.RELEASE]
	at org.attoparser.MarkupParser.parseBuffer(MarkupParser.java:710) ~[attoparser-2.0.7.RELEASE.jar:2.0.7.RELEASE]
	at org.attoparser.MarkupParser.parseDocument(MarkupParser.java:301) ~[attoparser-2.0.7.RELEASE.jar:2.0.7.RELEASE]
	... 91 common frames omitted
Caused by: org.springframework.expression.spel.SpelEvaluationException: EL1007E: Property or field 'content' cannot be found on null
	at org.springframework.expression.spel.ast.PropertyOrFieldReference.readProperty(PropertyOrFieldReference.java:277) ~[spring-expression-7.0.8.jar:7.0.8]
	at org.springframework.expression.spel.ast.PropertyOrFieldReference.getValueInternal(PropertyOrFieldReference.java:123) ~[spring-expression-7.0.8.jar:7.0.8]
	at org.springframework.expression.spel.ast.PropertyOrFieldReference$AccessorValueRef.getValue(PropertyOrFieldReference.java:432) ~[spring-expression-7.0.8.jar:7.0.8]
	at org.springframework.expression.spel.ast.CompoundExpression.getValueInternal(CompoundExpression.java:97) ~[spring-expression-7.0.8.jar:7.0.8]
	at org.springframework.expression.spel.ast.MethodReference.getArguments(MethodReference.java:246) ~[spring-expression-7.0.8.jar:7.0.8]
	at org.springframework.expression.spel.ast.MethodReference.getValueRef(MethodReference.java:108) ~[spring-expression-7.0.8.jar:7.0.8]
	at org.springframework.expression.spel.ast.CompoundExpression.getValueRef(CompoundExpression.java:75) ~[spring-expression-7.0.8.jar:7.0.8]
	at org.springframework.expression.spel.ast.CompoundExpression.getValueInternal(CompoundExpression.java:96) ~[spring-expression-7.0.8.jar:7.0.8]
	at org.springframework.expression.spel.ast.Elvis.getValueInternal(Elvis.java:64) ~[spring-expression-7.0.8.jar:7.0.8]
	at org.springframework.expression.spel.ast.SpelNodeImpl.getValue(SpelNodeImpl.java:114) ~[spring-expression-7.0.8.jar:7.0.8]
	at org.springframework.expression.spel.standard.SpelExpression.getValue(SpelExpression.java:330) ~[spring-expression-7.0.8.jar:7.0.8]
	at org.thymeleaf.spring6.expression.SPELVariableExpressionEvaluator.evaluate(SPELVariableExpressionEvaluator.java:275) ~[thymeleaf-spring6-3.1.5.RELEASE.jar:3.1.5.RELEASE]
	... 113 common frames omitted

2026-08-24T20:10:59.919+02:00 DEBUG 18664 --- [itineria] [http-nio-8080-exec-4] o.s.s.w.a.AnonymousAuthenticationFilter  : Set SecurityContextHolder to anonymous SecurityContext
2026-08-24T20:10:59.919+02:00 ERROR 18664 --- [itineria] [http-nio-8080-exec-4] o.a.c.c.C.[.[.[/].[dispatcherServlet]    : Servlet.service() for servlet [dispatcherServlet] in context with path [] threw exception [Request processing failed: org.thymeleaf.exceptions.TemplateInputException: An error happened during template parsing (template: "class path resource [templates/luoghi_interesse/biblioteche.html]")] with root cause

org.springframework.expression.spel.SpelEvaluationException: EL1007E: Property or field 'content' cannot be found on null
	at org.springframework.expression.spel.ast.PropertyOrFieldReference.readProperty(PropertyOrFieldReference.java:277) ~[spring-expression-7.0.8.jar:7.0.8]
	at org.springframework.expression.spel.ast.PropertyOrFieldReference.getValueInternal(PropertyOrFieldReference.java:123) ~[spring-expression-7.0.8.jar:7.0.8]
	at org.springframework.expression.spel.ast.PropertyOrFieldReference$AccessorValueRef.getValue(PropertyOrFieldReference.java:432) ~[spring-expression-7.0.8.jar:7.0.8]
	at org.springframework.expression.spel.ast.CompoundExpression.getValueInternal(CompoundExpression.java:97) ~[spring-expression-7.0.8.jar:7.0.8]
	at org.springframework.expression.spel.ast.MethodReference.getArguments(MethodReference.java:246) ~[spring-expression-7.0.8.jar:7.0.8]
	at org.springframework.expression.spel.ast.MethodReference.getValueRef(MethodReference.java:108) ~[spring-expression-7.0.8.jar:7.0.8]
	at org.springframework.expression.spel.ast.CompoundExpression.getValueRef(CompoundExpression.java:75) ~[spring-expression-7.0.8.jar:7.0.8]
	at org.springframework.expression.spel.ast.CompoundExpression.getValueInternal(CompoundExpression.java:96) ~[spring-expression-7.0.8.jar:7.0.8]
	at org.springframework.expression.spel.ast.Elvis.getValueInternal(Elvis.java:64) ~[spring-expression-7.0.8.jar:7.0.8]
	at org.springframework.expression.spel.ast.SpelNodeImpl.getValue(SpelNodeImpl.java:114) ~[spring-expression-7.0.8.jar:7.0.8]
	at org.springframework.expression.spel.standard.SpelExpression.getValue(SpelExpression.java:330) ~[spring-expression-7.0.8.jar:7.0.8]
	at org.thymeleaf.spring6.expression.SPELVariableExpressionEvaluator.evaluate(SPELVariableExpressionEvaluator.java:275) ~[thymeleaf-spring6-3.1.5.RELEASE.jar:3.1.5.RELEASE]
	at org.thymeleaf.standard.expression.VariableExpression.executeVariableExpression(VariableExpression.java:166) ~[thymeleaf-3.1.5.RELEASE.jar:3.1.5.RELEASE]
	at org.thymeleaf.standard.expression.SimpleExpression.executeSimple(SimpleExpression.java:66) ~[thymeleaf-3.1.5.RELEASE.jar:3.1.5.RELEASE]
	at org.thymeleaf.standard.expression.Expression.execute(Expression.java:109) ~[thymeleaf-3.1.5.RELEASE.jar:3.1.5.RELEASE]
	at org.thymeleaf.standard.expression.AdditionExpression.executeAddition(AdditionExpression.java:89) ~[thymeleaf-3.1.5.RELEASE.jar:3.1.5.RELEASE]
	at org.thymeleaf.standard.expression.ComplexExpression.executeComplex(ComplexExpression.java:62) ~[thymeleaf-3.1.5.RELEASE.jar:3.1.5.RELEASE]
	at org.thymeleaf.standard.expression.Expression.execute(Expression.java:112) ~[thymeleaf-3.1.5.RELEASE.jar:3.1.5.RELEASE]
	at org.thymeleaf.standard.expression.Expression.execute(Expression.java:138) ~[thymeleaf-3.1.5.RELEASE.jar:3.1.5.RELEASE]
	at org.thymeleaf.standard.processor.AbstractStandardExpressionAttributeTagProcessor.doProcess(AbstractStandardExpressionAttributeTagProcessor.java:144) ~[thymeleaf-3.1.5.RELEASE.jar:3.1.5.RELEASE]
	at org.thymeleaf.processor.element.AbstractAttributeTagProcessor.doProcess(AbstractAttributeTagProcessor.java:74) ~[thymeleaf-3.1.5.RELEASE.jar:3.1.5.RELEASE]
	at org.thymeleaf.processor.element.AbstractElementTagProcessor.process(AbstractElementTagProcessor.java:95) ~[thymeleaf-3.1.5.RELEASE.jar:3.1.5.RELEASE]
	at org.thymeleaf.util.ProcessorConfigurationUtils$ElementTagProcessorWrapper.process(ProcessorConfigurationUtils.java:633) ~[thymeleaf-3.1.5.RELEASE.jar:3.1.5.RELEASE]
	at org.thymeleaf.engine.ProcessorTemplateHandler.handleOpenElement(ProcessorTemplateHandler.java:1314) ~[thymeleaf-3.1.5.RELEASE.jar:3.1.5.RELEASE]
	at org.thymeleaf.engine.TemplateHandlerAdapterMarkupHandler.handleOpenElementEnd(TemplateHandlerAdapterMarkupHandler.java:304) ~[thymeleaf-3.1.5.RELEASE.jar:3.1.5.RELEASE]
	at org.thymeleaf.templateparser.markup.InlinedOutputExpressionMarkupHandler$InlineMarkupAdapterPreProcessorHandler.handleOpenElementEnd(InlinedOutputExpressionMarkupHandler.java:278) ~[thymeleaf-3.1.5.RELEASE.jar:3.1.5.RELEASE]
	at org.thymeleaf.standard.inline.OutputExpressionInlinePreProcessorHandler.handleOpenElementEnd(OutputExpressionInlinePreProcessorHandler.java:186) ~[thymeleaf-3.1.5.RELEASE.jar:3.1.5.RELEASE]
	at org.thymeleaf.templateparser.markup.InlinedOutputExpressionMarkupHandler.handleOpenElementEnd(InlinedOutputExpressionMarkupHandler.java:124) ~[thymeleaf-3.1.5.RELEASE.jar:3.1.5.RELEASE]
	at org.attoparser.HtmlElement.handleOpenElementEnd(HtmlElement.java:109) ~[attoparser-2.0.7.RELEASE.jar:2.0.7.RELEASE]
	at org.attoparser.HtmlMarkupHandler.handleOpenElementEnd(HtmlMarkupHandler.java:297) ~[attoparser-2.0.7.RELEASE.jar:2.0.7.RELEASE]
	at org.attoparser.MarkupEventProcessorHandler.handleOpenElementEnd(MarkupEventProcessorHandler.java:402) ~[attoparser-2.0.7.RELEASE.jar:2.0.7.RELEASE]
	at org.attoparser.ParsingElementMarkupUtil.parseOpenElement(ParsingElementMarkupUtil.java:159) ~[attoparser-2.0.7.RELEASE.jar:2.0.7.RELEASE]
	at org.attoparser.MarkupParser.parseBuffer(MarkupParser.java:710) ~[attoparser-2.0.7.RELEASE.jar:2.0.7.RELEASE]
	at org.attoparser.MarkupParser.parseDocument(MarkupParser.java:301) ~[attoparser-2.0.7.RELEASE.jar:2.0.7.RELEASE]
	at org.attoparser.MarkupParser.parse(MarkupParser.java:257) ~[attoparser-2.0.7.RELEASE.jar:2.0.7.RELEASE]
	at org.thymeleaf.templateparser.markup.AbstractMarkupTemplateParser.parse(AbstractMarkupTemplateParser.java:230) ~[thymeleaf-3.1.5.RELEASE.jar:3.1.5.RELEASE]
	at org.thymeleaf.templateparser.markup.AbstractMarkupTemplateParser.parseStandalone(AbstractMarkupTemplateParser.java:100) ~[thymeleaf-3.1.5.RELEASE.jar:3.1.5.RELEASE]
	at org.thymeleaf.engine.TemplateManager.parseAndProcess(TemplateManager.java:666) ~[thymeleaf-3.1.5.RELEASE.jar:3.1.5.RELEASE]
	at org.thymeleaf.TemplateEngine.process(TemplateEngine.java:1103) ~[thymeleaf-3.1.5.RELEASE.jar:3.1.5.RELEASE]
	at org.thymeleaf.TemplateEngine.process(TemplateEngine.java:1077) ~[thymeleaf-3.1.5.RELEASE.jar:3.1.5.RELEASE]
	at org.thymeleaf.spring6.view.ThymeleafView.renderFragment(ThymeleafView.java:374) ~[thymeleaf-spring6-3.1.5.RELEASE.jar:3.1.5.RELEASE]
	at org.thymeleaf.spring6.view.ThymeleafView.render(ThymeleafView.java:193) ~[thymeleaf-spring6-3.1.5.RELEASE.jar:3.1.5.RELEASE]
	at org.springframework.web.servlet.DispatcherServlet.render(DispatcherServlet.java:1305) ~[spring-webmvc-7.0.8.jar:7.0.8]
	at org.springframework.web.servlet.DispatcherServlet.processDispatchResult(DispatcherServlet.java:1042) ~[spring-webmvc-7.0.8.jar:7.0.8]
	at org.springframework.web.servlet.DispatcherServlet.doDispatch(DispatcherServlet.java:980) ~[spring-webmvc-7.0.8.jar:7.0.8]
	at org.springframework.web.servlet.DispatcherServlet.doService(DispatcherServlet.java:866) ~[spring-webmvc-7.0.8.jar:7.0.8]
	at org.springframework.web.servlet.FrameworkServlet.processRequest(FrameworkServlet.java:1000) ~[spring-webmvc-7.0.8.jar:7.0.8]
	at org.springframework.web.servlet.FrameworkServlet.doGet(FrameworkServlet.java:892) ~[spring-webmvc-7.0.8.jar:7.0.8]
	at jakarta.servlet.http.HttpServlet.service(HttpServlet.java:622) ~[tomcat-embed-core-11.0.22.jar:6.1]
	at org.springframework.web.servlet.FrameworkServlet.service(FrameworkServlet.java:874) ~[spring-webmvc-7.0.8.jar:7.0.8]
	at jakarta.servlet.http.HttpServlet.service(HttpServlet.java:710) ~[tomcat-embed-core-11.0.22.jar:6.1]
	at org.apache.catalina.core.ApplicationFilterChain.doFilter(ApplicationFilterChain.java:128) ~[tomcat-embed-core-11.0.22.jar:11.0.22]
	at org.apache.tomcat.websocket.server.WsFilter.doFilter(WsFilter.java:53) ~[tomcat-embed-websocket-11.0.22.jar:11.0.22]
	at org.apache.catalina.core.ApplicationFilterChain.doFilter(ApplicationFilterChain.java:107) ~[tomcat-embed-core-11.0.22.jar:11.0.22]
	at org.springframework.web.filter.CompositeFilter$VirtualFilterChain.doFilter(CompositeFilter.java:108) ~[spring-web-7.0.8.jar:7.0.8]
	at org.springframework.security.web.FilterChainProxy.lambda$doFilterInternal$2(FilterChainProxy.java:235) ~[spring-security-web-7.1.0.jar:7.1.0]
	at org.springframework.security.web.FilterChainProxy$VirtualFilterChain.doFilter(FilterChainProxy.java:376) ~[spring-security-web-7.1.0.jar:7.1.0]
	at org.springframework.security.web.access.intercept.AuthorizationFilter.doFilter(AuthorizationFilter.java:101) ~[spring-security-web-7.1.0.jar:7.1.0]
	at org.springframework.security.web.FilterChainProxy$VirtualFilterChain.doFilter(FilterChainProxy.java:385) ~[spring-security-web-7.1.0.jar:7.1.0]
	at org.springframework.security.web.access.ExceptionTranslationFilter.doFilter(ExceptionTranslationFilter.java:126) ~[spring-security-web-7.1.0.jar:7.1.0]
	at org.springframework.security.web.access.ExceptionTranslationFilter.doFilter(ExceptionTranslationFilter.java:120) ~[spring-security-web-7.1.0.jar:7.1.0]
	at org.springframework.security.web.FilterChainProxy$VirtualFilterChain.doFilter(FilterChainProxy.java:385) ~[spring-security-web-7.1.0.jar:7.1.0]
	at org.springframework.security.web.authentication.AnonymousAuthenticationFilter.doFilter(AnonymousAuthenticationFilter.java:100) ~[spring-security-web-7.1.0.jar:7.1.0]
	at org.springframework.security.web.FilterChainProxy$VirtualFilterChain.doFilter(FilterChainProxy.java:385) ~[spring-security-web-7.1.0.jar:7.1.0]
	at org.springframework.security.web.servletapi.SecurityContextHolderAwareRequestFilter.doFilter(SecurityContextHolderAwareRequestFilter.java:181) ~[spring-security-web-7.1.0.jar:7.1.0]
	at org.springframework.security.web.FilterChainProxy$VirtualFilterChain.doFilter(FilterChainProxy.java:385) ~[spring-security-web-7.1.0.jar:7.1.0]
	at org.springframework.security.web.savedrequest.RequestCacheAwareFilter.doFilter(RequestCacheAwareFilter.java:63) ~[spring-security-web-7.1.0.jar:7.1.0]
	at org.springframework.security.web.FilterChainProxy$VirtualFilterChain.doFilter(FilterChainProxy.java:385) ~[spring-security-web-7.1.0.jar:7.1.0]
	at org.springframework.security.web.authentication.AbstractAuthenticationProcessingFilter.doFilter(AbstractAuthenticationProcessingFilter.java:245) ~[spring-security-web-7.1.0.jar:7.1.0]
	at org.springframework.security.web.authentication.AbstractAuthenticationProcessingFilter.doFilter(AbstractAuthenticationProcessingFilter.java:239) ~[spring-security-web-7.1.0.jar:7.1.0]
	at org.springframework.security.web.FilterChainProxy$VirtualFilterChain.doFilter(FilterChainProxy.java:385) ~[spring-security-web-7.1.0.jar:7.1.0]
	at org.springframework.security.web.authentication.logout.LogoutFilter.doFilter(LogoutFilter.java:110) ~[spring-security-web-7.1.0.jar:7.1.0]
	at org.springframework.security.web.authentication.logout.LogoutFilter.doFilter(LogoutFilter.java:96) ~[spring-security-web-7.1.0.jar:7.1.0]
	at org.springframework.security.web.FilterChainProxy$VirtualFilterChain.doFilter(FilterChainProxy.java:385) ~[spring-security-web-7.1.0.jar:7.1.0]
	at org.springframework.security.web.csrf.CsrfFilter.doFilterInternal(CsrfFilter.java:118) ~[spring-security-web-7.1.0.jar:7.1.0]
	at org.springframework.web.filter.OncePerRequestFilter.doFilter(OncePerRequestFilter.java:116) ~[spring-web-7.0.8.jar:7.0.8]
	at org.springframework.security.web.FilterChainProxy$VirtualFilterChain.doFilter(FilterChainProxy.java:385) ~[spring-security-web-7.1.0.jar:7.1.0]
	at org.springframework.security.web.header.HeaderWriterFilter.doHeadersAfter(HeaderWriterFilter.java:90) ~[spring-security-web-7.1.0.jar:7.1.0]
	at org.springframework.security.web.header.HeaderWriterFilter.doFilterInternal(HeaderWriterFilter.java:75) ~[spring-security-web-7.1.0.jar:7.1.0]
	at org.springframework.web.filter.OncePerRequestFilter.doFilter(OncePerRequestFilter.java:116) ~[spring-web-7.0.8.jar:7.0.8]
	at org.springframework.security.web.FilterChainProxy$VirtualFilterChain.doFilter(FilterChainProxy.java:385) ~[spring-security-web-7.1.0.jar:7.1.0]
	at org.springframework.security.web.context.SecurityContextHolderFilter.doFilter(SecurityContextHolderFilter.java:82) ~[spring-security-web-7.1.0.jar:7.1.0]
	at org.springframework.security.web.context.SecurityContextHolderFilter.doFilter(SecurityContextHolderFilter.java:69) ~[spring-security-web-7.1.0.jar:7.1.0]
	at org.springframework.security.web.FilterChainProxy$VirtualFilterChain.doFilter(FilterChainProxy.java:385) ~[spring-security-web-7.1.0.jar:7.1.0]
	at org.springframework.security.web.context.request.async.WebAsyncManagerIntegrationFilter.doFilterInternal(WebAsyncManagerIntegrationFilter.java:62) ~[spring-security-web-7.1.0.jar:7.1.0]
	at org.springframework.web.filter.OncePerRequestFilter.doFilter(OncePerRequestFilter.java:116) ~[spring-web-7.0.8.jar:7.0.8]
	at org.springframework.security.web.FilterChainProxy$VirtualFilterChain.doFilter(FilterChainProxy.java:385) ~[spring-security-web-7.1.0.jar:7.1.0]
	at org.springframework.security.web.session.DisableEncodeUrlFilter.doFilterInternal(DisableEncodeUrlFilter.java:42) ~[spring-security-web-7.1.0.jar:7.1.0]
	at org.springframework.web.filter.OncePerRequestFilter.doFilter(OncePerRequestFilter.java:116) ~[spring-web-7.0.8.jar:7.0.8]
	at org.springframework.security.web.FilterChainProxy$VirtualFilterChain.doFilter(FilterChainProxy.java:385) ~[spring-security-web-7.1.0.jar:7.1.0]
	at org.springframework.security.web.FilterChainProxy.doFilterInternal(FilterChainProxy.java:237) ~[spring-security-web-7.1.0.jar:7.1.0]
	at org.springframework.security.web.FilterChainProxy.doFilter(FilterChainProxy.java:195) ~[spring-security-web-7.1.0.jar:7.1.0]
	at org.springframework.web.filter.CompositeFilter$VirtualFilterChain.doFilter(CompositeFilter.java:113) ~[spring-web-7.0.8.jar:7.0.8]
	at org.springframework.web.filter.ServletRequestPathFilter.doFilter(ServletRequestPathFilter.java:52) ~[spring-web-7.0.8.jar:7.0.8]
	at org.springframework.web.filter.CompositeFilter$VirtualFilterChain.doFilter(CompositeFilter.java:113) ~[spring-web-7.0.8.jar:7.0.8]
	at org.springframework.web.filter.CompositeFilter.doFilter(CompositeFilter.java:74) ~[spring-web-7.0.8.jar:7.0.8]
	at org.springframework.security.config.annotation.web.configuration.WebSecurityConfiguration$CompositeFilterChainProxy.doFilter(WebSecurityConfiguration.java:317) ~[spring-security-config-7.1.0.jar:7.1.0]
	at org.springframework.web.filter.DelegatingFilterProxy.invokeDelegate(DelegatingFilterProxy.java:355) ~[spring-web-7.0.8.jar:7.0.8]
	at org.springframework.web.filter.DelegatingFilterProxy.doFilter(DelegatingFilterProxy.java:272) ~[spring-web-7.0.8.jar:7.0.8]
	at org.apache.catalina.core.ApplicationFilterChain.doFilter(ApplicationFilterChain.java:107) ~[tomcat-embed-core-11.0.22.jar:11.0.22]
	at org.springframework.web.filter.RequestContextFilter.doFilterInternal(RequestContextFilter.java:100) ~[spring-web-7.0.8.jar:7.0.8]
	at org.springframework.web.filter.OncePerRequestFilter.doFilter(OncePerRequestFilter.java:116) ~[spring-web-7.0.8.jar:7.0.8]
	at org.apache.catalina.core.ApplicationFilterChain.doFilter(ApplicationFilterChain.java:107) ~[tomcat-embed-core-11.0.22.jar:11.0.22]
	at org.springframework.web.filter.FormContentFilter.doFilterInternal(FormContentFilter.java:93) ~[spring-web-7.0.8.jar:7.0.8]
	at org.springframework.web.filter.OncePerRequestFilter.doFilter(OncePerRequestFilter.java:116) ~[spring-web-7.0.8.jar:7.0.8]
	at org.apache.catalina.core.ApplicationFilterChain.doFilter(ApplicationFilterChain.java:107) ~[tomcat-embed-core-11.0.22.jar:11.0.22]
	at org.springframework.web.filter.CharacterEncodingFilter.doFilterInternal(CharacterEncodingFilter.java:199) ~[spring-web-7.0.8.jar:7.0.8]
	at org.springframework.web.filter.OncePerRequestFilter.doFilter(OncePerRequestFilter.java:116) ~[spring-web-7.0.8.jar:7.0.8]
	at org.apache.catalina.core.ApplicationFilterChain.doFilter(ApplicationFilterChain.java:107) ~[tomcat-embed-core-11.0.22.jar:11.0.22]
	at org.apache.catalina.core.StandardWrapperValve.invoke(StandardWrapperValve.java:165) ~[tomcat-embed-core-11.0.22.jar:11.0.22]
	at org.apache.catalina.core.StandardContextValve.invoke(StandardContextValve.java:77) ~[tomcat-embed-core-11.0.22.jar:11.0.22]
	at org.apache.catalina.authenticator.AuthenticatorBase.invoke(AuthenticatorBase.java:492) ~[tomcat-embed-core-11.0.22.jar:11.0.22]
	at org.apache.catalina.core.StandardHostValve.invoke(StandardHostValve.java:113) ~[tomcat-embed-core-11.0.22.jar:11.0.22]
	at org.apache.catalina.valves.ErrorReportValve.invoke(ErrorReportValve.java:83) ~[tomcat-embed-core-11.0.22.jar:11.0.22]
	at org.apache.catalina.core.StandardEngineValve.invoke(StandardEngineValve.java:72) ~[tomcat-embed-core-11.0.22.jar:11.0.22]
	at org.apache.catalina.connector.CoyoteAdapter.service(CoyoteAdapter.java:341) ~[tomcat-embed-core-11.0.22.jar:11.0.22]
	at org.apache.coyote.http11.Http11Processor.service(Http11Processor.java:397) ~[tomcat-embed-core-11.0.22.jar:11.0.22]
	at org.apache.coyote.AbstractProcessorLight.process(AbstractProcessorLight.java:63) ~[tomcat-embed-core-11.0.22.jar:11.0.22]
	at org.apache.coyote.AbstractProtocol$ConnectionHandler.process(AbstractProtocol.java:1272) ~[tomcat-embed-core-11.0.22.jar:11.0.22]
	at org.apache.tomcat.util.net.NioEndpoint$SocketProcessor.doRun(NioEndpoint.java:1801) ~[tomcat-embed-core-11.0.22.jar:11.0.22]
	at org.apache.tomcat.util.net.SocketProcessorBase.run(SocketProcessorBase.java:52) ~[tomcat-embed-core-11.0.22.jar:11.0.22]
	at org.apache.tomcat.util.threads.ThreadPoolExecutor.runWorker(ThreadPoolExecutor.java:946) ~[tomcat-embed-core-11.0.22.jar:11.0.22]
	at org.apache.tomcat.util.threads.ThreadPoolExecutor$Worker.run(ThreadPoolExecutor.java:480) ~[tomcat-embed-core-11.0.22.jar:11.0.22]
	at org.apache.tomcat.util.threads.TaskThread$WrappingRunnable.run(TaskThread.java:57) ~[tomcat-embed-core-11.0.22.jar:11.0.22]
	at java.base/java.lang.Thread.run(Unknown Source) ~[na:na]

2026-08-24T20:10:59.926+02:00 DEBUG 18664 --- [itineria] [http-nio-8080-exec-4] o.s.security.web.FilterChainProxy        : Securing GET /error
2026-08-24T20:10:59.935+02:00 DEBUG 18664 --- [itineria] [http-nio-8080-exec-4] o.s.security.web.FilterChainProxy        : Secured GET /error
2026-08-24T20:10:59.986+02:00 DEBUG 18664 --- [itineria] [http-nio-8080-exec-4] o.s.s.w.a.AnonymousAuthenticationFilter  : Set SecurityContextHolder to anonymous SecurityContext
2026-08-24T20:11:04.906+02:00 DEBUG 18664 --- [itineria] [http-nio-8080-exec-5] o.s.security.web.FilterChainProxy        : Securing GET /parchi
2026-08-24T20:11:04.906+02:00 DEBUG 18664 --- [itineria] [http-nio-8080-exec-5] o.s.security.web.FilterChainProxy        : Secured GET /parchi
2026-08-24T20:11:04.924+02:00 DEBUG 18664 --- [itineria] [http-nio-8080-exec-5] o.s.s.w.a.AnonymousAuthenticationFilter  : Set SecurityContextHolder to anonymous SecurityContext
2026-08-24T20:11:04.926+02:00 DEBUG 18664 --- [itineria] [http-nio-8080-exec-5] o.s.security.web.FilterChainProxy        : Securing GET /error
2026-08-24T20:11:04.926+02:00 DEBUG 18664 --- [itineria] [http-nio-8080-exec-5] o.s.security.web.FilterChainProxy        : Secured GET /error
2026-08-24T20:11:04.959+02:00 DEBUG 18664 --- [itineria] [http-nio-8080-exec-5] o.s.s.w.a.AnonymousAuthenticationFilter  : Set SecurityContextHolder to anonymous SecurityContext
2026-08-24T20:11:16.506+02:00 DEBUG 18664 --- [itineria] [http-nio-8080-exec-6] o.s.security.web.FilterChainProxy        : Securing GET /zoneVerdi
2026-08-24T20:11:16.509+02:00 DEBUG 18664 --- [itineria] [http-nio-8080-exec-6] o.s.security.web.FilterChainProxy        : Secured GET /zoneVerdi
2026-08-24T20:11:16.523+02:00 DEBUG 18664 --- [itineria] [http-nio-8080-exec-6] org.hibernate.SQL                        : 
    select
        zv1_0.id,
        zv1_1.accessibilita,
        zv1_1.id_citta,
        zv1_1.created_at,
        zv1_1.descrizione,
        zv1_1.email,
        zv1_1.indirizzo,
        zv1_1.link_sito,
        zv1_1.id_manager,
        zv1_1.nome,
        zv1_1.numero_telefono,
        zv1_1.sempre_aperto,
        zv1_1.tipo,
        zv1_1.updated_at,
        zv1_1.version,
        zv1_0.area_mq,
        zv1_0.ciclabile,
        zv1_0.dog_friendly,
        zv1_0.ristoro,
        zv1_0.tipologia 
    from
        zone_verdi zv1_0 
    join
        luoghi_interesse zv1_1 
            on zv1_0.id=zv1_1.id 
    limit
        ?, ?
2026-08-24T20:11:16.525+02:00 TRACE 18664 --- [itineria] [http-nio-8080-exec-6] org.hibernate.orm.jdbc.bind              : binding parameter (1:INTEGER) <- [0]
2026-08-24T20:11:16.525+02:00 TRACE 18664 --- [itineria] [http-nio-8080-exec-6] org.hibernate.orm.jdbc.bind              : binding parameter (2:INTEGER) <- [20]
2026-08-24T20:11:16.537+02:00 DEBUG 18664 --- [itineria] [http-nio-8080-exec-6] org.hibernate.SQL                        : 
    select
        c1_0.id,
        c1_0.created_at,
        c1_0.descrizione,
        c1_0.nome,
        c1_0.regione,
        c1_0.updated_at,
        c1_0.version 
    from
        citta c1_0 
    where
        c1_0.id=?
2026-08-24T20:11:16.540+02:00 TRACE 18664 --- [itineria] [http-nio-8080-exec-6] org.hibernate.orm.jdbc.bind              : binding parameter (1:BIGINT) <- [1]
2026-08-24T20:11:16.585+02:00 DEBUG 18664 --- [itineria] [http-nio-8080-exec-6] org.hibernate.SQL                        : 
    select
        zv1_0.id,
        zv1_1.accessibilita,
        zv1_1.id_citta,
        zv1_1.created_at,
        zv1_1.descrizione,
        zv1_1.email,
        zv1_1.indirizzo,
        zv1_1.link_sito,
        zv1_1.id_manager,
        zv1_1.nome,
        zv1_1.numero_telefono,
        zv1_1.sempre_aperto,
        zv1_1.tipo,
        zv1_1.updated_at,
        zv1_1.version,
        zv1_0.area_mq,
        zv1_0.ciclabile,
        zv1_0.dog_friendly,
        zv1_0.ristoro,
        zv1_0.tipologia 
    from
        zone_verdi zv1_0 
    join
        luoghi_interesse zv1_1 
            on zv1_0.id=zv1_1.id 
    where
        zv1_0.ciclabile=? 
    limit
        ?, ?
2026-08-24T20:11:16.590+02:00 TRACE 18664 --- [itineria] [http-nio-8080-exec-6] org.hibernate.orm.jdbc.bind              : binding parameter (1:BOOLEAN) <- [true]
2026-08-24T20:11:16.590+02:00 TRACE 18664 --- [itineria] [http-nio-8080-exec-6] org.hibernate.orm.jdbc.bind              : binding parameter (2:INTEGER) <- [0]
2026-08-24T20:11:16.590+02:00 TRACE 18664 --- [itineria] [http-nio-8080-exec-6] org.hibernate.orm.jdbc.bind              : binding parameter (3:INTEGER) <- [6]
2026-08-24T20:11:16.615+02:00 DEBUG 18664 --- [itineria] [http-nio-8080-exec-6] org.hibernate.SQL                        : 
    select
        zv1_0.id,
        zv1_1.accessibilita,
        zv1_1.id_citta,
        zv1_1.created_at,
        zv1_1.descrizione,
        zv1_1.email,
        zv1_1.indirizzo,
        zv1_1.link_sito,
        zv1_1.id_manager,
        zv1_1.nome,
        zv1_1.numero_telefono,
        zv1_1.sempre_aperto,
        zv1_1.tipo,
        zv1_1.updated_at,
        zv1_1.version,
        zv1_0.area_mq,
        zv1_0.ciclabile,
        zv1_0.dog_friendly,
        zv1_0.ristoro,
        zv1_0.tipologia 
    from
        zone_verdi zv1_0 
    join
        luoghi_interesse zv1_1 
            on zv1_0.id=zv1_1.id 
    where
        zv1_0.dog_friendly=? 
    limit
        ?, ?
2026-08-24T20:11:16.615+02:00 TRACE 18664 --- [itineria] [http-nio-8080-exec-6] org.hibernate.orm.jdbc.bind              : binding parameter (1:BOOLEAN) <- [true]
2026-08-24T20:11:16.621+02:00 TRACE 18664 --- [itineria] [http-nio-8080-exec-6] org.hibernate.orm.jdbc.bind              : binding parameter (2:INTEGER) <- [0]
2026-08-24T20:11:16.623+02:00 TRACE 18664 --- [itineria] [http-nio-8080-exec-6] org.hibernate.orm.jdbc.bind              : binding parameter (3:INTEGER) <- [6]
2026-08-24T20:11:16.647+02:00 DEBUG 18664 --- [itineria] [http-nio-8080-exec-6] org.hibernate.SQL                        : 
    select
        zv1_0.id,
        zv1_1.accessibilita,
        zv1_1.id_citta,
        zv1_1.created_at,
        zv1_1.descrizione,
        zv1_1.email,
        zv1_1.indirizzo,
        zv1_1.link_sito,
        zv1_1.id_manager,
        zv1_1.nome,
        zv1_1.numero_telefono,
        zv1_1.sempre_aperto,
        zv1_1.tipo,
        zv1_1.updated_at,
        zv1_1.version,
        zv1_0.area_mq,
        zv1_0.ciclabile,
        zv1_0.dog_friendly,
        zv1_0.ristoro,
        zv1_0.tipologia 
    from
        zone_verdi zv1_0 
    join
        luoghi_interesse zv1_1 
            on zv1_0.id=zv1_1.id 
    where
        zv1_0.ristoro=? 
    limit
        ?, ?
2026-08-24T20:11:16.647+02:00 TRACE 18664 --- [itineria] [http-nio-8080-exec-6] org.hibernate.orm.jdbc.bind              : binding parameter (1:BOOLEAN) <- [true]
2026-08-24T20:11:16.655+02:00 TRACE 18664 --- [itineria] [http-nio-8080-exec-6] org.hibernate.orm.jdbc.bind              : binding parameter (2:INTEGER) <- [0]
2026-08-24T20:11:16.658+02:00 TRACE 18664 --- [itineria] [http-nio-8080-exec-6] org.hibernate.orm.jdbc.bind              : binding parameter (3:INTEGER) <- [6]
2026-08-24T20:11:16.684+02:00 DEBUG 18664 --- [itineria] [http-nio-8080-exec-6] org.hibernate.SQL                        : 
    select
        zv1_0.id,
        zv1_1.accessibilita,
        zv1_1.id_citta,
        zv1_1.created_at,
        zv1_1.descrizione,
        zv1_1.email,
        zv1_1.indirizzo,
        zv1_1.link_sito,
        zv1_1.id_manager,
        zv1_1.nome,
        zv1_1.numero_telefono,
        zv1_1.sempre_aperto,
        zv1_1.tipo,
        zv1_1.updated_at,
        zv1_1.version,
        zv1_0.area_mq,
        zv1_0.ciclabile,
        zv1_0.dog_friendly,
        zv1_0.ristoro,
        zv1_0.tipologia 
    from
        zone_verdi zv1_0 
    join
        luoghi_interesse zv1_1 
            on zv1_0.id=zv1_1.id 
    where
        zv1_1.sempre_aperto=? 
    limit
        ?, ?
2026-08-24T20:11:16.685+02:00 TRACE 18664 --- [itineria] [http-nio-8080-exec-6] org.hibernate.orm.jdbc.bind              : binding parameter (1:BOOLEAN) <- [true]
2026-08-24T20:11:16.689+02:00 TRACE 18664 --- [itineria] [http-nio-8080-exec-6] org.hibernate.orm.jdbc.bind              : binding parameter (2:INTEGER) <- [0]
2026-08-24T20:11:16.690+02:00 TRACE 18664 --- [itineria] [http-nio-8080-exec-6] org.hibernate.orm.jdbc.bind              : binding parameter (3:INTEGER) <- [6]
2026-08-24T20:11:16.877+02:00 ERROR 18664 --- [itineria] [http-nio-8080-exec-6] org.thymeleaf.TemplateEngine             : [THYMELEAF][http-nio-8080-exec-6] Exception processing template "luoghi_interesse/zoneVerdi": An error happened during template parsing (template: "class path resource [templates/luoghi_interesse/zoneVerdi.html]")

org.thymeleaf.exceptions.TemplateInputException: An error happened during template parsing (template: "class path resource [templates/luoghi_interesse/zoneVerdi.html]")
	at org.thymeleaf.templateparser.markup.AbstractMarkupTemplateParser.parse(AbstractMarkupTemplateParser.java:241) ~[thymeleaf-3.1.5.RELEASE.jar:3.1.5.RELEASE]
	at org.thymeleaf.templateparser.markup.AbstractMarkupTemplateParser.parseStandalone(AbstractMarkupTemplateParser.java:100) ~[thymeleaf-3.1.5.RELEASE.jar:3.1.5.RELEASE]
	at org.thymeleaf.engine.TemplateManager.parseAndProcess(TemplateManager.java:666) ~[thymeleaf-3.1.5.RELEASE.jar:3.1.5.RELEASE]
	at org.thymeleaf.TemplateEngine.process(TemplateEngine.java:1103) ~[thymeleaf-3.1.5.RELEASE.jar:3.1.5.RELEASE]
	at org.thymeleaf.TemplateEngine.process(TemplateEngine.java:1077) ~[thymeleaf-3.1.5.RELEASE.jar:3.1.5.RELEASE]
	at org.thymeleaf.spring6.view.ThymeleafView.renderFragment(ThymeleafView.java:374) ~[thymeleaf-spring6-3.1.5.RELEASE.jar:3.1.5.RELEASE]
	at org.thymeleaf.spring6.view.ThymeleafView.render(ThymeleafView.java:193) ~[thymeleaf-spring6-3.1.5.RELEASE.jar:3.1.5.RELEASE]
	at org.springframework.web.servlet.DispatcherServlet.render(DispatcherServlet.java:1305) ~[spring-webmvc-7.0.8.jar:7.0.8]
	at org.springframework.web.servlet.DispatcherServlet.processDispatchResult(DispatcherServlet.java:1042) ~[spring-webmvc-7.0.8.jar:7.0.8]
	at org.springframework.web.servlet.DispatcherServlet.doDispatch(DispatcherServlet.java:980) ~[spring-webmvc-7.0.8.jar:7.0.8]
	at org.springframework.web.servlet.DispatcherServlet.doService(DispatcherServlet.java:866) ~[spring-webmvc-7.0.8.jar:7.0.8]
	at org.springframework.web.servlet.FrameworkServlet.processRequest(FrameworkServlet.java:1000) ~[spring-webmvc-7.0.8.jar:7.0.8]
	at org.springframework.web.servlet.FrameworkServlet.doGet(FrameworkServlet.java:892) ~[spring-webmvc-7.0.8.jar:7.0.8]
	at jakarta.servlet.http.HttpServlet.service(HttpServlet.java:622) ~[tomcat-embed-core-11.0.22.jar:6.1]
	at org.springframework.web.servlet.FrameworkServlet.service(FrameworkServlet.java:874) ~[spring-webmvc-7.0.8.jar:7.0.8]
	at jakarta.servlet.http.HttpServlet.service(HttpServlet.java:710) ~[tomcat-embed-core-11.0.22.jar:6.1]
	at org.apache.catalina.core.ApplicationFilterChain.doFilter(ApplicationFilterChain.java:128) ~[tomcat-embed-core-11.0.22.jar:11.0.22]
	at org.apache.tomcat.websocket.server.WsFilter.doFilter(WsFilter.java:53) ~[tomcat-embed-websocket-11.0.22.jar:11.0.22]
	at org.apache.catalina.core.ApplicationFilterChain.doFilter(ApplicationFilterChain.java:107) ~[tomcat-embed-core-11.0.22.jar:11.0.22]
	at org.springframework.web.filter.CompositeFilter$VirtualFilterChain.doFilter(CompositeFilter.java:108) ~[spring-web-7.0.8.jar:7.0.8]
	at org.springframework.security.web.FilterChainProxy.lambda$doFilterInternal$2(FilterChainProxy.java:235) ~[spring-security-web-7.1.0.jar:7.1.0]
	at org.springframework.security.web.FilterChainProxy$VirtualFilterChain.doFilter(FilterChainProxy.java:376) ~[spring-security-web-7.1.0.jar:7.1.0]
	at org.springframework.security.web.access.intercept.AuthorizationFilter.doFilter(AuthorizationFilter.java:101) ~[spring-security-web-7.1.0.jar:7.1.0]
	at org.springframework.security.web.FilterChainProxy$VirtualFilterChain.doFilter(FilterChainProxy.java:385) ~[spring-security-web-7.1.0.jar:7.1.0]
	at org.springframework.security.web.access.ExceptionTranslationFilter.doFilter(ExceptionTranslationFilter.java:126) ~[spring-security-web-7.1.0.jar:7.1.0]
	at org.springframework.security.web.access.ExceptionTranslationFilter.doFilter(ExceptionTranslationFilter.java:120) ~[spring-security-web-7.1.0.jar:7.1.0]
	at org.springframework.security.web.FilterChainProxy$VirtualFilterChain.doFilter(FilterChainProxy.java:385) ~[spring-security-web-7.1.0.jar:7.1.0]
	at org.springframework.security.web.authentication.AnonymousAuthenticationFilter.doFilter(AnonymousAuthenticationFilter.java:100) ~[spring-security-web-7.1.0.jar:7.1.0]
	at org.springframework.security.web.FilterChainProxy$VirtualFilterChain.doFilter(FilterChainProxy.java:385) ~[spring-security-web-7.1.0.jar:7.1.0]
	at org.springframework.security.web.servletapi.SecurityContextHolderAwareRequestFilter.doFilter(SecurityContextHolderAwareRequestFilter.java:181) ~[spring-security-web-7.1.0.jar:7.1.0]
	at org.springframework.security.web.FilterChainProxy$VirtualFilterChain.doFilter(FilterChainProxy.java:385) ~[spring-security-web-7.1.0.jar:7.1.0]
	at org.springframework.security.web.savedrequest.RequestCacheAwareFilter.doFilter(RequestCacheAwareFilter.java:63) ~[spring-security-web-7.1.0.jar:7.1.0]
	at org.springframework.security.web.FilterChainProxy$VirtualFilterChain.doFilter(FilterChainProxy.java:385) ~[spring-security-web-7.1.0.jar:7.1.0]
	at org.springframework.security.web.authentication.AbstractAuthenticationProcessingFilter.doFilter(AbstractAuthenticationProcessingFilter.java:245) ~[spring-security-web-7.1.0.jar:7.1.0]
	at org.springframework.security.web.authentication.AbstractAuthenticationProcessingFilter.doFilter(AbstractAuthenticationProcessingFilter.java:239) ~[spring-security-web-7.1.0.jar:7.1.0]
	at org.springframework.security.web.FilterChainProxy$VirtualFilterChain.doFilter(FilterChainProxy.java:385) ~[spring-security-web-7.1.0.jar:7.1.0]
	at org.springframework.security.web.authentication.logout.LogoutFilter.doFilter(LogoutFilter.java:110) ~[spring-security-web-7.1.0.jar:7.1.0]
	at org.springframework.security.web.authentication.logout.LogoutFilter.doFilter(LogoutFilter.java:96) ~[spring-security-web-7.1.0.jar:7.1.0]
	at org.springframework.security.web.FilterChainProxy$VirtualFilterChain.doFilter(FilterChainProxy.java:385) ~[spring-security-web-7.1.0.jar:7.1.0]
	at org.springframework.security.web.csrf.CsrfFilter.doFilterInternal(CsrfFilter.java:118) ~[spring-security-web-7.1.0.jar:7.1.0]
	at org.springframework.web.filter.OncePerRequestFilter.doFilter(OncePerRequestFilter.java:116) ~[spring-web-7.0.8.jar:7.0.8]
	at org.springframework.security.web.FilterChainProxy$VirtualFilterChain.doFilter(FilterChainProxy.java:385) ~[spring-security-web-7.1.0.jar:7.1.0]
	at org.springframework.security.web.header.HeaderWriterFilter.doHeadersAfter(HeaderWriterFilter.java:90) ~[spring-security-web-7.1.0.jar:7.1.0]
	at org.springframework.security.web.header.HeaderWriterFilter.doFilterInternal(HeaderWriterFilter.java:75) ~[spring-security-web-7.1.0.jar:7.1.0]
	at org.springframework.web.filter.OncePerRequestFilter.doFilter(OncePerRequestFilter.java:116) ~[spring-web-7.0.8.jar:7.0.8]
	at org.springframework.security.web.FilterChainProxy$VirtualFilterChain.doFilter(FilterChainProxy.java:385) ~[spring-security-web-7.1.0.jar:7.1.0]
	at org.springframework.security.web.context.SecurityContextHolderFilter.doFilter(SecurityContextHolderFilter.java:82) ~[spring-security-web-7.1.0.jar:7.1.0]
	at org.springframework.security.web.context.SecurityContextHolderFilter.doFilter(SecurityContextHolderFilter.java:69) ~[spring-security-web-7.1.0.jar:7.1.0]
	at org.springframework.security.web.FilterChainProxy$VirtualFilterChain.doFilter(FilterChainProxy.java:385) ~[spring-security-web-7.1.0.jar:7.1.0]
	at org.springframework.security.web.context.request.async.WebAsyncManagerIntegrationFilter.doFilterInternal(WebAsyncManagerIntegrationFilter.java:62) ~[spring-security-web-7.1.0.jar:7.1.0]
	at org.springframework.web.filter.OncePerRequestFilter.doFilter(OncePerRequestFilter.java:116) ~[spring-web-7.0.8.jar:7.0.8]
	at org.springframework.security.web.FilterChainProxy$VirtualFilterChain.doFilter(FilterChainProxy.java:385) ~[spring-security-web-7.1.0.jar:7.1.0]
	at org.springframework.security.web.session.DisableEncodeUrlFilter.doFilterInternal(DisableEncodeUrlFilter.java:42) ~[spring-security-web-7.1.0.jar:7.1.0]
	at org.springframework.web.filter.OncePerRequestFilter.doFilter(OncePerRequestFilter.java:116) ~[spring-web-7.0.8.jar:7.0.8]
	at org.springframework.security.web.FilterChainProxy$VirtualFilterChain.doFilter(FilterChainProxy.java:385) ~[spring-security-web-7.1.0.jar:7.1.0]
	at org.springframework.security.web.FilterChainProxy.doFilterInternal(FilterChainProxy.java:237) ~[spring-security-web-7.1.0.jar:7.1.0]
	at org.springframework.security.web.FilterChainProxy.doFilter(FilterChainProxy.java:195) ~[spring-security-web-7.1.0.jar:7.1.0]
	at org.springframework.web.filter.CompositeFilter$VirtualFilterChain.doFilter(CompositeFilter.java:113) ~[spring-web-7.0.8.jar:7.0.8]
	at org.springframework.web.filter.ServletRequestPathFilter.doFilter(ServletRequestPathFilter.java:52) ~[spring-web-7.0.8.jar:7.0.8]
	at org.springframework.web.filter.CompositeFilter$VirtualFilterChain.doFilter(CompositeFilter.java:113) ~[spring-web-7.0.8.jar:7.0.8]
	at org.springframework.web.filter.CompositeFilter.doFilter(CompositeFilter.java:74) ~[spring-web-7.0.8.jar:7.0.8]
	at org.springframework.security.config.annotation.web.configuration.WebSecurityConfiguration$CompositeFilterChainProxy.doFilter(WebSecurityConfiguration.java:317) ~[spring-security-config-7.1.0.jar:7.1.0]
	at org.springframework.web.filter.DelegatingFilterProxy.invokeDelegate(DelegatingFilterProxy.java:355) ~[spring-web-7.0.8.jar:7.0.8]
	at org.springframework.web.filter.DelegatingFilterProxy.doFilter(DelegatingFilterProxy.java:272) ~[spring-web-7.0.8.jar:7.0.8]
	at org.apache.catalina.core.ApplicationFilterChain.doFilter(ApplicationFilterChain.java:107) ~[tomcat-embed-core-11.0.22.jar:11.0.22]
	at org.springframework.web.filter.RequestContextFilter.doFilterInternal(RequestContextFilter.java:100) ~[spring-web-7.0.8.jar:7.0.8]
	at org.springframework.web.filter.OncePerRequestFilter.doFilter(OncePerRequestFilter.java:116) ~[spring-web-7.0.8.jar:7.0.8]
	at org.apache.catalina.core.ApplicationFilterChain.doFilter(ApplicationFilterChain.java:107) ~[tomcat-embed-core-11.0.22.jar:11.0.22]
	at org.springframework.web.filter.FormContentFilter.doFilterInternal(FormContentFilter.java:93) ~[spring-web-7.0.8.jar:7.0.8]
	at org.springframework.web.filter.OncePerRequestFilter.doFilter(OncePerRequestFilter.java:116) ~[spring-web-7.0.8.jar:7.0.8]
	at org.apache.catalina.core.ApplicationFilterChain.doFilter(ApplicationFilterChain.java:107) ~[tomcat-embed-core-11.0.22.jar:11.0.22]
	at org.springframework.web.filter.CharacterEncodingFilter.doFilterInternal(CharacterEncodingFilter.java:199) ~[spring-web-7.0.8.jar:7.0.8]
	at org.springframework.web.filter.OncePerRequestFilter.doFilter(OncePerRequestFilter.java:116) ~[spring-web-7.0.8.jar:7.0.8]
	at org.apache.catalina.core.ApplicationFilterChain.doFilter(ApplicationFilterChain.java:107) ~[tomcat-embed-core-11.0.22.jar:11.0.22]
	at org.apache.catalina.core.StandardWrapperValve.invoke(StandardWrapperValve.java:165) ~[tomcat-embed-core-11.0.22.jar:11.0.22]
	at org.apache.catalina.core.StandardContextValve.invoke(StandardContextValve.java:77) ~[tomcat-embed-core-11.0.22.jar:11.0.22]
	at org.apache.catalina.authenticator.AuthenticatorBase.invoke(AuthenticatorBase.java:492) ~[tomcat-embed-core-11.0.22.jar:11.0.22]
	at org.apache.catalina.core.StandardHostValve.invoke(StandardHostValve.java:113) ~[tomcat-embed-core-11.0.22.jar:11.0.22]
	at org.apache.catalina.valves.ErrorReportValve.invoke(ErrorReportValve.java:83) ~[tomcat-embed-core-11.0.22.jar:11.0.22]
	at org.apache.catalina.core.StandardEngineValve.invoke(StandardEngineValve.java:72) ~[tomcat-embed-core-11.0.22.jar:11.0.22]
	at org.apache.catalina.connector.CoyoteAdapter.service(CoyoteAdapter.java:341) ~[tomcat-embed-core-11.0.22.jar:11.0.22]
	at org.apache.coyote.http11.Http11Processor.service(Http11Processor.java:397) ~[tomcat-embed-core-11.0.22.jar:11.0.22]
	at org.apache.coyote.AbstractProcessorLight.process(AbstractProcessorLight.java:63) ~[tomcat-embed-core-11.0.22.jar:11.0.22]
	at org.apache.coyote.AbstractProtocol$ConnectionHandler.process(AbstractProtocol.java:1272) ~[tomcat-embed-core-11.0.22.jar:11.0.22]
	at org.apache.tomcat.util.net.NioEndpoint$SocketProcessor.doRun(NioEndpoint.java:1801) ~[tomcat-embed-core-11.0.22.jar:11.0.22]
	at org.apache.tomcat.util.net.SocketProcessorBase.run(SocketProcessorBase.java:52) ~[tomcat-embed-core-11.0.22.jar:11.0.22]
	at org.apache.tomcat.util.threads.ThreadPoolExecutor.runWorker(ThreadPoolExecutor.java:946) ~[tomcat-embed-core-11.0.22.jar:11.0.22]
	at org.apache.tomcat.util.threads.ThreadPoolExecutor$Worker.run(ThreadPoolExecutor.java:480) ~[tomcat-embed-core-11.0.22.jar:11.0.22]
	at org.apache.tomcat.util.threads.TaskThread$WrappingRunnable.run(TaskThread.java:57) ~[tomcat-embed-core-11.0.22.jar:11.0.22]
	at java.base/java.lang.Thread.run(Unknown Source) ~[na:na]
Caused by: org.attoparser.ParseException: Error during execution of processor 'org.thymeleaf.spring6.processor.SpringInputGeneralFieldTagProcessor' (template: "luoghi_interesse/zoneVerdi" - line 64, col 28)
	at org.attoparser.MarkupParser.parseDocument(MarkupParser.java:393) ~[attoparser-2.0.7.RELEASE.jar:2.0.7.RELEASE]
	at org.attoparser.MarkupParser.parse(MarkupParser.java:257) ~[attoparser-2.0.7.RELEASE.jar:2.0.7.RELEASE]
	at org.thymeleaf.templateparser.markup.AbstractMarkupTemplateParser.parse(AbstractMarkupTemplateParser.java:230) ~[thymeleaf-3.1.5.RELEASE.jar:3.1.5.RELEASE]
	... 89 common frames omitted
Caused by: org.thymeleaf.exceptions.TemplateProcessingException: Error during execution of processor 'org.thymeleaf.spring6.processor.SpringInputGeneralFieldTagProcessor' (template: "luoghi_interesse/zoneVerdi" - line 64, col 28)
	at org.thymeleaf.processor.element.AbstractAttributeTagProcessor.doProcess(AbstractAttributeTagProcessor.java:117) ~[thymeleaf-3.1.5.RELEASE.jar:3.1.5.RELEASE]
	at org.thymeleaf.processor.element.AbstractElementTagProcessor.process(AbstractElementTagProcessor.java:95) ~[thymeleaf-3.1.5.RELEASE.jar:3.1.5.RELEASE]
	at org.thymeleaf.util.ProcessorConfigurationUtils$ElementTagProcessorWrapper.process(ProcessorConfigurationUtils.java:633) ~[thymeleaf-3.1.5.RELEASE.jar:3.1.5.RELEASE]
	at org.thymeleaf.engine.ProcessorTemplateHandler.handleStandaloneElement(ProcessorTemplateHandler.java:918) ~[thymeleaf-3.1.5.RELEASE.jar:3.1.5.RELEASE]
	at org.thymeleaf.engine.TemplateHandlerAdapterMarkupHandler.handleStandaloneElementEnd(TemplateHandlerAdapterMarkupHandler.java:260) ~[thymeleaf-3.1.5.RELEASE.jar:3.1.5.RELEASE]
	at org.thymeleaf.templateparser.markup.InlinedOutputExpressionMarkupHandler$InlineMarkupAdapterPreProcessorHandler.handleStandaloneElementEnd(InlinedOutputExpressionMarkupHandler.java:256) ~[thymeleaf-3.1.5.RELEASE.jar:3.1.5.RELEASE]
	at org.thymeleaf.standard.inline.OutputExpressionInlinePreProcessorHandler.handleStandaloneElementEnd(OutputExpressionInlinePreProcessorHandler.java:169) ~[thymeleaf-3.1.5.RELEASE.jar:3.1.5.RELEASE]
	at org.thymeleaf.templateparser.markup.InlinedOutputExpressionMarkupHandler.handleStandaloneElementEnd(InlinedOutputExpressionMarkupHandler.java:104) ~[thymeleaf-3.1.5.RELEASE.jar:3.1.5.RELEASE]
	at org.attoparser.HtmlElement.handleStandaloneElementEnd(HtmlElement.java:79) ~[attoparser-2.0.7.RELEASE.jar:2.0.7.RELEASE]
	at org.attoparser.HtmlMarkupHandler.handleStandaloneElementEnd(HtmlMarkupHandler.java:241) ~[attoparser-2.0.7.RELEASE.jar:2.0.7.RELEASE]
	at org.attoparser.MarkupEventProcessorHandler.handleStandaloneElementEnd(MarkupEventProcessorHandler.java:327) ~[attoparser-2.0.7.RELEASE.jar:2.0.7.RELEASE]
	at org.attoparser.ParsingElementMarkupUtil.parseStandaloneElement(ParsingElementMarkupUtil.java:96) ~[attoparser-2.0.7.RELEASE.jar:2.0.7.RELEASE]
	at org.attoparser.MarkupParser.parseBuffer(MarkupParser.java:706) ~[attoparser-2.0.7.RELEASE.jar:2.0.7.RELEASE]
	at org.attoparser.MarkupParser.parseDocument(MarkupParser.java:301) ~[attoparser-2.0.7.RELEASE.jar:2.0.7.RELEASE]
	... 91 common frames omitted
Caused by: java.lang.IllegalStateException: Neither BindingResult nor plain target object for bean name 'zonaVerdeDTO' available as request attribute
	at org.springframework.web.servlet.support.BindStatus.<init>(BindStatus.java:146) ~[spring-webmvc-7.0.8.jar:7.0.8]
	at org.springframework.web.servlet.support.RequestContext.getBindStatus(RequestContext.java:726) ~[spring-webmvc-7.0.8.jar:7.0.8]
	at org.thymeleaf.spring6.context.webmvc.SpringWebMvcThymeleafRequestContext.getBindStatus(SpringWebMvcThymeleafRequestContext.java:232) ~[thymeleaf-spring6-3.1.5.RELEASE.jar:3.1.5.RELEASE]
	at org.thymeleaf.spring6.util.FieldUtils.getBindStatusFromParsedExpression(FieldUtils.java:306) ~[thymeleaf-spring6-3.1.5.RELEASE.jar:3.1.5.RELEASE]
	at org.thymeleaf.spring6.util.FieldUtils.getBindStatus(FieldUtils.java:253) ~[thymeleaf-spring6-3.1.5.RELEASE.jar:3.1.5.RELEASE]
	at org.thymeleaf.spring6.util.FieldUtils.getBindStatus(FieldUtils.java:227) ~[thymeleaf-spring6-3.1.5.RELEASE.jar:3.1.5.RELEASE]
	at org.thymeleaf.spring6.processor.AbstractSpringFieldTagProcessor.doProcess(AbstractSpringFieldTagProcessor.java:174) ~[thymeleaf-spring6-3.1.5.RELEASE.jar:3.1.5.RELEASE]
	at org.thymeleaf.processor.element.AbstractAttributeTagProcessor.doProcess(AbstractAttributeTagProcessor.java:74) ~[thymeleaf-3.1.5.RELEASE.jar:3.1.5.RELEASE]
	... 104 common frames omitted

2026-08-24T20:11:16.899+02:00 DEBUG 18664 --- [itineria] [http-nio-8080-exec-6] o.s.s.w.a.AnonymousAuthenticationFilter  : Set SecurityContextHolder to anonymous SecurityContext
2026-08-24T20:11:16.905+02:00 ERROR 18664 --- [itineria] [http-nio-8080-exec-6] o.a.c.c.C.[.[.[/].[dispatcherServlet]    : Servlet.service() for servlet [dispatcherServlet] in context with path [] threw exception [Request processing failed: org.thymeleaf.exceptions.TemplateInputException: An error happened during template parsing (template: "class path resource [templates/luoghi_interesse/zoneVerdi.html]")] with root cause

java.lang.IllegalStateException: Neither BindingResult nor plain target object for bean name 'zonaVerdeDTO' available as request attribute
	at org.springframework.web.servlet.support.BindStatus.<init>(BindStatus.java:146) ~[spring-webmvc-7.0.8.jar:7.0.8]
	at org.springframework.web.servlet.support.RequestContext.getBindStatus(RequestContext.java:726) ~[spring-webmvc-7.0.8.jar:7.0.8]
	at org.thymeleaf.spring6.context.webmvc.SpringWebMvcThymeleafRequestContext.getBindStatus(SpringWebMvcThymeleafRequestContext.java:232) ~[thymeleaf-spring6-3.1.5.RELEASE.jar:3.1.5.RELEASE]
	at org.thymeleaf.spring6.util.FieldUtils.getBindStatusFromParsedExpression(FieldUtils.java:306) ~[thymeleaf-spring6-3.1.5.RELEASE.jar:3.1.5.RELEASE]
	at org.thymeleaf.spring6.util.FieldUtils.getBindStatus(FieldUtils.java:253) ~[thymeleaf-spring6-3.1.5.RELEASE.jar:3.1.5.RELEASE]
	at org.thymeleaf.spring6.util.FieldUtils.getBindStatus(FieldUtils.java:227) ~[thymeleaf-spring6-3.1.5.RELEASE.jar:3.1.5.RELEASE]
	at org.thymeleaf.spring6.processor.AbstractSpringFieldTagProcessor.doProcess(AbstractSpringFieldTagProcessor.java:174) ~[thymeleaf-spring6-3.1.5.RELEASE.jar:3.1.5.RELEASE]
	at org.thymeleaf.processor.element.AbstractAttributeTagProcessor.doProcess(AbstractAttributeTagProcessor.java:74) ~[thymeleaf-3.1.5.RELEASE.jar:3.1.5.RELEASE]
	at org.thymeleaf.processor.element.AbstractElementTagProcessor.process(AbstractElementTagProcessor.java:95) ~[thymeleaf-3.1.5.RELEASE.jar:3.1.5.RELEASE]
	at org.thymeleaf.util.ProcessorConfigurationUtils$ElementTagProcessorWrapper.process(ProcessorConfigurationUtils.java:633) ~[thymeleaf-3.1.5.RELEASE.jar:3.1.5.RELEASE]
	at org.thymeleaf.engine.ProcessorTemplateHandler.handleStandaloneElement(ProcessorTemplateHandler.java:918) ~[thymeleaf-3.1.5.RELEASE.jar:3.1.5.RELEASE]
	at org.thymeleaf.engine.TemplateHandlerAdapterMarkupHandler.handleStandaloneElementEnd(TemplateHandlerAdapterMarkupHandler.java:260) ~[thymeleaf-3.1.5.RELEASE.jar:3.1.5.RELEASE]
	at org.thymeleaf.templateparser.markup.InlinedOutputExpressionMarkupHandler$InlineMarkupAdapterPreProcessorHandler.handleStandaloneElementEnd(InlinedOutputExpressionMarkupHandler.java:256) ~[thymeleaf-3.1.5.RELEASE.jar:3.1.5.RELEASE]
	at org.thymeleaf.standard.inline.OutputExpressionInlinePreProcessorHandler.handleStandaloneElementEnd(OutputExpressionInlinePreProcessorHandler.java:169) ~[thymeleaf-3.1.5.RELEASE.jar:3.1.5.RELEASE]
	at org.thymeleaf.templateparser.markup.InlinedOutputExpressionMarkupHandler.handleStandaloneElementEnd(InlinedOutputExpressionMarkupHandler.java:104) ~[thymeleaf-3.1.5.RELEASE.jar:3.1.5.RELEASE]
	at org.attoparser.HtmlElement.handleStandaloneElementEnd(HtmlElement.java:79) ~[attoparser-2.0.7.RELEASE.jar:2.0.7.RELEASE]
	at org.attoparser.HtmlMarkupHandler.handleStandaloneElementEnd(HtmlMarkupHandler.java:241) ~[attoparser-2.0.7.RELEASE.jar:2.0.7.RELEASE]
	at org.attoparser.MarkupEventProcessorHandler.handleStandaloneElementEnd(MarkupEventProcessorHandler.java:327) ~[attoparser-2.0.7.RELEASE.jar:2.0.7.RELEASE]
	at org.attoparser.ParsingElementMarkupUtil.parseStandaloneElement(ParsingElementMarkupUtil.java:96) ~[attoparser-2.0.7.RELEASE.jar:2.0.7.RELEASE]
	at org.attoparser.MarkupParser.parseBuffer(MarkupParser.java:706) ~[attoparser-2.0.7.RELEASE.jar:2.0.7.RELEASE]
	at org.attoparser.MarkupParser.parseDocument(MarkupParser.java:301) ~[attoparser-2.0.7.RELEASE.jar:2.0.7.RELEASE]
	at org.attoparser.MarkupParser.parse(MarkupParser.java:257) ~[attoparser-2.0.7.RELEASE.jar:2.0.7.RELEASE]
	at org.thymeleaf.templateparser.markup.AbstractMarkupTemplateParser.parse(AbstractMarkupTemplateParser.java:230) ~[thymeleaf-3.1.5.RELEASE.jar:3.1.5.RELEASE]
	at org.thymeleaf.templateparser.markup.AbstractMarkupTemplateParser.parseStandalone(AbstractMarkupTemplateParser.java:100) ~[thymeleaf-3.1.5.RELEASE.jar:3.1.5.RELEASE]
	at org.thymeleaf.engine.TemplateManager.parseAndProcess(TemplateManager.java:666) ~[thymeleaf-3.1.5.RELEASE.jar:3.1.5.RELEASE]
	at org.thymeleaf.TemplateEngine.process(TemplateEngine.java:1103) ~[thymeleaf-3.1.5.RELEASE.jar:3.1.5.RELEASE]
	at org.thymeleaf.TemplateEngine.process(TemplateEngine.java:1077) ~[thymeleaf-3.1.5.RELEASE.jar:3.1.5.RELEASE]
	at org.thymeleaf.spring6.view.ThymeleafView.renderFragment(ThymeleafView.java:374) ~[thymeleaf-spring6-3.1.5.RELEASE.jar:3.1.5.RELEASE]
	at org.thymeleaf.spring6.view.ThymeleafView.render(ThymeleafView.java:193) ~[thymeleaf-spring6-3.1.5.RELEASE.jar:3.1.5.RELEASE]
	at org.springframework.web.servlet.DispatcherServlet.render(DispatcherServlet.java:1305) ~[spring-webmvc-7.0.8.jar:7.0.8]
	at org.springframework.web.servlet.DispatcherServlet.processDispatchResult(DispatcherServlet.java:1042) ~[spring-webmvc-7.0.8.jar:7.0.8]
	at org.springframework.web.servlet.DispatcherServlet.doDispatch(DispatcherServlet.java:980) ~[spring-webmvc-7.0.8.jar:7.0.8]
	at org.springframework.web.servlet.DispatcherServlet.doService(DispatcherServlet.java:866) ~[spring-webmvc-7.0.8.jar:7.0.8]
	at org.springframework.web.servlet.FrameworkServlet.processRequest(FrameworkServlet.java:1000) ~[spring-webmvc-7.0.8.jar:7.0.8]
	at org.springframework.web.servlet.FrameworkServlet.doGet(FrameworkServlet.java:892) ~[spring-webmvc-7.0.8.jar:7.0.8]
	at jakarta.servlet.http.HttpServlet.service(HttpServlet.java:622) ~[tomcat-embed-core-11.0.22.jar:6.1]
	at org.springframework.web.servlet.FrameworkServlet.service(FrameworkServlet.java:874) ~[spring-webmvc-7.0.8.jar:7.0.8]
	at jakarta.servlet.http.HttpServlet.service(HttpServlet.java:710) ~[tomcat-embed-core-11.0.22.jar:6.1]
	at org.apache.catalina.core.ApplicationFilterChain.doFilter(ApplicationFilterChain.java:128) ~[tomcat-embed-core-11.0.22.jar:11.0.22]
	at org.apache.tomcat.websocket.server.WsFilter.doFilter(WsFilter.java:53) ~[tomcat-embed-websocket-11.0.22.jar:11.0.22]
	at org.apache.catalina.core.ApplicationFilterChain.doFilter(ApplicationFilterChain.java:107) ~[tomcat-embed-core-11.0.22.jar:11.0.22]
	at org.springframework.web.filter.CompositeFilter$VirtualFilterChain.doFilter(CompositeFilter.java:108) ~[spring-web-7.0.8.jar:7.0.8]
	at org.springframework.security.web.FilterChainProxy.lambda$doFilterInternal$2(FilterChainProxy.java:235) ~[spring-security-web-7.1.0.jar:7.1.0]
	at org.springframework.security.web.FilterChainProxy$VirtualFilterChain.doFilter(FilterChainProxy.java:376) ~[spring-security-web-7.1.0.jar:7.1.0]
	at org.springframework.security.web.access.intercept.AuthorizationFilter.doFilter(AuthorizationFilter.java:101) ~[spring-security-web-7.1.0.jar:7.1.0]
	at org.springframework.security.web.FilterChainProxy$VirtualFilterChain.doFilter(FilterChainProxy.java:385) ~[spring-security-web-7.1.0.jar:7.1.0]
	at org.springframework.security.web.access.ExceptionTranslationFilter.doFilter(ExceptionTranslationFilter.java:126) ~[spring-security-web-7.1.0.jar:7.1.0]
	at org.springframework.security.web.access.ExceptionTranslationFilter.doFilter(ExceptionTranslationFilter.java:120) ~[spring-security-web-7.1.0.jar:7.1.0]
	at org.springframework.security.web.FilterChainProxy$VirtualFilterChain.doFilter(FilterChainProxy.java:385) ~[spring-security-web-7.1.0.jar:7.1.0]
	at org.springframework.security.web.authentication.AnonymousAuthenticationFilter.doFilter(AnonymousAuthenticationFilter.java:100) ~[spring-security-web-7.1.0.jar:7.1.0]
	at org.springframework.security.web.FilterChainProxy$VirtualFilterChain.doFilter(FilterChainProxy.java:385) ~[spring-security-web-7.1.0.jar:7.1.0]
	at org.springframework.security.web.servletapi.SecurityContextHolderAwareRequestFilter.doFilter(SecurityContextHolderAwareRequestFilter.java:181) ~[spring-security-web-7.1.0.jar:7.1.0]
	at org.springframework.security.web.FilterChainProxy$VirtualFilterChain.doFilter(FilterChainProxy.java:385) ~[spring-security-web-7.1.0.jar:7.1.0]
	at org.springframework.security.web.savedrequest.RequestCacheAwareFilter.doFilter(RequestCacheAwareFilter.java:63) ~[spring-security-web-7.1.0.jar:7.1.0]
	at org.springframework.security.web.FilterChainProxy$VirtualFilterChain.doFilter(FilterChainProxy.java:385) ~[spring-security-web-7.1.0.jar:7.1.0]
	at org.springframework.security.web.authentication.AbstractAuthenticationProcessingFilter.doFilter(AbstractAuthenticationProcessingFilter.java:245) ~[spring-security-web-7.1.0.jar:7.1.0]
	at org.springframework.security.web.authentication.AbstractAuthenticationProcessingFilter.doFilter(AbstractAuthenticationProcessingFilter.java:239) ~[spring-security-web-7.1.0.jar:7.1.0]
	at org.springframework.security.web.FilterChainProxy$VirtualFilterChain.doFilter(FilterChainProxy.java:385) ~[spring-security-web-7.1.0.jar:7.1.0]
	at org.springframework.security.web.authentication.logout.LogoutFilter.doFilter(LogoutFilter.java:110) ~[spring-security-web-7.1.0.jar:7.1.0]
	at org.springframework.security.web.authentication.logout.LogoutFilter.doFilter(LogoutFilter.java:96) ~[spring-security-web-7.1.0.jar:7.1.0]
	at org.springframework.security.web.FilterChainProxy$VirtualFilterChain.doFilter(FilterChainProxy.java:385) ~[spring-security-web-7.1.0.jar:7.1.0]
	at org.springframework.security.web.csrf.CsrfFilter.doFilterInternal(CsrfFilter.java:118) ~[spring-security-web-7.1.0.jar:7.1.0]
	at org.springframework.web.filter.OncePerRequestFilter.doFilter(OncePerRequestFilter.java:116) ~[spring-web-7.0.8.jar:7.0.8]
	at org.springframework.security.web.FilterChainProxy$VirtualFilterChain.doFilter(FilterChainProxy.java:385) ~[spring-security-web-7.1.0.jar:7.1.0]
	at org.springframework.security.web.header.HeaderWriterFilter.doHeadersAfter(HeaderWriterFilter.java:90) ~[spring-security-web-7.1.0.jar:7.1.0]
	at org.springframework.security.web.header.HeaderWriterFilter.doFilterInternal(HeaderWriterFilter.java:75) ~[spring-security-web-7.1.0.jar:7.1.0]
	at org.springframework.web.filter.OncePerRequestFilter.doFilter(OncePerRequestFilter.java:116) ~[spring-web-7.0.8.jar:7.0.8]
	at org.springframework.security.web.FilterChainProxy$VirtualFilterChain.doFilter(FilterChainProxy.java:385) ~[spring-security-web-7.1.0.jar:7.1.0]
	at org.springframework.security.web.context.SecurityContextHolderFilter.doFilter(SecurityContextHolderFilter.java:82) ~[spring-security-web-7.1.0.jar:7.1.0]
	at org.springframework.security.web.context.SecurityContextHolderFilter.doFilter(SecurityContextHolderFilter.java:69) ~[spring-security-web-7.1.0.jar:7.1.0]
	at org.springframework.security.web.FilterChainProxy$VirtualFilterChain.doFilter(FilterChainProxy.java:385) ~[spring-security-web-7.1.0.jar:7.1.0]
	at org.springframework.security.web.context.request.async.WebAsyncManagerIntegrationFilter.doFilterInternal(WebAsyncManagerIntegrationFilter.java:62) ~[spring-security-web-7.1.0.jar:7.1.0]
	at org.springframework.web.filter.OncePerRequestFilter.doFilter(OncePerRequestFilter.java:116) ~[spring-web-7.0.8.jar:7.0.8]
	at org.springframework.security.web.FilterChainProxy$VirtualFilterChain.doFilter(FilterChainProxy.java:385) ~[spring-security-web-7.1.0.jar:7.1.0]
	at org.springframework.security.web.session.DisableEncodeUrlFilter.doFilterInternal(DisableEncodeUrlFilter.java:42) ~[spring-security-web-7.1.0.jar:7.1.0]
	at org.springframework.web.filter.OncePerRequestFilter.doFilter(OncePerRequestFilter.java:116) ~[spring-web-7.0.8.jar:7.0.8]
	at org.springframework.security.web.FilterChainProxy$VirtualFilterChain.doFilter(FilterChainProxy.java:385) ~[spring-security-web-7.1.0.jar:7.1.0]
	at org.springframework.security.web.FilterChainProxy.doFilterInternal(FilterChainProxy.java:237) ~[spring-security-web-7.1.0.jar:7.1.0]
	at org.springframework.security.web.FilterChainProxy.doFilter(FilterChainProxy.java:195) ~[spring-security-web-7.1.0.jar:7.1.0]
	at org.springframework.web.filter.CompositeFilter$VirtualFilterChain.doFilter(CompositeFilter.java:113) ~[spring-web-7.0.8.jar:7.0.8]
	at org.springframework.web.filter.ServletRequestPathFilter.doFilter(ServletRequestPathFilter.java:52) ~[spring-web-7.0.8.jar:7.0.8]
	at org.springframework.web.filter.CompositeFilter$VirtualFilterChain.doFilter(CompositeFilter.java:113) ~[spring-web-7.0.8.jar:7.0.8]
	at org.springframework.web.filter.CompositeFilter.doFilter(CompositeFilter.java:74) ~[spring-web-7.0.8.jar:7.0.8]
	at org.springframework.security.config.annotation.web.configuration.WebSecurityConfiguration$CompositeFilterChainProxy.doFilter(WebSecurityConfiguration.java:317) ~[spring-security-config-7.1.0.jar:7.1.0]
	at org.springframework.web.filter.DelegatingFilterProxy.invokeDelegate(DelegatingFilterProxy.java:355) ~[spring-web-7.0.8.jar:7.0.8]
	at org.springframework.web.filter.DelegatingFilterProxy.doFilter(DelegatingFilterProxy.java:272) ~[spring-web-7.0.8.jar:7.0.8]
	at org.apache.catalina.core.ApplicationFilterChain.doFilter(ApplicationFilterChain.java:107) ~[tomcat-embed-core-11.0.22.jar:11.0.22]
	at org.springframework.web.filter.RequestContextFilter.doFilterInternal(RequestContextFilter.java:100) ~[spring-web-7.0.8.jar:7.0.8]
	at org.springframework.web.filter.OncePerRequestFilter.doFilter(OncePerRequestFilter.java:116) ~[spring-web-7.0.8.jar:7.0.8]
	at org.apache.catalina.core.ApplicationFilterChain.doFilter(ApplicationFilterChain.java:107) ~[tomcat-embed-core-11.0.22.jar:11.0.22]
	at org.springframework.web.filter.FormContentFilter.doFilterInternal(FormContentFilter.java:93) ~[spring-web-7.0.8.jar:7.0.8]
	at org.springframework.web.filter.OncePerRequestFilter.doFilter(OncePerRequestFilter.java:116) ~[spring-web-7.0.8.jar:7.0.8]
	at org.apache.catalina.core.ApplicationFilterChain.doFilter(ApplicationFilterChain.java:107) ~[tomcat-embed-core-11.0.22.jar:11.0.22]
	at org.springframework.web.filter.CharacterEncodingFilter.doFilterInternal(CharacterEncodingFilter.java:199) ~[spring-web-7.0.8.jar:7.0.8]
	at org.springframework.web.filter.OncePerRequestFilter.doFilter(OncePerRequestFilter.java:116) ~[spring-web-7.0.8.jar:7.0.8]
	at org.apache.catalina.core.ApplicationFilterChain.doFilter(ApplicationFilterChain.java:107) ~[tomcat-embed-core-11.0.22.jar:11.0.22]
	at org.apache.catalina.core.StandardWrapperValve.invoke(StandardWrapperValve.java:165) ~[tomcat-embed-core-11.0.22.jar:11.0.22]
	at org.apache.catalina.core.StandardContextValve.invoke(StandardContextValve.java:77) ~[tomcat-embed-core-11.0.22.jar:11.0.22]
	at org.apache.catalina.authenticator.AuthenticatorBase.invoke(AuthenticatorBase.java:492) ~[tomcat-embed-core-11.0.22.jar:11.0.22]
	at org.apache.catalina.core.StandardHostValve.invoke(StandardHostValve.java:113) ~[tomcat-embed-core-11.0.22.jar:11.0.22]
	at org.apache.catalina.valves.ErrorReportValve.invoke(ErrorReportValve.java:83) ~[tomcat-embed-core-11.0.22.jar:11.0.22]
	at org.apache.catalina.core.StandardEngineValve.invoke(StandardEngineValve.java:72) ~[tomcat-embed-core-11.0.22.jar:11.0.22]
	at org.apache.catalina.connector.CoyoteAdapter.service(CoyoteAdapter.java:341) ~[tomcat-embed-core-11.0.22.jar:11.0.22]
	at org.apache.coyote.http11.Http11Processor.service(Http11Processor.java:397) ~[tomcat-embed-core-11.0.22.jar:11.0.22]
	at org.apache.coyote.AbstractProcessorLight.process(AbstractProcessorLight.java:63) ~[tomcat-embed-core-11.0.22.jar:11.0.22]
	at org.apache.coyote.AbstractProtocol$ConnectionHandler.process(AbstractProtocol.java:1272) ~[tomcat-embed-core-11.0.22.jar:11.0.22]
	at org.apache.tomcat.util.net.NioEndpoint$SocketProcessor.doRun(NioEndpoint.java:1801) ~[tomcat-embed-core-11.0.22.jar:11.0.22]
	at org.apache.tomcat.util.net.SocketProcessorBase.run(SocketProcessorBase.java:52) ~[tomcat-embed-core-11.0.22.jar:11.0.22]
	at org.apache.tomcat.util.threads.ThreadPoolExecutor.runWorker(ThreadPoolExecutor.java:946) ~[tomcat-embed-core-11.0.22.jar:11.0.22]
	at org.apache.tomcat.util.threads.ThreadPoolExecutor$Worker.run(ThreadPoolExecutor.java:480) ~[tomcat-embed-core-11.0.22.jar:11.0.22]
	at org.apache.tomcat.util.threads.TaskThread$WrappingRunnable.run(TaskThread.java:57) ~[tomcat-embed-core-11.0.22.jar:11.0.22]
	at java.base/java.lang.Thread.run(Unknown Source) ~[na:na]

2026-08-24T20:11:16.906+02:00 DEBUG 18664 --- [itineria] [http-nio-8080-exec-6] o.s.security.web.FilterChainProxy        : Securing GET /error
2026-08-24T20:11:16.913+02:00 DEBUG 18664 --- [itineria] [http-nio-8080-exec-6] o.s.security.web.FilterChainProxy        : Secured GET /error
2026-08-24T20:11:16.945+02:00 DEBUG 18664 --- [itineria] [http-nio-8080-exec-6] o.s.s.w.a.AnonymousAuthenticationFilter  : Set SecurityContextHolder to anonymous SecurityContext
2026-08-24T20:11:36.045+02:00 DEBUG 18664 --- [itineria] [http-nio-8080-exec-7] o.s.security.web.FilterChainProxy        : Securing GET /
2026-08-24T20:11:36.045+02:00 DEBUG 18664 --- [itineria] [http-nio-8080-exec-7] o.s.security.web.FilterChainProxy        : Secured GET /
2026-08-24T20:11:36.095+02:00 DEBUG 18664 --- [itineria] [http-nio-8080-exec-8] o.s.security.web.FilterChainProxy        : Securing GET /css/style.css
2026-08-24T20:11:36.095+02:00 DEBUG 18664 --- [itineria] [http-nio-8080-exec-8] o.s.security.web.FilterChainProxy        : Secured GET /css/style.css
2026-08-24T20:11:36.097+02:00 DEBUG 18664 --- [itineria] [http-nio-8080-exec-7] o.s.s.w.a.AnonymousAuthenticationFilter  : Set SecurityContextHolder to anonymous SecurityContext
2026-08-24T20:11:36.103+02:00 DEBUG 18664 --- [itineria] [http-nio-8080-exec-8] o.s.s.w.a.AnonymousAuthenticationFilter  : Set SecurityContextHolder to anonymous SecurityContext
2026-08-24T20:11:37.361+02:00 DEBUG 18664 --- [itineria] [http-nio-8080-exec-9] o.s.security.web.FilterChainProxy        : Securing GET /images/torino-hero.jpg
2026-08-24T20:11:37.361+02:00 DEBUG 18664 --- [itineria] [http-nio-8080-exec-9] o.s.security.web.FilterChainProxy        : Secured GET /images/torino-hero.jpg
2026-08-24T20:11:37.369+02:00 DEBUG 18664 --- [itineria] [http-nio-8080-exec-9] o.s.s.w.a.AnonymousAuthenticationFilter  : Set SecurityContextHolder to anonymous SecurityContext
2026-08-24T20:11:37.369+02:00 DEBUG 18664 --- [itineria] [http-nio-8080-exec-9] o.s.security.web.FilterChainProxy        : Securing GET /error
2026-08-24T20:11:37.371+02:00 DEBUG 18664 --- [itineria] [http-nio-8080-exec-9] o.s.security.web.FilterChainProxy        : Secured GET /error
2026-08-24T20:11:37.377+02:00 DEBUG 18664 --- [itineria] [http-nio-8080-exec-9] o.s.s.w.a.AnonymousAuthenticationFilter  : Set SecurityContextHolder to anonymous SecurityContext
2026-08-24T20:11:48.466+02:00 DEBUG 18664 --- [itineria] [http-nio-8080-exec-10] o.s.security.web.FilterChainProxy        : Securing GET /luoghi_interesse/zoneVerdi
2026-08-24T20:11:48.468+02:00 DEBUG 18664 --- [itineria] [http-nio-8080-exec-10] o.s.security.web.FilterChainProxy        : Secured GET /luoghi_interesse/zoneVerdi
2026-08-24T20:11:48.479+02:00 DEBUG 18664 --- [itineria] [http-nio-8080-exec-10] o.s.s.w.a.AnonymousAuthenticationFilter  : Set SecurityContextHolder to anonymous SecurityContext
2026-08-24T20:11:48.483+02:00 DEBUG 18664 --- [itineria] [http-nio-8080-exec-10] o.s.security.web.FilterChainProxy        : Securing GET /error
2026-08-24T20:11:48.485+02:00 DEBUG 18664 --- [itineria] [http-nio-8080-exec-10] o.s.security.web.FilterChainProxy        : Secured GET /error
2026-08-24T20:11:48.526+02:00 DEBUG 18664 --- [itineria] [http-nio-8080-exec-10] o.s.s.w.a.AnonymousAuthenticationFilter  : Set SecurityContextHolder to anonymous SecurityContext
2026-08-24T20:22:59.561+02:00  INFO 18664 --- [itineria] [File Watcher] rtingClassPathChangeChangedEventListener : Restarting due to 1 class path change (0 additions, 0 deletions, 1 modification)
2026-08-24T20:22:59.568+02:00  INFO 18664 --- [itineria] [Thread-1] o.s.boot.tomcat.GracefulShutdown         : Commencing graceful shutdown. Waiting for active requests to complete
2026-08-24T20:22:59.574+02:00  INFO 18664 --- [itineria] [tomcat-shutdown] o.s.boot.tomcat.GracefulShutdown         : Graceful shutdown complete
2026-08-24T20:22:59.581+02:00  INFO 18664 --- [itineria] [Thread-1] j.LocalContainerEntityManagerFactoryBean : Closing JPA EntityManagerFactory for persistence unit 'default'
2026-08-24T20:22:59.584+02:00  INFO 18664 --- [itineria] [Thread-1] com.zaxxer.hikari.HikariDataSource       : HikariPool-1 - Shutdown initiated...
2026-08-24T20:22:59.593+02:00  INFO 18664 --- [itineria] [Thread-1] com.zaxxer.hikari.HikariDataSource       : HikariPool-1 - Shutdown completed.
2026-08-24T20:22:59.685+02:00  INFO 18664 --- [itineria] [restartedMain] c.q.itineria.ItineriaApplication         : Starting ItineriaApplication using Java 21.0.11 with PID 18664 (D:\Sette Maria Agnese Computer\VisualStudioCode\itineria\target\classes started by sette in D:\Sette Maria Agnese Computer\VisualStudioCode\itineria)
2026-08-24T20:22:59.686+02:00  INFO 18664 --- [itineria] [restartedMain] c.q.itineria.ItineriaApplication         : No active profile set, falling back to 1 default profile: "default"
2026-08-24T20:22:59.845+02:00  INFO 18664 --- [itineria] [restartedMain] .s.d.r.c.RepositoryConfigurationDelegate : Bootstrapping Spring Data JPA repositories in DEFAULT mode.
2026-08-24T20:22:59.900+02:00  INFO 18664 --- [itineria] [restartedMain] .s.d.r.c.RepositoryConfigurationDelegate : Finished Spring Data repository scanning in 52 ms. Found 12 JPA repository interfaces.
2026-08-24T20:23:00.010+02:00  INFO 18664 --- [itineria] [restartedMain] o.s.boot.tomcat.TomcatWebServer          : Tomcat initialized with port 8080 (http)
2026-08-24T20:23:00.010+02:00  INFO 18664 --- [itineria] [restartedMain] o.apache.catalina.core.StandardService   : Starting service [Tomcat]
2026-08-24T20:23:00.010+02:00  INFO 18664 --- [itineria] [restartedMain] o.apache.catalina.core.StandardEngine    : Starting Servlet engine: [Apache Tomcat/11.0.22]
2026-08-24T20:23:00.033+02:00  INFO 18664 --- [itineria] [restartedMain] b.w.c.s.WebApplicationContextInitializer : Root WebApplicationContext: initialization completed in 344 ms
2026-08-24T20:23:00.065+02:00  INFO 18664 --- [itineria] [restartedMain] com.zaxxer.hikari.HikariDataSource       : HikariPool-2 - Starting...
2026-08-24T20:23:00.076+02:00  INFO 18664 --- [itineria] [restartedMain] com.zaxxer.hikari.pool.HikariPool        : HikariPool-2 - Added connection com.mysql.cj.jdbc.ConnectionImpl@10a370dc
2026-08-24T20:23:00.076+02:00  INFO 18664 --- [itineria] [restartedMain] com.zaxxer.hikari.HikariDataSource       : HikariPool-2 - Start completed.
2026-08-24T20:23:00.078+02:00  INFO 18664 --- [itineria] [restartedMain] org.flywaydb.core.FlywayExecutor         : Database: jdbc:mysql://localhost:3306/itineria?useSSL=false&serverTimezone=UTC&allowPublicKeyRetrieval=true (MySQL 8.0)
2026-08-24T20:23:00.103+02:00  INFO 18664 --- [itineria] [restartedMain] o.f.core.internal.command.DbValidate     : Successfully validated 2 migrations (execution time 00:00.009s)
2026-08-24T20:23:00.114+02:00  INFO 18664 --- [itineria] [restartedMain] o.f.core.internal.command.DbMigrate      : Current version of schema `itineria`: 2
2026-08-24T20:23:00.114+02:00  INFO 18664 --- [itineria] [restartedMain] o.f.core.internal.command.DbMigrate      : Schema `itineria` is up to date. No migration necessary.
2026-08-24T20:23:00.131+02:00  INFO 18664 --- [itineria] [restartedMain] org.hibernate.orm.jpa                    : HHH008540: Processing PersistenceUnitInfo [name: default]
2026-08-24T20:23:00.164+02:00  INFO 18664 --- [itineria] [restartedMain] o.s.o.j.p.SpringPersistenceUnitInfo      : No LoadTimeWeaver setup: ignoring JPA class transformer
2026-08-24T20:23:00.166+02:00  WARN 18664 --- [itineria] [restartedMain] org.hibernate.orm.deprecation            : HHH90000025: MySQLDialect does not need to be specified explicitly using 'hibernate.dialect' (remove the property setting and it will be selected by default)
2026-08-24T20:23:00.167+02:00  INFO 18664 --- [itineria] [restartedMain] org.hibernate.orm.connections.pooling    : HHH10001005: Database info:
	Database JDBC URL [jdbc:mysql://localhost:3306/itineria?useSSL=false&serverTimezone=UTC&allowPublicKeyRetrieval=true]
	Database driver: MySQL Connector/J
	Database dialect: MySQLDialect
	Database version: 8.0.46
	Default catalog/schema: itineria/undefined
	Autocommit mode: undefined/unknown
	Isolation level: REPEATABLE_READ [default REPEATABLE_READ]
	JDBC fetch size: none
	Pool: DataSourceConnectionProvider
	Minimum pool size: undefined/unknown
	Maximum pool size: undefined/unknown
2026-08-24T20:23:00.490+02:00  INFO 18664 --- [itineria] [restartedMain] org.hibernate.orm.core                   : HHH000489: No JTA platform available (set 'hibernate.transaction.jta.platform' to enable JTA platform integration)
2026-08-24T20:23:00.495+02:00  INFO 18664 --- [itineria] [restartedMain] j.LocalContainerEntityManagerFactoryBean : Initialized JPA EntityManagerFactory for persistence unit 'default'
2026-08-24T20:23:00.665+02:00  WARN 18664 --- [itineria] [restartedMain] JpaBaseConfiguration$JpaWebConfiguration : spring.jpa.open-in-view is enabled by default. Therefore, database queries may be performed during view rendering. Explicitly configure spring.jpa.open-in-view to disable this warning
2026-08-24T20:23:00.691+02:00  INFO 18664 --- [itineria] [restartedMain] r$InitializeUserDetailsManagerConfigurer : Global AuthenticationManager configured with UserDetailsService bean with name customerUserDetailsService
2026-08-24T20:23:00.714+02:00 DEBUG 18664 --- [itineria] [restartedMain] o.s.s.web.DefaultSecurityFilterChain     : Will secure any request with filters: DisableEncodeUrlFilter, WebAsyncManagerIntegrationFilter, SecurityContextHolderFilter, HeaderWriterFilter, CsrfFilter, LogoutFilter, UsernamePasswordAuthenticationFilter, RequestCacheAwareFilter, SecurityContextHolderAwareRequestFilter, AnonymousAuthenticationFilter, ExceptionTranslationFilter, AuthorizationFilter
2026-08-24T20:23:00.722+02:00  INFO 18664 --- [itineria] [restartedMain] o.s.b.w.a.WelcomePageHandlerMapping      : Adding welcome page template: index
2026-08-24T20:23:00.780+02:00  INFO 18664 --- [itineria] [restartedMain] o.s.boot.tomcat.TomcatWebServer          : Tomcat started on port 8080 (http) with context path '/'
2026-08-24T20:23:00.785+02:00  INFO 18664 --- [itineria] [restartedMain] c.q.itineria.ItineriaApplication         : Started ItineriaApplication in 1.134 seconds (process running for 752.582)
2026-08-24T20:23:00.785+02:00  INFO 18664 --- [itineria] [restartedMain] .ConditionEvaluationDeltaLoggingListener : Condition evaluation unchanged
2026-08-24T20:23:10.665+02:00  INFO 996 --- [itineria] [restartedMain] c.q.itineria.ItineriaApplication         : Starting ItineriaApplication using Java 21.0.11 with PID 996 (D:\Sette Maria Agnese Computer\VisualStudioCode\itineria\target\classes started by sette in D:\Sette Maria Agnese Computer\VisualStudioCode\itineria)
2026-08-24T20:23:10.665+02:00  INFO 996 --- [itineria] [restartedMain] c.q.itineria.ItineriaApplication         : No active profile set, falling back to 1 default profile: "default"
2026-08-24T20:23:10.741+02:00  INFO 996 --- [itineria] [restartedMain] .e.DevToolsPropertyDefaultsPostProcessor : Devtools property defaults active! Set 'spring.devtools.add-properties' to 'false' to disable
2026-08-24T20:23:10.742+02:00  INFO 996 --- [itineria] [restartedMain] .e.DevToolsPropertyDefaultsPostProcessor : For additional web related logging consider setting the 'logging.level.web' property to 'DEBUG'
2026-08-24T20:23:11.640+02:00  INFO 996 --- [itineria] [restartedMain] .s.d.r.c.RepositoryConfigurationDelegate : Bootstrapping Spring Data JPA repositories in DEFAULT mode.
2026-08-24T20:23:11.753+02:00  INFO 996 --- [itineria] [restartedMain] .s.d.r.c.RepositoryConfigurationDelegate : Finished Spring Data repository scanning in 103 ms. Found 12 JPA repository interfaces.
2026-08-24T20:23:12.585+02:00  INFO 996 --- [itineria] [restartedMain] o.s.boot.tomcat.TomcatWebServer          : Tomcat initialized with port 8080 (http)
2026-08-24T20:23:12.614+02:00  INFO 996 --- [itineria] [restartedMain] o.apache.catalina.core.StandardService   : Starting service [Tomcat]
2026-08-24T20:23:12.614+02:00  INFO 996 --- [itineria] [restartedMain] o.apache.catalina.core.StandardEngine    : Starting Servlet engine: [Apache Tomcat/11.0.22]
2026-08-24T20:23:12.665+02:00  INFO 996 --- [itineria] [restartedMain] b.w.c.s.WebApplicationContextInitializer : Root WebApplicationContext: initialization completed in 1922 ms
2026-08-24T20:23:12.964+02:00  INFO 996 --- [itineria] [restartedMain] com.zaxxer.hikari.HikariDataSource       : HikariPool-1 - Starting...
2026-08-24T20:23:13.133+02:00  INFO 996 --- [itineria] [restartedMain] com.zaxxer.hikari.pool.HikariPool        : HikariPool-1 - Added connection com.mysql.cj.jdbc.ConnectionImpl@79aa37b8
2026-08-24T20:23:13.136+02:00  INFO 996 --- [itineria] [restartedMain] com.zaxxer.hikari.HikariDataSource       : HikariPool-1 - Start completed.
2026-08-24T20:23:13.166+02:00  INFO 996 --- [itineria] [restartedMain] org.flywaydb.core.FlywayExecutor         : Database: jdbc:mysql://localhost:3306/itineria?useSSL=false&serverTimezone=UTC&allowPublicKeyRetrieval=true (MySQL 8.0)
2026-08-24T20:23:13.253+02:00  INFO 996 --- [itineria] [restartedMain] o.f.core.internal.command.DbValidate     : Successfully validated 2 migrations (execution time 00:00.034s)
2026-08-24T20:23:13.269+02:00  INFO 996 --- [itineria] [restartedMain] o.f.core.internal.command.DbMigrate      : Current version of schema `itineria`: 2
2026-08-24T20:23:13.271+02:00  INFO 996 --- [itineria] [restartedMain] o.f.core.internal.command.DbMigrate      : Schema `itineria` is up to date. No migration necessary.
2026-08-24T20:23:13.417+02:00  INFO 996 --- [itineria] [restartedMain] org.hibernate.orm.jpa                    : HHH008540: Processing PersistenceUnitInfo [name: default]
2026-08-24T20:23:13.494+02:00  INFO 996 --- [itineria] [restartedMain] org.hibernate.orm.core                   : HHH000001: Hibernate ORM core version 7.4.1.Final
2026-08-24T20:23:13.830+02:00  INFO 996 --- [itineria] [restartedMain] o.s.o.j.p.SpringPersistenceUnitInfo      : No LoadTimeWeaver setup: ignoring JPA class transformer
2026-08-24T20:23:13.885+02:00  WARN 996 --- [itineria] [restartedMain] org.hibernate.orm.deprecation            : HHH90000025: MySQLDialect does not need to be specified explicitly using 'hibernate.dialect' (remove the property setting and it will be selected by default)
2026-08-24T20:23:13.899+02:00  INFO 996 --- [itineria] [restartedMain] org.hibernate.orm.connections.pooling    : HHH10001005: Database info:
	Database JDBC URL [jdbc:mysql://localhost:3306/itineria?useSSL=false&serverTimezone=UTC&allowPublicKeyRetrieval=true]
	Database driver: MySQL Connector/J
	Database dialect: MySQLDialect
	Database version: 8.0.46
	Default catalog/schema: itineria/undefined
	Autocommit mode: undefined/unknown
	Isolation level: REPEATABLE_READ [default REPEATABLE_READ]
	JDBC fetch size: none
	Pool: DataSourceConnectionProvider
	Minimum pool size: undefined/unknown
	Maximum pool size: undefined/unknown
2026-08-24T20:23:15.046+02:00  INFO 996 --- [itineria] [restartedMain] org.hibernate.orm.core                   : HHH000489: No JTA platform available (set 'hibernate.transaction.jta.platform' to enable JTA platform integration)
2026-08-24T20:23:15.086+02:00  INFO 996 --- [itineria] [restartedMain] j.LocalContainerEntityManagerFactoryBean : Initialized JPA EntityManagerFactory for persistence unit 'default'
2026-08-24T20:23:15.166+02:00  INFO 996 --- [itineria] [restartedMain] o.s.d.j.r.query.QueryEnhancerFactories   : Hibernate is in classpath; If applicable, HQL parser will be used.
2026-08-24T20:23:16.235+02:00  WARN 996 --- [itineria] [restartedMain] JpaBaseConfiguration$JpaWebConfiguration : spring.jpa.open-in-view is enabled by default. Therefore, database queries may be performed during view rendering. Explicitly configure spring.jpa.open-in-view to disable this warning
2026-08-24T20:23:16.345+02:00  INFO 996 --- [itineria] [restartedMain] r$InitializeUserDetailsManagerConfigurer : Global AuthenticationManager configured with UserDetailsService bean with name customerUserDetailsService
2026-08-24T20:23:16.524+02:00 DEBUG 996 --- [itineria] [restartedMain] o.s.s.web.DefaultSecurityFilterChain     : Will secure any request with filters: DisableEncodeUrlFilter, WebAsyncManagerIntegrationFilter, SecurityContextHolderFilter, HeaderWriterFilter, CsrfFilter, LogoutFilter, UsernamePasswordAuthenticationFilter, RequestCacheAwareFilter, SecurityContextHolderAwareRequestFilter, AnonymousAuthenticationFilter, ExceptionTranslationFilter, AuthorizationFilter
2026-08-24T20:23:16.569+02:00  INFO 996 --- [itineria] [restartedMain] o.s.b.w.a.WelcomePageHandlerMapping      : Adding welcome page template: index
2026-08-24T20:23:16.969+02:00  INFO 996 --- [itineria] [restartedMain] o.s.boot.tomcat.TomcatWebServer          : Tomcat started on port 8080 (http) with context path '/'
2026-08-24T20:23:16.975+02:00  INFO 996 --- [itineria] [restartedMain] c.q.itineria.ItineriaApplication         : Started ItineriaApplication in 6.82 seconds (process running for 7.302)
2026-08-24T20:23:26.027+02:00  INFO 996 --- [itineria] [http-nio-8080-exec-1] o.a.c.c.C.[Tomcat].[localhost].[/]       : Initializing Spring DispatcherServlet 'dispatcherServlet'
2026-08-24T20:23:26.028+02:00  INFO 996 --- [itineria] [http-nio-8080-exec-1] o.s.web.servlet.DispatcherServlet        : Initializing Servlet 'dispatcherServlet'
2026-08-24T20:23:26.028+02:00  INFO 996 --- [itineria] [http-nio-8080-exec-1] o.s.web.servlet.DispatcherServlet        : Completed initialization in 0 ms
2026-08-24T20:23:26.046+02:00 DEBUG 996 --- [itineria] [http-nio-8080-exec-1] o.s.security.web.FilterChainProxy        : Securing GET /parchi
2026-08-24T20:23:26.076+02:00 DEBUG 996 --- [itineria] [http-nio-8080-exec-1] o.s.security.web.FilterChainProxy        : Secured GET /parchi
2026-08-24T20:23:26.141+02:00 DEBUG 996 --- [itineria] [http-nio-8080-exec-1] o.s.s.w.a.AnonymousAuthenticationFilter  : Set SecurityContextHolder to anonymous SecurityContext
2026-08-24T20:23:26.152+02:00 DEBUG 996 --- [itineria] [http-nio-8080-exec-1] o.s.security.web.FilterChainProxy        : Securing GET /error
2026-08-24T20:23:26.153+02:00 DEBUG 996 --- [itineria] [http-nio-8080-exec-1] o.s.security.web.FilterChainProxy        : Secured GET /error
2026-08-24T20:23:26.253+02:00 DEBUG 996 --- [itineria] [http-nio-8080-exec-1] o.s.s.w.a.AnonymousAuthenticationFilter  : Set SecurityContextHolder to anonymous SecurityContext
2026-08-24T20:33:44.169+02:00  INFO 12900 --- [itineria] [restartedMain] c.q.itineria.ItineriaApplication         : Starting ItineriaApplication using Java 21.0.11 with PID 12900 (D:\Sette Maria Agnese Computer\VisualStudioCode\itineria\target\classes started by sette in D:\Sette Maria Agnese Computer\VisualStudioCode\itineria)
2026-08-24T20:33:44.174+02:00  INFO 12900 --- [itineria] [restartedMain] c.q.itineria.ItineriaApplication         : No active profile set, falling back to 1 default profile: "default"
2026-08-24T20:33:44.236+02:00  INFO 12900 --- [itineria] [restartedMain] .e.DevToolsPropertyDefaultsPostProcessor : Devtools property defaults active! Set 'spring.devtools.add-properties' to 'false' to disable
2026-08-24T20:33:44.237+02:00  INFO 12900 --- [itineria] [restartedMain] .e.DevToolsPropertyDefaultsPostProcessor : For additional web related logging consider setting the 'logging.level.web' property to 'DEBUG'
2026-08-24T20:33:45.172+02:00  INFO 12900 --- [itineria] [restartedMain] .s.d.r.c.RepositoryConfigurationDelegate : Bootstrapping Spring Data JPA repositories in DEFAULT mode.
2026-08-24T20:33:45.267+02:00  INFO 12900 --- [itineria] [restartedMain] .s.d.r.c.RepositoryConfigurationDelegate : Finished Spring Data repository scanning in 83 ms. Found 12 JPA repository interfaces.
2026-08-24T20:33:46.048+02:00  INFO 12900 --- [itineria] [restartedMain] o.s.boot.tomcat.TomcatWebServer          : Tomcat initialized with port 8080 (http)
2026-08-24T20:33:46.075+02:00  INFO 12900 --- [itineria] [restartedMain] o.apache.catalina.core.StandardService   : Starting service [Tomcat]
2026-08-24T20:33:46.075+02:00  INFO 12900 --- [itineria] [restartedMain] o.apache.catalina.core.StandardEngine    : Starting Servlet engine: [Apache Tomcat/11.0.22]
2026-08-24T20:33:46.143+02:00  INFO 12900 --- [itineria] [restartedMain] b.w.c.s.WebApplicationContextInitializer : Root WebApplicationContext: initialization completed in 1905 ms
2026-08-24T20:33:46.422+02:00  INFO 12900 --- [itineria] [restartedMain] com.zaxxer.hikari.HikariDataSource       : HikariPool-1 - Starting...
2026-08-24T20:33:46.566+02:00  INFO 12900 --- [itineria] [restartedMain] com.zaxxer.hikari.pool.HikariPool        : HikariPool-1 - Added connection com.mysql.cj.jdbc.ConnectionImpl@615c2268
2026-08-24T20:33:46.576+02:00  INFO 12900 --- [itineria] [restartedMain] com.zaxxer.hikari.HikariDataSource       : HikariPool-1 - Start completed.
2026-08-24T20:33:46.609+02:00  INFO 12900 --- [itineria] [restartedMain] org.flywaydb.core.FlywayExecutor         : Database: jdbc:mysql://localhost:3306/itineria?useSSL=false&serverTimezone=UTC&allowPublicKeyRetrieval=true (MySQL 8.0)
2026-08-24T20:33:46.685+02:00  INFO 12900 --- [itineria] [restartedMain] o.f.core.internal.command.DbValidate     : Successfully validated 2 migrations (execution time 00:00.037s)
2026-08-24T20:33:46.707+02:00  INFO 12900 --- [itineria] [restartedMain] o.f.core.internal.command.DbMigrate      : Current version of schema `itineria`: 2
2026-08-24T20:33:46.707+02:00  INFO 12900 --- [itineria] [restartedMain] o.f.core.internal.command.DbMigrate      : Schema `itineria` is up to date. No migration necessary.
2026-08-24T20:33:46.818+02:00  INFO 12900 --- [itineria] [restartedMain] org.hibernate.orm.jpa                    : HHH008540: Processing PersistenceUnitInfo [name: default]
2026-08-24T20:33:46.872+02:00  INFO 12900 --- [itineria] [restartedMain] org.hibernate.orm.core                   : HHH000001: Hibernate ORM core version 7.4.1.Final
2026-08-24T20:33:47.186+02:00  INFO 12900 --- [itineria] [restartedMain] o.s.o.j.p.SpringPersistenceUnitInfo      : No LoadTimeWeaver setup: ignoring JPA class transformer
2026-08-24T20:33:47.241+02:00  WARN 12900 --- [itineria] [restartedMain] org.hibernate.orm.deprecation            : HHH90000025: MySQLDialect does not need to be specified explicitly using 'hibernate.dialect' (remove the property setting and it will be selected by default)
2026-08-24T20:33:47.252+02:00  INFO 12900 --- [itineria] [restartedMain] org.hibernate.orm.connections.pooling    : HHH10001005: Database info:
	Database JDBC URL [jdbc:mysql://localhost:3306/itineria?useSSL=false&serverTimezone=UTC&allowPublicKeyRetrieval=true]
	Database driver: MySQL Connector/J
	Database dialect: MySQLDialect
	Database version: 8.0.46
	Default catalog/schema: itineria/undefined
	Autocommit mode: undefined/unknown
	Isolation level: REPEATABLE_READ [default REPEATABLE_READ]
	JDBC fetch size: none
	Pool: DataSourceConnectionProvider
	Minimum pool size: undefined/unknown
	Maximum pool size: undefined/unknown
2026-08-24T20:33:48.306+02:00  INFO 12900 --- [itineria] [restartedMain] org.hibernate.orm.core                   : HHH000489: No JTA platform available (set 'hibernate.transaction.jta.platform' to enable JTA platform integration)
2026-08-24T20:33:48.345+02:00  INFO 12900 --- [itineria] [restartedMain] j.LocalContainerEntityManagerFactoryBean : Initialized JPA EntityManagerFactory for persistence unit 'default'
2026-08-24T20:33:48.429+02:00  INFO 12900 --- [itineria] [restartedMain] o.s.d.j.r.query.QueryEnhancerFactories   : Hibernate is in classpath; If applicable, HQL parser will be used.
2026-08-24T20:33:49.508+02:00  WARN 12900 --- [itineria] [restartedMain] JpaBaseConfiguration$JpaWebConfiguration : spring.jpa.open-in-view is enabled by default. Therefore, database queries may be performed during view rendering. Explicitly configure spring.jpa.open-in-view to disable this warning
2026-08-24T20:33:49.616+02:00  INFO 12900 --- [itineria] [restartedMain] r$InitializeUserDetailsManagerConfigurer : Global AuthenticationManager configured with UserDetailsService bean with name customerUserDetailsService
2026-08-24T20:33:49.805+02:00 DEBUG 12900 --- [itineria] [restartedMain] o.s.s.web.DefaultSecurityFilterChain     : Will secure any request with filters: DisableEncodeUrlFilter, WebAsyncManagerIntegrationFilter, SecurityContextHolderFilter, HeaderWriterFilter, CsrfFilter, LogoutFilter, UsernamePasswordAuthenticationFilter, RequestCacheAwareFilter, SecurityContextHolderAwareRequestFilter, AnonymousAuthenticationFilter, ExceptionTranslationFilter, AuthorizationFilter
2026-08-24T20:33:49.850+02:00  INFO 12900 --- [itineria] [restartedMain] o.s.b.w.a.WelcomePageHandlerMapping      : Adding welcome page template: index
2026-08-24T20:33:50.306+02:00  INFO 12900 --- [itineria] [restartedMain] o.s.boot.tomcat.TomcatWebServer          : Tomcat started on port 8080 (http) with context path '/'
2026-08-24T20:33:50.317+02:00  INFO 12900 --- [itineria] [restartedMain] c.q.itineria.ItineriaApplication         : Started ItineriaApplication in 6.656 seconds (process running for 7.094)
2026-08-24T20:33:58.469+02:00  INFO 12900 --- [itineria] [http-nio-8080-exec-1] o.a.c.c.C.[Tomcat].[localhost].[/]       : Initializing Spring DispatcherServlet 'dispatcherServlet'
2026-08-24T20:33:58.470+02:00  INFO 12900 --- [itineria] [http-nio-8080-exec-1] o.s.web.servlet.DispatcherServlet        : Initializing Servlet 'dispatcherServlet'
2026-08-24T20:33:58.472+02:00  INFO 12900 --- [itineria] [http-nio-8080-exec-1] o.s.web.servlet.DispatcherServlet        : Completed initialization in 1 ms
2026-08-24T20:33:58.494+02:00 DEBUG 12900 --- [itineria] [http-nio-8080-exec-1] o.s.security.web.FilterChainProxy        : Securing GET /
2026-08-24T20:33:58.521+02:00 DEBUG 12900 --- [itineria] [http-nio-8080-exec-1] o.s.security.web.FilterChainProxy        : Secured GET /
2026-08-24T20:33:59.311+02:00 DEBUG 12900 --- [itineria] [http-nio-8080-exec-2] o.s.security.web.FilterChainProxy        : Securing GET /css/style.css
2026-08-24T20:33:59.312+02:00 DEBUG 12900 --- [itineria] [http-nio-8080-exec-2] o.s.security.web.FilterChainProxy        : Secured GET /css/style.css
2026-08-24T20:33:59.341+02:00 DEBUG 12900 --- [itineria] [http-nio-8080-exec-2] o.s.s.w.a.AnonymousAuthenticationFilter  : Set SecurityContextHolder to anonymous SecurityContext
2026-08-24T20:33:59.400+02:00 DEBUG 12900 --- [itineria] [http-nio-8080-exec-1] o.s.s.w.a.AnonymousAuthenticationFilter  : Set SecurityContextHolder to anonymous SecurityContext
2026-08-24T20:33:59.409+02:00 DEBUG 12900 --- [itineria] [http-nio-8080-exec-3] o.s.security.web.FilterChainProxy        : Securing GET /images/torino-hero.jpg
2026-08-24T20:33:59.410+02:00 DEBUG 12900 --- [itineria] [http-nio-8080-exec-3] o.s.security.web.FilterChainProxy        : Secured GET /images/torino-hero.jpg
2026-08-24T20:33:59.419+02:00 DEBUG 12900 --- [itineria] [http-nio-8080-exec-3] o.s.s.w.a.AnonymousAuthenticationFilter  : Set SecurityContextHolder to anonymous SecurityContext
2026-08-24T20:33:59.432+02:00 DEBUG 12900 --- [itineria] [http-nio-8080-exec-3] o.s.security.web.FilterChainProxy        : Securing GET /error
2026-08-24T20:33:59.433+02:00 DEBUG 12900 --- [itineria] [http-nio-8080-exec-3] o.s.security.web.FilterChainProxy        : Secured GET /error
2026-08-24T20:33:59.513+02:00 DEBUG 12900 --- [itineria] [http-nio-8080-exec-3] o.s.s.w.a.AnonymousAuthenticationFilter  : Set SecurityContextHolder to anonymous SecurityContext
2026-08-24T20:34:06.056+02:00 DEBUG 12900 --- [itineria] [http-nio-8080-exec-4] o.s.security.web.FilterChainProxy        : Securing GET /zoneVerdi
2026-08-24T20:34:06.057+02:00 DEBUG 12900 --- [itineria] [http-nio-8080-exec-4] o.s.security.web.FilterChainProxy        : Secured GET /zoneVerdi
2026-08-24T20:34:06.238+02:00 DEBUG 12900 --- [itineria] [http-nio-8080-exec-4] org.hibernate.SQL                        : 
    select
        zv1_0.id,
        zv1_1.accessibilita,
        zv1_1.id_citta,
        zv1_1.created_at,
        zv1_1.descrizione,
        zv1_1.email,
        zv1_1.indirizzo,
        zv1_1.link_sito,
        zv1_1.id_manager,
        zv1_1.nome,
        zv1_1.numero_telefono,
        zv1_1.sempre_aperto,
        zv1_1.tipo,
        zv1_1.updated_at,
        zv1_1.version,
        zv1_0.area_mq,
        zv1_0.ciclabile,
        zv1_0.dog_friendly,
        zv1_0.ristoro,
        zv1_0.tipologia 
    from
        zone_verdi zv1_0 
    join
        luoghi_interesse zv1_1 
            on zv1_0.id=zv1_1.id 
    limit
        ?, ?
2026-08-24T20:34:06.241+02:00 TRACE 12900 --- [itineria] [http-nio-8080-exec-4] org.hibernate.orm.jdbc.bind              : binding parameter (1:INTEGER) <- [0]
2026-08-24T20:34:06.243+02:00 TRACE 12900 --- [itineria] [http-nio-8080-exec-4] org.hibernate.orm.jdbc.bind              : binding parameter (2:INTEGER) <- [20]
2026-08-24T20:34:06.312+02:00 DEBUG 12900 --- [itineria] [http-nio-8080-exec-4] org.hibernate.SQL                        : 
    select
        c1_0.id,
        c1_0.created_at,
        c1_0.descrizione,
        c1_0.nome,
        c1_0.regione,
        c1_0.updated_at,
        c1_0.version 
    from
        citta c1_0 
    where
        c1_0.id=?
2026-08-24T20:34:06.316+02:00 TRACE 12900 --- [itineria] [http-nio-8080-exec-4] org.hibernate.orm.jdbc.bind              : binding parameter (1:BIGINT) <- [1]
2026-08-24T20:34:06.462+02:00 DEBUG 12900 --- [itineria] [http-nio-8080-exec-4] org.hibernate.SQL                        : 
    select
        zv1_0.id,
        zv1_1.accessibilita,
        zv1_1.id_citta,
        zv1_1.created_at,
        zv1_1.descrizione,
        zv1_1.email,
        zv1_1.indirizzo,
        zv1_1.link_sito,
        zv1_1.id_manager,
        zv1_1.nome,
        zv1_1.numero_telefono,
        zv1_1.sempre_aperto,
        zv1_1.tipo,
        zv1_1.updated_at,
        zv1_1.version,
        zv1_0.area_mq,
        zv1_0.ciclabile,
        zv1_0.dog_friendly,
        zv1_0.ristoro,
        zv1_0.tipologia 
    from
        zone_verdi zv1_0 
    join
        luoghi_interesse zv1_1 
            on zv1_0.id=zv1_1.id 
    where
        zv1_0.ciclabile=? 
    limit
        ?, ?
2026-08-24T20:34:06.464+02:00 TRACE 12900 --- [itineria] [http-nio-8080-exec-4] org.hibernate.orm.jdbc.bind              : binding parameter (1:BOOLEAN) <- [true]
2026-08-24T20:34:06.464+02:00 TRACE 12900 --- [itineria] [http-nio-8080-exec-4] org.hibernate.orm.jdbc.bind              : binding parameter (2:INTEGER) <- [0]
2026-08-24T20:34:06.466+02:00 TRACE 12900 --- [itineria] [http-nio-8080-exec-4] org.hibernate.orm.jdbc.bind              : binding parameter (3:INTEGER) <- [6]
2026-08-24T20:34:06.477+02:00 DEBUG 12900 --- [itineria] [http-nio-8080-exec-4] org.hibernate.SQL                        : 
    select
        zv1_0.id,
        zv1_1.accessibilita,
        zv1_1.id_citta,
        zv1_1.created_at,
        zv1_1.descrizione,
        zv1_1.email,
        zv1_1.indirizzo,
        zv1_1.link_sito,
        zv1_1.id_manager,
        zv1_1.nome,
        zv1_1.numero_telefono,
        zv1_1.sempre_aperto,
        zv1_1.tipo,
        zv1_1.updated_at,
        zv1_1.version,
        zv1_0.area_mq,
        zv1_0.ciclabile,
        zv1_0.dog_friendly,
        zv1_0.ristoro,
        zv1_0.tipologia 
    from
        zone_verdi zv1_0 
    join
        luoghi_interesse zv1_1 
            on zv1_0.id=zv1_1.id 
    where
        zv1_0.dog_friendly=? 
    limit
        ?, ?
2026-08-24T20:34:06.479+02:00 TRACE 12900 --- [itineria] [http-nio-8080-exec-4] org.hibernate.orm.jdbc.bind              : binding parameter (1:BOOLEAN) <- [true]
2026-08-24T20:34:06.481+02:00 TRACE 12900 --- [itineria] [http-nio-8080-exec-4] org.hibernate.orm.jdbc.bind              : binding parameter (2:INTEGER) <- [0]
2026-08-24T20:34:06.482+02:00 TRACE 12900 --- [itineria] [http-nio-8080-exec-4] org.hibernate.orm.jdbc.bind              : binding parameter (3:INTEGER) <- [6]
2026-08-24T20:34:06.502+02:00 DEBUG 12900 --- [itineria] [http-nio-8080-exec-4] org.hibernate.SQL                        : 
    select
        zv1_0.id,
        zv1_1.accessibilita,
        zv1_1.id_citta,
        zv1_1.created_at,
        zv1_1.descrizione,
        zv1_1.email,
        zv1_1.indirizzo,
        zv1_1.link_sito,
        zv1_1.id_manager,
        zv1_1.nome,
        zv1_1.numero_telefono,
        zv1_1.sempre_aperto,
        zv1_1.tipo,
        zv1_1.updated_at,
        zv1_1.version,
        zv1_0.area_mq,
        zv1_0.ciclabile,
        zv1_0.dog_friendly,
        zv1_0.ristoro,
        zv1_0.tipologia 
    from
        zone_verdi zv1_0 
    join
        luoghi_interesse zv1_1 
            on zv1_0.id=zv1_1.id 
    where
        zv1_0.ristoro=? 
    limit
        ?, ?
2026-08-24T20:34:06.505+02:00 TRACE 12900 --- [itineria] [http-nio-8080-exec-4] org.hibernate.orm.jdbc.bind              : binding parameter (1:BOOLEAN) <- [true]
2026-08-24T20:34:06.507+02:00 TRACE 12900 --- [itineria] [http-nio-8080-exec-4] org.hibernate.orm.jdbc.bind              : binding parameter (2:INTEGER) <- [0]
2026-08-24T20:34:06.508+02:00 TRACE 12900 --- [itineria] [http-nio-8080-exec-4] org.hibernate.orm.jdbc.bind              : binding parameter (3:INTEGER) <- [6]
2026-08-24T20:34:06.523+02:00 DEBUG 12900 --- [itineria] [http-nio-8080-exec-4] org.hibernate.SQL                        : 
    select
        zv1_0.id,
        zv1_1.accessibilita,
        zv1_1.id_citta,
        zv1_1.created_at,
        zv1_1.descrizione,
        zv1_1.email,
        zv1_1.indirizzo,
        zv1_1.link_sito,
        zv1_1.id_manager,
        zv1_1.nome,
        zv1_1.numero_telefono,
        zv1_1.sempre_aperto,
        zv1_1.tipo,
        zv1_1.updated_at,
        zv1_1.version,
        zv1_0.area_mq,
        zv1_0.ciclabile,
        zv1_0.dog_friendly,
        zv1_0.ristoro,
        zv1_0.tipologia 
    from
        zone_verdi zv1_0 
    join
        luoghi_interesse zv1_1 
            on zv1_0.id=zv1_1.id 
    where
        zv1_1.sempre_aperto=? 
    limit
        ?, ?
2026-08-24T20:34:06.526+02:00 TRACE 12900 --- [itineria] [http-nio-8080-exec-4] org.hibernate.orm.jdbc.bind              : binding parameter (1:BOOLEAN) <- [true]
2026-08-24T20:34:06.527+02:00 TRACE 12900 --- [itineria] [http-nio-8080-exec-4] org.hibernate.orm.jdbc.bind              : binding parameter (2:INTEGER) <- [0]
2026-08-24T20:34:06.528+02:00 TRACE 12900 --- [itineria] [http-nio-8080-exec-4] org.hibernate.orm.jdbc.bind              : binding parameter (3:INTEGER) <- [6]
2026-08-24T20:34:06.597+02:00 ERROR 12900 --- [itineria] [http-nio-8080-exec-4] org.thymeleaf.TemplateEngine             : [THYMELEAF][http-nio-8080-exec-4] Exception processing template "luoghi_interesse/zoneVerdi": An error happened during template parsing (template: "class path resource [templates/luoghi_interesse/zoneVerdi.html]")

org.thymeleaf.exceptions.TemplateInputException: An error happened during template parsing (template: "class path resource [templates/luoghi_interesse/zoneVerdi.html]")
	at org.thymeleaf.templateparser.markup.AbstractMarkupTemplateParser.parse(AbstractMarkupTemplateParser.java:241) ~[thymeleaf-3.1.5.RELEASE.jar:3.1.5.RELEASE]
	at org.thymeleaf.templateparser.markup.AbstractMarkupTemplateParser.parseStandalone(AbstractMarkupTemplateParser.java:100) ~[thymeleaf-3.1.5.RELEASE.jar:3.1.5.RELEASE]
	at org.thymeleaf.engine.TemplateManager.parseAndProcess(TemplateManager.java:666) ~[thymeleaf-3.1.5.RELEASE.jar:3.1.5.RELEASE]
	at org.thymeleaf.TemplateEngine.process(TemplateEngine.java:1103) ~[thymeleaf-3.1.5.RELEASE.jar:3.1.5.RELEASE]
	at org.thymeleaf.TemplateEngine.process(TemplateEngine.java:1077) ~[thymeleaf-3.1.5.RELEASE.jar:3.1.5.RELEASE]
	at org.thymeleaf.spring6.view.ThymeleafView.renderFragment(ThymeleafView.java:374) ~[thymeleaf-spring6-3.1.5.RELEASE.jar:3.1.5.RELEASE]
	at org.thymeleaf.spring6.view.ThymeleafView.render(ThymeleafView.java:193) ~[thymeleaf-spring6-3.1.5.RELEASE.jar:3.1.5.RELEASE]
	at org.springframework.web.servlet.DispatcherServlet.render(DispatcherServlet.java:1305) ~[spring-webmvc-7.0.8.jar:7.0.8]
	at org.springframework.web.servlet.DispatcherServlet.processDispatchResult(DispatcherServlet.java:1042) ~[spring-webmvc-7.0.8.jar:7.0.8]
	at org.springframework.web.servlet.DispatcherServlet.doDispatch(DispatcherServlet.java:980) ~[spring-webmvc-7.0.8.jar:7.0.8]
	at org.springframework.web.servlet.DispatcherServlet.doService(DispatcherServlet.java:866) ~[spring-webmvc-7.0.8.jar:7.0.8]
	at org.springframework.web.servlet.FrameworkServlet.processRequest(FrameworkServlet.java:1000) ~[spring-webmvc-7.0.8.jar:7.0.8]
	at org.springframework.web.servlet.FrameworkServlet.doGet(FrameworkServlet.java:892) ~[spring-webmvc-7.0.8.jar:7.0.8]
	at jakarta.servlet.http.HttpServlet.service(HttpServlet.java:622) ~[tomcat-embed-core-11.0.22.jar:6.1]
	at org.springframework.web.servlet.FrameworkServlet.service(FrameworkServlet.java:874) ~[spring-webmvc-7.0.8.jar:7.0.8]
	at jakarta.servlet.http.HttpServlet.service(HttpServlet.java:710) ~[tomcat-embed-core-11.0.22.jar:6.1]
	at org.apache.catalina.core.ApplicationFilterChain.doFilter(ApplicationFilterChain.java:128) ~[tomcat-embed-core-11.0.22.jar:11.0.22]
	at org.apache.tomcat.websocket.server.WsFilter.doFilter(WsFilter.java:53) ~[tomcat-embed-websocket-11.0.22.jar:11.0.22]
	at org.apache.catalina.core.ApplicationFilterChain.doFilter(ApplicationFilterChain.java:107) ~[tomcat-embed-core-11.0.22.jar:11.0.22]
	at org.springframework.web.filter.CompositeFilter$VirtualFilterChain.doFilter(CompositeFilter.java:108) ~[spring-web-7.0.8.jar:7.0.8]
	at org.springframework.security.web.FilterChainProxy.lambda$doFilterInternal$2(FilterChainProxy.java:235) ~[spring-security-web-7.1.0.jar:7.1.0]
	at org.springframework.security.web.FilterChainProxy$VirtualFilterChain.doFilter(FilterChainProxy.java:376) ~[spring-security-web-7.1.0.jar:7.1.0]
	at org.springframework.security.web.access.intercept.AuthorizationFilter.doFilter(AuthorizationFilter.java:101) ~[spring-security-web-7.1.0.jar:7.1.0]
	at org.springframework.security.web.FilterChainProxy$VirtualFilterChain.doFilter(FilterChainProxy.java:385) ~[spring-security-web-7.1.0.jar:7.1.0]
	at org.springframework.security.web.access.ExceptionTranslationFilter.doFilter(ExceptionTranslationFilter.java:126) ~[spring-security-web-7.1.0.jar:7.1.0]
	at org.springframework.security.web.access.ExceptionTranslationFilter.doFilter(ExceptionTranslationFilter.java:120) ~[spring-security-web-7.1.0.jar:7.1.0]
	at org.springframework.security.web.FilterChainProxy$VirtualFilterChain.doFilter(FilterChainProxy.java:385) ~[spring-security-web-7.1.0.jar:7.1.0]
	at org.springframework.security.web.authentication.AnonymousAuthenticationFilter.doFilter(AnonymousAuthenticationFilter.java:100) ~[spring-security-web-7.1.0.jar:7.1.0]
	at org.springframework.security.web.FilterChainProxy$VirtualFilterChain.doFilter(FilterChainProxy.java:385) ~[spring-security-web-7.1.0.jar:7.1.0]
	at org.springframework.security.web.servletapi.SecurityContextHolderAwareRequestFilter.doFilter(SecurityContextHolderAwareRequestFilter.java:181) ~[spring-security-web-7.1.0.jar:7.1.0]
	at org.springframework.security.web.FilterChainProxy$VirtualFilterChain.doFilter(FilterChainProxy.java:385) ~[spring-security-web-7.1.0.jar:7.1.0]
	at org.springframework.security.web.savedrequest.RequestCacheAwareFilter.doFilter(RequestCacheAwareFilter.java:63) ~[spring-security-web-7.1.0.jar:7.1.0]
	at org.springframework.security.web.FilterChainProxy$VirtualFilterChain.doFilter(FilterChainProxy.java:385) ~[spring-security-web-7.1.0.jar:7.1.0]
	at org.springframework.security.web.authentication.AbstractAuthenticationProcessingFilter.doFilter(AbstractAuthenticationProcessingFilter.java:245) ~[spring-security-web-7.1.0.jar:7.1.0]
	at org.springframework.security.web.authentication.AbstractAuthenticationProcessingFilter.doFilter(AbstractAuthenticationProcessingFilter.java:239) ~[spring-security-web-7.1.0.jar:7.1.0]
	at org.springframework.security.web.FilterChainProxy$VirtualFilterChain.doFilter(FilterChainProxy.java:385) ~[spring-security-web-7.1.0.jar:7.1.0]
	at org.springframework.security.web.authentication.logout.LogoutFilter.doFilter(LogoutFilter.java:110) ~[spring-security-web-7.1.0.jar:7.1.0]
	at org.springframework.security.web.authentication.logout.LogoutFilter.doFilter(LogoutFilter.java:96) ~[spring-security-web-7.1.0.jar:7.1.0]
	at org.springframework.security.web.FilterChainProxy$VirtualFilterChain.doFilter(FilterChainProxy.java:385) ~[spring-security-web-7.1.0.jar:7.1.0]
	at org.springframework.security.web.csrf.CsrfFilter.doFilterInternal(CsrfFilter.java:118) ~[spring-security-web-7.1.0.jar:7.1.0]
	at org.springframework.web.filter.OncePerRequestFilter.doFilter(OncePerRequestFilter.java:116) ~[spring-web-7.0.8.jar:7.0.8]
	at org.springframework.security.web.FilterChainProxy$VirtualFilterChain.doFilter(FilterChainProxy.java:385) ~[spring-security-web-7.1.0.jar:7.1.0]
	at org.springframework.security.web.header.HeaderWriterFilter.doHeadersAfter(HeaderWriterFilter.java:90) ~[spring-security-web-7.1.0.jar:7.1.0]
	at org.springframework.security.web.header.HeaderWriterFilter.doFilterInternal(HeaderWriterFilter.java:75) ~[spring-security-web-7.1.0.jar:7.1.0]
	at org.springframework.web.filter.OncePerRequestFilter.doFilter(OncePerRequestFilter.java:116) ~[spring-web-7.0.8.jar:7.0.8]
	at org.springframework.security.web.FilterChainProxy$VirtualFilterChain.doFilter(FilterChainProxy.java:385) ~[spring-security-web-7.1.0.jar:7.1.0]
	at org.springframework.security.web.context.SecurityContextHolderFilter.doFilter(SecurityContextHolderFilter.java:82) ~[spring-security-web-7.1.0.jar:7.1.0]
	at org.springframework.security.web.context.SecurityContextHolderFilter.doFilter(SecurityContextHolderFilter.java:69) ~[spring-security-web-7.1.0.jar:7.1.0]
	at org.springframework.security.web.FilterChainProxy$VirtualFilterChain.doFilter(FilterChainProxy.java:385) ~[spring-security-web-7.1.0.jar:7.1.0]
	at org.springframework.security.web.context.request.async.WebAsyncManagerIntegrationFilter.doFilterInternal(WebAsyncManagerIntegrationFilter.java:62) ~[spring-security-web-7.1.0.jar:7.1.0]
	at org.springframework.web.filter.OncePerRequestFilter.doFilter(OncePerRequestFilter.java:116) ~[spring-web-7.0.8.jar:7.0.8]
	at org.springframework.security.web.FilterChainProxy$VirtualFilterChain.doFilter(FilterChainProxy.java:385) ~[spring-security-web-7.1.0.jar:7.1.0]
	at org.springframework.security.web.session.DisableEncodeUrlFilter.doFilterInternal(DisableEncodeUrlFilter.java:42) ~[spring-security-web-7.1.0.jar:7.1.0]
	at org.springframework.web.filter.OncePerRequestFilter.doFilter(OncePerRequestFilter.java:116) ~[spring-web-7.0.8.jar:7.0.8]
	at org.springframework.security.web.FilterChainProxy$VirtualFilterChain.doFilter(FilterChainProxy.java:385) ~[spring-security-web-7.1.0.jar:7.1.0]
	at org.springframework.security.web.FilterChainProxy.doFilterInternal(FilterChainProxy.java:237) ~[spring-security-web-7.1.0.jar:7.1.0]
	at org.springframework.security.web.FilterChainProxy.doFilter(FilterChainProxy.java:195) ~[spring-security-web-7.1.0.jar:7.1.0]
	at org.springframework.web.filter.CompositeFilter$VirtualFilterChain.doFilter(CompositeFilter.java:113) ~[spring-web-7.0.8.jar:7.0.8]
	at org.springframework.web.filter.ServletRequestPathFilter.doFilter(ServletRequestPathFilter.java:52) ~[spring-web-7.0.8.jar:7.0.8]
	at org.springframework.web.filter.CompositeFilter$VirtualFilterChain.doFilter(CompositeFilter.java:113) ~[spring-web-7.0.8.jar:7.0.8]
	at org.springframework.web.filter.CompositeFilter.doFilter(CompositeFilter.java:74) ~[spring-web-7.0.8.jar:7.0.8]
	at org.springframework.security.config.annotation.web.configuration.WebSecurityConfiguration$CompositeFilterChainProxy.doFilter(WebSecurityConfiguration.java:317) ~[spring-security-config-7.1.0.jar:7.1.0]
	at org.springframework.web.filter.DelegatingFilterProxy.invokeDelegate(DelegatingFilterProxy.java:355) ~[spring-web-7.0.8.jar:7.0.8]
	at org.springframework.web.filter.DelegatingFilterProxy.doFilter(DelegatingFilterProxy.java:272) ~[spring-web-7.0.8.jar:7.0.8]
	at org.apache.catalina.core.ApplicationFilterChain.doFilter(ApplicationFilterChain.java:107) ~[tomcat-embed-core-11.0.22.jar:11.0.22]
	at org.springframework.web.filter.RequestContextFilter.doFilterInternal(RequestContextFilter.java:100) ~[spring-web-7.0.8.jar:7.0.8]
	at org.springframework.web.filter.OncePerRequestFilter.doFilter(OncePerRequestFilter.java:116) ~[spring-web-7.0.8.jar:7.0.8]
	at org.apache.catalina.core.ApplicationFilterChain.doFilter(ApplicationFilterChain.java:107) ~[tomcat-embed-core-11.0.22.jar:11.0.22]
	at org.springframework.web.filter.FormContentFilter.doFilterInternal(FormContentFilter.java:93) ~[spring-web-7.0.8.jar:7.0.8]
	at org.springframework.web.filter.OncePerRequestFilter.doFilter(OncePerRequestFilter.java:116) ~[spring-web-7.0.8.jar:7.0.8]
	at org.apache.catalina.core.ApplicationFilterChain.doFilter(ApplicationFilterChain.java:107) ~[tomcat-embed-core-11.0.22.jar:11.0.22]
	at org.springframework.web.filter.CharacterEncodingFilter.doFilterInternal(CharacterEncodingFilter.java:199) ~[spring-web-7.0.8.jar:7.0.8]
	at org.springframework.web.filter.OncePerRequestFilter.doFilter(OncePerRequestFilter.java:116) ~[spring-web-7.0.8.jar:7.0.8]
	at org.apache.catalina.core.ApplicationFilterChain.doFilter(ApplicationFilterChain.java:107) ~[tomcat-embed-core-11.0.22.jar:11.0.22]
	at org.apache.catalina.core.StandardWrapperValve.invoke(StandardWrapperValve.java:165) ~[tomcat-embed-core-11.0.22.jar:11.0.22]
	at org.apache.catalina.core.StandardContextValve.invoke(StandardContextValve.java:77) ~[tomcat-embed-core-11.0.22.jar:11.0.22]
	at org.apache.catalina.authenticator.AuthenticatorBase.invoke(AuthenticatorBase.java:492) ~[tomcat-embed-core-11.0.22.jar:11.0.22]
	at org.apache.catalina.core.StandardHostValve.invoke(StandardHostValve.java:113) ~[tomcat-embed-core-11.0.22.jar:11.0.22]
	at org.apache.catalina.valves.ErrorReportValve.invoke(ErrorReportValve.java:83) ~[tomcat-embed-core-11.0.22.jar:11.0.22]
	at org.apache.catalina.core.StandardEngineValve.invoke(StandardEngineValve.java:72) ~[tomcat-embed-core-11.0.22.jar:11.0.22]
	at org.apache.catalina.connector.CoyoteAdapter.service(CoyoteAdapter.java:341) ~[tomcat-embed-core-11.0.22.jar:11.0.22]
	at org.apache.coyote.http11.Http11Processor.service(Http11Processor.java:397) ~[tomcat-embed-core-11.0.22.jar:11.0.22]
	at org.apache.coyote.AbstractProcessorLight.process(AbstractProcessorLight.java:63) ~[tomcat-embed-core-11.0.22.jar:11.0.22]
	at org.apache.coyote.AbstractProtocol$ConnectionHandler.process(AbstractProtocol.java:1272) ~[tomcat-embed-core-11.0.22.jar:11.0.22]
	at org.apache.tomcat.util.net.NioEndpoint$SocketProcessor.doRun(NioEndpoint.java:1801) ~[tomcat-embed-core-11.0.22.jar:11.0.22]
	at org.apache.tomcat.util.net.SocketProcessorBase.run(SocketProcessorBase.java:52) ~[tomcat-embed-core-11.0.22.jar:11.0.22]
	at org.apache.tomcat.util.threads.ThreadPoolExecutor.runWorker(ThreadPoolExecutor.java:946) ~[tomcat-embed-core-11.0.22.jar:11.0.22]
	at org.apache.tomcat.util.threads.ThreadPoolExecutor$Worker.run(ThreadPoolExecutor.java:480) ~[tomcat-embed-core-11.0.22.jar:11.0.22]
	at org.apache.tomcat.util.threads.TaskThread$WrappingRunnable.run(TaskThread.java:57) ~[tomcat-embed-core-11.0.22.jar:11.0.22]
	at java.base/java.lang.Thread.run(Unknown Source) ~[na:na]
Caused by: org.attoparser.ParseException: Error during execution of processor 'org.thymeleaf.spring6.processor.SpringInputGeneralFieldTagProcessor' (template: "luoghi_interesse/zoneVerdi" - line 64, col 28)
	at org.attoparser.MarkupParser.parseDocument(MarkupParser.java:393) ~[attoparser-2.0.7.RELEASE.jar:2.0.7.RELEASE]
	at org.attoparser.MarkupParser.parse(MarkupParser.java:257) ~[attoparser-2.0.7.RELEASE.jar:2.0.7.RELEASE]
	at org.thymeleaf.templateparser.markup.AbstractMarkupTemplateParser.parse(AbstractMarkupTemplateParser.java:230) ~[thymeleaf-3.1.5.RELEASE.jar:3.1.5.RELEASE]
	... 89 common frames omitted
Caused by: org.thymeleaf.exceptions.TemplateProcessingException: Error during execution of processor 'org.thymeleaf.spring6.processor.SpringInputGeneralFieldTagProcessor' (template: "luoghi_interesse/zoneVerdi" - line 64, col 28)
	at org.thymeleaf.processor.element.AbstractAttributeTagProcessor.doProcess(AbstractAttributeTagProcessor.java:117) ~[thymeleaf-3.1.5.RELEASE.jar:3.1.5.RELEASE]
	at org.thymeleaf.processor.element.AbstractElementTagProcessor.process(AbstractElementTagProcessor.java:95) ~[thymeleaf-3.1.5.RELEASE.jar:3.1.5.RELEASE]
	at org.thymeleaf.util.ProcessorConfigurationUtils$ElementTagProcessorWrapper.process(ProcessorConfigurationUtils.java:633) ~[thymeleaf-3.1.5.RELEASE.jar:3.1.5.RELEASE]
	at org.thymeleaf.engine.ProcessorTemplateHandler.handleStandaloneElement(ProcessorTemplateHandler.java:918) ~[thymeleaf-3.1.5.RELEASE.jar:3.1.5.RELEASE]
	at org.thymeleaf.engine.TemplateHandlerAdapterMarkupHandler.handleStandaloneElementEnd(TemplateHandlerAdapterMarkupHandler.java:260) ~[thymeleaf-3.1.5.RELEASE.jar:3.1.5.RELEASE]
	at org.thymeleaf.templateparser.markup.InlinedOutputExpressionMarkupHandler$InlineMarkupAdapterPreProcessorHandler.handleStandaloneElementEnd(InlinedOutputExpressionMarkupHandler.java:256) ~[thymeleaf-3.1.5.RELEASE.jar:3.1.5.RELEASE]
	at org.thymeleaf.standard.inline.OutputExpressionInlinePreProcessorHandler.handleStandaloneElementEnd(OutputExpressionInlinePreProcessorHandler.java:169) ~[thymeleaf-3.1.5.RELEASE.jar:3.1.5.RELEASE]
	at org.thymeleaf.templateparser.markup.InlinedOutputExpressionMarkupHandler.handleStandaloneElementEnd(InlinedOutputExpressionMarkupHandler.java:104) ~[thymeleaf-3.1.5.RELEASE.jar:3.1.5.RELEASE]
	at org.attoparser.HtmlElement.handleStandaloneElementEnd(HtmlElement.java:79) ~[attoparser-2.0.7.RELEASE.jar:2.0.7.RELEASE]
	at org.attoparser.HtmlMarkupHandler.handleStandaloneElementEnd(HtmlMarkupHandler.java:241) ~[attoparser-2.0.7.RELEASE.jar:2.0.7.RELEASE]
	at org.attoparser.MarkupEventProcessorHandler.handleStandaloneElementEnd(MarkupEventProcessorHandler.java:327) ~[attoparser-2.0.7.RELEASE.jar:2.0.7.RELEASE]
	at org.attoparser.ParsingElementMarkupUtil.parseStandaloneElement(ParsingElementMarkupUtil.java:96) ~[attoparser-2.0.7.RELEASE.jar:2.0.7.RELEASE]
	at org.attoparser.MarkupParser.parseBuffer(MarkupParser.java:706) ~[attoparser-2.0.7.RELEASE.jar:2.0.7.RELEASE]
	at org.attoparser.MarkupParser.parseDocument(MarkupParser.java:301) ~[attoparser-2.0.7.RELEASE.jar:2.0.7.RELEASE]
	... 91 common frames omitted
Caused by: java.lang.IllegalStateException: Neither BindingResult nor plain target object for bean name 'zonaVerdeDTO' available as request attribute
	at org.springframework.web.servlet.support.BindStatus.<init>(BindStatus.java:146) ~[spring-webmvc-7.0.8.jar:7.0.8]
	at org.springframework.web.servlet.support.RequestContext.getBindStatus(RequestContext.java:726) ~[spring-webmvc-7.0.8.jar:7.0.8]
	at org.thymeleaf.spring6.context.webmvc.SpringWebMvcThymeleafRequestContext.getBindStatus(SpringWebMvcThymeleafRequestContext.java:232) ~[thymeleaf-spring6-3.1.5.RELEASE.jar:3.1.5.RELEASE]
	at org.thymeleaf.spring6.util.FieldUtils.getBindStatusFromParsedExpression(FieldUtils.java:306) ~[thymeleaf-spring6-3.1.5.RELEASE.jar:3.1.5.RELEASE]
	at org.thymeleaf.spring6.util.FieldUtils.getBindStatus(FieldUtils.java:253) ~[thymeleaf-spring6-3.1.5.RELEASE.jar:3.1.5.RELEASE]
	at org.thymeleaf.spring6.util.FieldUtils.getBindStatus(FieldUtils.java:227) ~[thymeleaf-spring6-3.1.5.RELEASE.jar:3.1.5.RELEASE]
	at org.thymeleaf.spring6.processor.AbstractSpringFieldTagProcessor.doProcess(AbstractSpringFieldTagProcessor.java:174) ~[thymeleaf-spring6-3.1.5.RELEASE.jar:3.1.5.RELEASE]
	at org.thymeleaf.processor.element.AbstractAttributeTagProcessor.doProcess(AbstractAttributeTagProcessor.java:74) ~[thymeleaf-3.1.5.RELEASE.jar:3.1.5.RELEASE]
	... 104 common frames omitted

2026-08-24T20:34:06.620+02:00 DEBUG 12900 --- [itineria] [http-nio-8080-exec-4] o.s.s.w.a.AnonymousAuthenticationFilter  : Set SecurityContextHolder to anonymous SecurityContext
2026-08-24T20:34:06.623+02:00 ERROR 12900 --- [itineria] [http-nio-8080-exec-4] o.a.c.c.C.[.[.[/].[dispatcherServlet]    : Servlet.service() for servlet [dispatcherServlet] in context with path [] threw exception [Request processing failed: org.thymeleaf.exceptions.TemplateInputException: An error happened during template parsing (template: "class path resource [templates/luoghi_interesse/zoneVerdi.html]")] with root cause

java.lang.IllegalStateException: Neither BindingResult nor plain target object for bean name 'zonaVerdeDTO' available as request attribute
	at org.springframework.web.servlet.support.BindStatus.<init>(BindStatus.java:146) ~[spring-webmvc-7.0.8.jar:7.0.8]
	at org.springframework.web.servlet.support.RequestContext.getBindStatus(RequestContext.java:726) ~[spring-webmvc-7.0.8.jar:7.0.8]
	at org.thymeleaf.spring6.context.webmvc.SpringWebMvcThymeleafRequestContext.getBindStatus(SpringWebMvcThymeleafRequestContext.java:232) ~[thymeleaf-spring6-3.1.5.RELEASE.jar:3.1.5.RELEASE]
	at org.thymeleaf.spring6.util.FieldUtils.getBindStatusFromParsedExpression(FieldUtils.java:306) ~[thymeleaf-spring6-3.1.5.RELEASE.jar:3.1.5.RELEASE]
	at org.thymeleaf.spring6.util.FieldUtils.getBindStatus(FieldUtils.java:253) ~[thymeleaf-spring6-3.1.5.RELEASE.jar:3.1.5.RELEASE]
	at org.thymeleaf.spring6.util.FieldUtils.getBindStatus(FieldUtils.java:227) ~[thymeleaf-spring6-3.1.5.RELEASE.jar:3.1.5.RELEASE]
	at org.thymeleaf.spring6.processor.AbstractSpringFieldTagProcessor.doProcess(AbstractSpringFieldTagProcessor.java:174) ~[thymeleaf-spring6-3.1.5.RELEASE.jar:3.1.5.RELEASE]
	at org.thymeleaf.processor.element.AbstractAttributeTagProcessor.doProcess(AbstractAttributeTagProcessor.java:74) ~[thymeleaf-3.1.5.RELEASE.jar:3.1.5.RELEASE]
	at org.thymeleaf.processor.element.AbstractElementTagProcessor.process(AbstractElementTagProcessor.java:95) ~[thymeleaf-3.1.5.RELEASE.jar:3.1.5.RELEASE]
	at org.thymeleaf.util.ProcessorConfigurationUtils$ElementTagProcessorWrapper.process(ProcessorConfigurationUtils.java:633) ~[thymeleaf-3.1.5.RELEASE.jar:3.1.5.RELEASE]
	at org.thymeleaf.engine.ProcessorTemplateHandler.handleStandaloneElement(ProcessorTemplateHandler.java:918) ~[thymeleaf-3.1.5.RELEASE.jar:3.1.5.RELEASE]
	at org.thymeleaf.engine.TemplateHandlerAdapterMarkupHandler.handleStandaloneElementEnd(TemplateHandlerAdapterMarkupHandler.java:260) ~[thymeleaf-3.1.5.RELEASE.jar:3.1.5.RELEASE]
	at org.thymeleaf.templateparser.markup.InlinedOutputExpressionMarkupHandler$InlineMarkupAdapterPreProcessorHandler.handleStandaloneElementEnd(InlinedOutputExpressionMarkupHandler.java:256) ~[thymeleaf-3.1.5.RELEASE.jar:3.1.5.RELEASE]
	at org.thymeleaf.standard.inline.OutputExpressionInlinePreProcessorHandler.handleStandaloneElementEnd(OutputExpressionInlinePreProcessorHandler.java:169) ~[thymeleaf-3.1.5.RELEASE.jar:3.1.5.RELEASE]
	at org.thymeleaf.templateparser.markup.InlinedOutputExpressionMarkupHandler.handleStandaloneElementEnd(InlinedOutputExpressionMarkupHandler.java:104) ~[thymeleaf-3.1.5.RELEASE.jar:3.1.5.RELEASE]
	at org.attoparser.HtmlElement.handleStandaloneElementEnd(HtmlElement.java:79) ~[attoparser-2.0.7.RELEASE.jar:2.0.7.RELEASE]
	at org.attoparser.HtmlMarkupHandler.handleStandaloneElementEnd(HtmlMarkupHandler.java:241) ~[attoparser-2.0.7.RELEASE.jar:2.0.7.RELEASE]
	at org.attoparser.MarkupEventProcessorHandler.handleStandaloneElementEnd(MarkupEventProcessorHandler.java:327) ~[attoparser-2.0.7.RELEASE.jar:2.0.7.RELEASE]
	at org.attoparser.ParsingElementMarkupUtil.parseStandaloneElement(ParsingElementMarkupUtil.java:96) ~[attoparser-2.0.7.RELEASE.jar:2.0.7.RELEASE]
	at org.attoparser.MarkupParser.parseBuffer(MarkupParser.java:706) ~[attoparser-2.0.7.RELEASE.jar:2.0.7.RELEASE]
	at org.attoparser.MarkupParser.parseDocument(MarkupParser.java:301) ~[attoparser-2.0.7.RELEASE.jar:2.0.7.RELEASE]
	at org.attoparser.MarkupParser.parse(MarkupParser.java:257) ~[attoparser-2.0.7.RELEASE.jar:2.0.7.RELEASE]
	at org.thymeleaf.templateparser.markup.AbstractMarkupTemplateParser.parse(AbstractMarkupTemplateParser.java:230) ~[thymeleaf-3.1.5.RELEASE.jar:3.1.5.RELEASE]
	at org.thymeleaf.templateparser.markup.AbstractMarkupTemplateParser.parseStandalone(AbstractMarkupTemplateParser.java:100) ~[thymeleaf-3.1.5.RELEASE.jar:3.1.5.RELEASE]
	at org.thymeleaf.engine.TemplateManager.parseAndProcess(TemplateManager.java:666) ~[thymeleaf-3.1.5.RELEASE.jar:3.1.5.RELEASE]
	at org.thymeleaf.TemplateEngine.process(TemplateEngine.java:1103) ~[thymeleaf-3.1.5.RELEASE.jar:3.1.5.RELEASE]
	at org.thymeleaf.TemplateEngine.process(TemplateEngine.java:1077) ~[thymeleaf-3.1.5.RELEASE.jar:3.1.5.RELEASE]
	at org.thymeleaf.spring6.view.ThymeleafView.renderFragment(ThymeleafView.java:374) ~[thymeleaf-spring6-3.1.5.RELEASE.jar:3.1.5.RELEASE]
	at org.thymeleaf.spring6.view.ThymeleafView.render(ThymeleafView.java:193) ~[thymeleaf-spring6-3.1.5.RELEASE.jar:3.1.5.RELEASE]
	at org.springframework.web.servlet.DispatcherServlet.render(DispatcherServlet.java:1305) ~[spring-webmvc-7.0.8.jar:7.0.8]
	at org.springframework.web.servlet.DispatcherServlet.processDispatchResult(DispatcherServlet.java:1042) ~[spring-webmvc-7.0.8.jar:7.0.8]
	at org.springframework.web.servlet.DispatcherServlet.doDispatch(DispatcherServlet.java:980) ~[spring-webmvc-7.0.8.jar:7.0.8]
	at org.springframework.web.servlet.DispatcherServlet.doService(DispatcherServlet.java:866) ~[spring-webmvc-7.0.8.jar:7.0.8]
	at org.springframework.web.servlet.FrameworkServlet.processRequest(FrameworkServlet.java:1000) ~[spring-webmvc-7.0.8.jar:7.0.8]
	at org.springframework.web.servlet.FrameworkServlet.doGet(FrameworkServlet.java:892) ~[spring-webmvc-7.0.8.jar:7.0.8]
	at jakarta.servlet.http.HttpServlet.service(HttpServlet.java:622) ~[tomcat-embed-core-11.0.22.jar:6.1]
	at org.springframework.web.servlet.FrameworkServlet.service(FrameworkServlet.java:874) ~[spring-webmvc-7.0.8.jar:7.0.8]
	at jakarta.servlet.http.HttpServlet.service(HttpServlet.java:710) ~[tomcat-embed-core-11.0.22.jar:6.1]
	at org.apache.catalina.core.ApplicationFilterChain.doFilter(ApplicationFilterChain.java:128) ~[tomcat-embed-core-11.0.22.jar:11.0.22]
	at org.apache.tomcat.websocket.server.WsFilter.doFilter(WsFilter.java:53) ~[tomcat-embed-websocket-11.0.22.jar:11.0.22]
	at org.apache.catalina.core.ApplicationFilterChain.doFilter(ApplicationFilterChain.java:107) ~[tomcat-embed-core-11.0.22.jar:11.0.22]
	at org.springframework.web.filter.CompositeFilter$VirtualFilterChain.doFilter(CompositeFilter.java:108) ~[spring-web-7.0.8.jar:7.0.8]
	at org.springframework.security.web.FilterChainProxy.lambda$doFilterInternal$2(FilterChainProxy.java:235) ~[spring-security-web-7.1.0.jar:7.1.0]
	at org.springframework.security.web.FilterChainProxy$VirtualFilterChain.doFilter(FilterChainProxy.java:376) ~[spring-security-web-7.1.0.jar:7.1.0]
	at org.springframework.security.web.access.intercept.AuthorizationFilter.doFilter(AuthorizationFilter.java:101) ~[spring-security-web-7.1.0.jar:7.1.0]
	at org.springframework.security.web.FilterChainProxy$VirtualFilterChain.doFilter(FilterChainProxy.java:385) ~[spring-security-web-7.1.0.jar:7.1.0]
	at org.springframework.security.web.access.ExceptionTranslationFilter.doFilter(ExceptionTranslationFilter.java:126) ~[spring-security-web-7.1.0.jar:7.1.0]
	at org.springframework.security.web.access.ExceptionTranslationFilter.doFilter(ExceptionTranslationFilter.java:120) ~[spring-security-web-7.1.0.jar:7.1.0]
	at org.springframework.security.web.FilterChainProxy$VirtualFilterChain.doFilter(FilterChainProxy.java:385) ~[spring-security-web-7.1.0.jar:7.1.0]
	at org.springframework.security.web.authentication.AnonymousAuthenticationFilter.doFilter(AnonymousAuthenticationFilter.java:100) ~[spring-security-web-7.1.0.jar:7.1.0]
	at org.springframework.security.web.FilterChainProxy$VirtualFilterChain.doFilter(FilterChainProxy.java:385) ~[spring-security-web-7.1.0.jar:7.1.0]
	at org.springframework.security.web.servletapi.SecurityContextHolderAwareRequestFilter.doFilter(SecurityContextHolderAwareRequestFilter.java:181) ~[spring-security-web-7.1.0.jar:7.1.0]
	at org.springframework.security.web.FilterChainProxy$VirtualFilterChain.doFilter(FilterChainProxy.java:385) ~[spring-security-web-7.1.0.jar:7.1.0]
	at org.springframework.security.web.savedrequest.RequestCacheAwareFilter.doFilter(RequestCacheAwareFilter.java:63) ~[spring-security-web-7.1.0.jar:7.1.0]
	at org.springframework.security.web.FilterChainProxy$VirtualFilterChain.doFilter(FilterChainProxy.java:385) ~[spring-security-web-7.1.0.jar:7.1.0]
	at org.springframework.security.web.authentication.AbstractAuthenticationProcessingFilter.doFilter(AbstractAuthenticationProcessingFilter.java:245) ~[spring-security-web-7.1.0.jar:7.1.0]
	at org.springframework.security.web.authentication.AbstractAuthenticationProcessingFilter.doFilter(AbstractAuthenticationProcessingFilter.java:239) ~[spring-security-web-7.1.0.jar:7.1.0]
	at org.springframework.security.web.FilterChainProxy$VirtualFilterChain.doFilter(FilterChainProxy.java:385) ~[spring-security-web-7.1.0.jar:7.1.0]
	at org.springframework.security.web.authentication.logout.LogoutFilter.doFilter(LogoutFilter.java:110) ~[spring-security-web-7.1.0.jar:7.1.0]
	at org.springframework.security.web.authentication.logout.LogoutFilter.doFilter(LogoutFilter.java:96) ~[spring-security-web-7.1.0.jar:7.1.0]
	at org.springframework.security.web.FilterChainProxy$VirtualFilterChain.doFilter(FilterChainProxy.java:385) ~[spring-security-web-7.1.0.jar:7.1.0]
	at org.springframework.security.web.csrf.CsrfFilter.doFilterInternal(CsrfFilter.java:118) ~[spring-security-web-7.1.0.jar:7.1.0]
	at org.springframework.web.filter.OncePerRequestFilter.doFilter(OncePerRequestFilter.java:116) ~[spring-web-7.0.8.jar:7.0.8]
	at org.springframework.security.web.FilterChainProxy$VirtualFilterChain.doFilter(FilterChainProxy.java:385) ~[spring-security-web-7.1.0.jar:7.1.0]
	at org.springframework.security.web.header.HeaderWriterFilter.doHeadersAfter(HeaderWriterFilter.java:90) ~[spring-security-web-7.1.0.jar:7.1.0]
	at org.springframework.security.web.header.HeaderWriterFilter.doFilterInternal(HeaderWriterFilter.java:75) ~[spring-security-web-7.1.0.jar:7.1.0]
	at org.springframework.web.filter.OncePerRequestFilter.doFilter(OncePerRequestFilter.java:116) ~[spring-web-7.0.8.jar:7.0.8]
	at org.springframework.security.web.FilterChainProxy$VirtualFilterChain.doFilter(FilterChainProxy.java:385) ~[spring-security-web-7.1.0.jar:7.1.0]
	at org.springframework.security.web.context.SecurityContextHolderFilter.doFilter(SecurityContextHolderFilter.java:82) ~[spring-security-web-7.1.0.jar:7.1.0]
	at org.springframework.security.web.context.SecurityContextHolderFilter.doFilter(SecurityContextHolderFilter.java:69) ~[spring-security-web-7.1.0.jar:7.1.0]
	at org.springframework.security.web.FilterChainProxy$VirtualFilterChain.doFilter(FilterChainProxy.java:385) ~[spring-security-web-7.1.0.jar:7.1.0]
	at org.springframework.security.web.context.request.async.WebAsyncManagerIntegrationFilter.doFilterInternal(WebAsyncManagerIntegrationFilter.java:62) ~[spring-security-web-7.1.0.jar:7.1.0]
	at org.springframework.web.filter.OncePerRequestFilter.doFilter(OncePerRequestFilter.java:116) ~[spring-web-7.0.8.jar:7.0.8]
	at org.springframework.security.web.FilterChainProxy$VirtualFilterChain.doFilter(FilterChainProxy.java:385) ~[spring-security-web-7.1.0.jar:7.1.0]
	at org.springframework.security.web.session.DisableEncodeUrlFilter.doFilterInternal(DisableEncodeUrlFilter.java:42) ~[spring-security-web-7.1.0.jar:7.1.0]
	at org.springframework.web.filter.OncePerRequestFilter.doFilter(OncePerRequestFilter.java:116) ~[spring-web-7.0.8.jar:7.0.8]
	at org.springframework.security.web.FilterChainProxy$VirtualFilterChain.doFilter(FilterChainProxy.java:385) ~[spring-security-web-7.1.0.jar:7.1.0]
	at org.springframework.security.web.FilterChainProxy.doFilterInternal(FilterChainProxy.java:237) ~[spring-security-web-7.1.0.jar:7.1.0]
	at org.springframework.security.web.FilterChainProxy.doFilter(FilterChainProxy.java:195) ~[spring-security-web-7.1.0.jar:7.1.0]
	at org.springframework.web.filter.CompositeFilter$VirtualFilterChain.doFilter(CompositeFilter.java:113) ~[spring-web-7.0.8.jar:7.0.8]
	at org.springframework.web.filter.ServletRequestPathFilter.doFilter(ServletRequestPathFilter.java:52) ~[spring-web-7.0.8.jar:7.0.8]
	at org.springframework.web.filter.CompositeFilter$VirtualFilterChain.doFilter(CompositeFilter.java:113) ~[spring-web-7.0.8.jar:7.0.8]
	at org.springframework.web.filter.CompositeFilter.doFilter(CompositeFilter.java:74) ~[spring-web-7.0.8.jar:7.0.8]
	at org.springframework.security.config.annotation.web.configuration.WebSecurityConfiguration$CompositeFilterChainProxy.doFilter(WebSecurityConfiguration.java:317) ~[spring-security-config-7.1.0.jar:7.1.0]
	at org.springframework.web.filter.DelegatingFilterProxy.invokeDelegate(DelegatingFilterProxy.java:355) ~[spring-web-7.0.8.jar:7.0.8]
	at org.springframework.web.filter.DelegatingFilterProxy.doFilter(DelegatingFilterProxy.java:272) ~[spring-web-7.0.8.jar:7.0.8]
	at org.apache.catalina.core.ApplicationFilterChain.doFilter(ApplicationFilterChain.java:107) ~[tomcat-embed-core-11.0.22.jar:11.0.22]
	at org.springframework.web.filter.RequestContextFilter.doFilterInternal(RequestContextFilter.java:100) ~[spring-web-7.0.8.jar:7.0.8]
	at org.springframework.web.filter.OncePerRequestFilter.doFilter(OncePerRequestFilter.java:116) ~[spring-web-7.0.8.jar:7.0.8]
	at org.apache.catalina.core.ApplicationFilterChain.doFilter(ApplicationFilterChain.java:107) ~[tomcat-embed-core-11.0.22.jar:11.0.22]
	at org.springframework.web.filter.FormContentFilter.doFilterInternal(FormContentFilter.java:93) ~[spring-web-7.0.8.jar:7.0.8]
	at org.springframework.web.filter.OncePerRequestFilter.doFilter(OncePerRequestFilter.java:116) ~[spring-web-7.0.8.jar:7.0.8]
	at org.apache.catalina.core.ApplicationFilterChain.doFilter(ApplicationFilterChain.java:107) ~[tomcat-embed-core-11.0.22.jar:11.0.22]
	at org.springframework.web.filter.CharacterEncodingFilter.doFilterInternal(CharacterEncodingFilter.java:199) ~[spring-web-7.0.8.jar:7.0.8]
	at org.springframework.web.filter.OncePerRequestFilter.doFilter(OncePerRequestFilter.java:116) ~[spring-web-7.0.8.jar:7.0.8]
	at org.apache.catalina.core.ApplicationFilterChain.doFilter(ApplicationFilterChain.java:107) ~[tomcat-embed-core-11.0.22.jar:11.0.22]
	at org.apache.catalina.core.StandardWrapperValve.invoke(StandardWrapperValve.java:165) ~[tomcat-embed-core-11.0.22.jar:11.0.22]
	at org.apache.catalina.core.StandardContextValve.invoke(StandardContextValve.java:77) ~[tomcat-embed-core-11.0.22.jar:11.0.22]
	at org.apache.catalina.authenticator.AuthenticatorBase.invoke(AuthenticatorBase.java:492) ~[tomcat-embed-core-11.0.22.jar:11.0.22]
	at org.apache.catalina.core.StandardHostValve.invoke(StandardHostValve.java:113) ~[tomcat-embed-core-11.0.22.jar:11.0.22]
	at org.apache.catalina.valves.ErrorReportValve.invoke(ErrorReportValve.java:83) ~[tomcat-embed-core-11.0.22.jar:11.0.22]
	at org.apache.catalina.core.StandardEngineValve.invoke(StandardEngineValve.java:72) ~[tomcat-embed-core-11.0.22.jar:11.0.22]
	at org.apache.catalina.connector.CoyoteAdapter.service(CoyoteAdapter.java:341) ~[tomcat-embed-core-11.0.22.jar:11.0.22]
	at org.apache.coyote.http11.Http11Processor.service(Http11Processor.java:397) ~[tomcat-embed-core-11.0.22.jar:11.0.22]
	at org.apache.coyote.AbstractProcessorLight.process(AbstractProcessorLight.java:63) ~[tomcat-embed-core-11.0.22.jar:11.0.22]
	at org.apache.coyote.AbstractProtocol$ConnectionHandler.process(AbstractProtocol.java:1272) ~[tomcat-embed-core-11.0.22.jar:11.0.22]
	at org.apache.tomcat.util.net.NioEndpoint$SocketProcessor.doRun(NioEndpoint.java:1801) ~[tomcat-embed-core-11.0.22.jar:11.0.22]
	at org.apache.tomcat.util.net.SocketProcessorBase.run(SocketProcessorBase.java:52) ~[tomcat-embed-core-11.0.22.jar:11.0.22]
	at org.apache.tomcat.util.threads.ThreadPoolExecutor.runWorker(ThreadPoolExecutor.java:946) ~[tomcat-embed-core-11.0.22.jar:11.0.22]
	at org.apache.tomcat.util.threads.ThreadPoolExecutor$Worker.run(ThreadPoolExecutor.java:480) ~[tomcat-embed-core-11.0.22.jar:11.0.22]
	at org.apache.tomcat.util.threads.TaskThread$WrappingRunnable.run(TaskThread.java:57) ~[tomcat-embed-core-11.0.22.jar:11.0.22]
	at java.base/java.lang.Thread.run(Unknown Source) ~[na:na]

2026-08-24T20:34:06.628+02:00 DEBUG 12900 --- [itineria] [http-nio-8080-exec-4] o.s.security.web.FilterChainProxy        : Securing GET /error
2026-08-24T20:34:06.628+02:00 DEBUG 12900 --- [itineria] [http-nio-8080-exec-4] o.s.security.web.FilterChainProxy        : Secured GET /error
2026-08-24T20:34:06.667+02:00 DEBUG 12900 --- [itineria] [http-nio-8080-exec-4] o.s.s.w.a.AnonymousAuthenticationFilter  : Set SecurityContextHolder to anonymous SecurityContext
2026-08-24T20:34:22.234+02:00 DEBUG 12900 --- [itineria] [http-nio-8080-exec-5] o.s.security.web.FilterChainProxy        : Securing GET /zoneVerdi
2026-08-24T20:34:22.236+02:00 DEBUG 12900 --- [itineria] [http-nio-8080-exec-5] o.s.security.web.FilterChainProxy        : Secured GET /zoneVerdi
2026-08-24T20:34:22.244+02:00 DEBUG 12900 --- [itineria] [http-nio-8080-exec-5] org.hibernate.SQL                        : 
    select
        zv1_0.id,
        zv1_1.accessibilita,
        zv1_1.id_citta,
        zv1_1.created_at,
        zv1_1.descrizione,
        zv1_1.email,
        zv1_1.indirizzo,
        zv1_1.link_sito,
        zv1_1.id_manager,
        zv1_1.nome,
        zv1_1.numero_telefono,
        zv1_1.sempre_aperto,
        zv1_1.tipo,
        zv1_1.updated_at,
        zv1_1.version,
        zv1_0.area_mq,
        zv1_0.ciclabile,
        zv1_0.dog_friendly,
        zv1_0.ristoro,
        zv1_0.tipologia 
    from
        zone_verdi zv1_0 
    join
        luoghi_interesse zv1_1 
            on zv1_0.id=zv1_1.id 
    limit
        ?, ?
2026-08-24T20:34:22.246+02:00 TRACE 12900 --- [itineria] [http-nio-8080-exec-5] org.hibernate.orm.jdbc.bind              : binding parameter (1:INTEGER) <- [0]
2026-08-24T20:34:22.247+02:00 TRACE 12900 --- [itineria] [http-nio-8080-exec-5] org.hibernate.orm.jdbc.bind              : binding parameter (2:INTEGER) <- [20]
2026-08-24T20:34:22.253+02:00 DEBUG 12900 --- [itineria] [http-nio-8080-exec-5] org.hibernate.SQL                        : 
    select
        c1_0.id,
        c1_0.created_at,
        c1_0.descrizione,
        c1_0.nome,
        c1_0.regione,
        c1_0.updated_at,
        c1_0.version 
    from
        citta c1_0 
    where
        c1_0.id=?
2026-08-24T20:34:22.255+02:00 TRACE 12900 --- [itineria] [http-nio-8080-exec-5] org.hibernate.orm.jdbc.bind              : binding parameter (1:BIGINT) <- [1]
2026-08-24T20:34:22.270+02:00 DEBUG 12900 --- [itineria] [http-nio-8080-exec-5] org.hibernate.SQL                        : 
    select
        zv1_0.id,
        zv1_1.accessibilita,
        zv1_1.id_citta,
        zv1_1.created_at,
        zv1_1.descrizione,
        zv1_1.email,
        zv1_1.indirizzo,
        zv1_1.link_sito,
        zv1_1.id_manager,
        zv1_1.nome,
        zv1_1.numero_telefono,
        zv1_1.sempre_aperto,
        zv1_1.tipo,
        zv1_1.updated_at,
        zv1_1.version,
        zv1_0.area_mq,
        zv1_0.ciclabile,
        zv1_0.dog_friendly,
        zv1_0.ristoro,
        zv1_0.tipologia 
    from
        zone_verdi zv1_0 
    join
        luoghi_interesse zv1_1 
            on zv1_0.id=zv1_1.id 
    where
        zv1_0.ciclabile=? 
    limit
        ?, ?
2026-08-24T20:34:22.270+02:00 TRACE 12900 --- [itineria] [http-nio-8080-exec-5] org.hibernate.orm.jdbc.bind              : binding parameter (1:BOOLEAN) <- [true]
2026-08-24T20:34:22.276+02:00 TRACE 12900 --- [itineria] [http-nio-8080-exec-5] org.hibernate.orm.jdbc.bind              : binding parameter (2:INTEGER) <- [0]
2026-08-24T20:34:22.276+02:00 TRACE 12900 --- [itineria] [http-nio-8080-exec-5] org.hibernate.orm.jdbc.bind              : binding parameter (3:INTEGER) <- [6]
2026-08-24T20:34:22.287+02:00 DEBUG 12900 --- [itineria] [http-nio-8080-exec-5] org.hibernate.SQL                        : 
    select
        zv1_0.id,
        zv1_1.accessibilita,
        zv1_1.id_citta,
        zv1_1.created_at,
        zv1_1.descrizione,
        zv1_1.email,
        zv1_1.indirizzo,
        zv1_1.link_sito,
        zv1_1.id_manager,
        zv1_1.nome,
        zv1_1.numero_telefono,
        zv1_1.sempre_aperto,
        zv1_1.tipo,
        zv1_1.updated_at,
        zv1_1.version,
        zv1_0.area_mq,
        zv1_0.ciclabile,
        zv1_0.dog_friendly,
        zv1_0.ristoro,
        zv1_0.tipologia 
    from
        zone_verdi zv1_0 
    join
        luoghi_interesse zv1_1 
            on zv1_0.id=zv1_1.id 
    where
        zv1_0.dog_friendly=? 
    limit
        ?, ?
2026-08-24T20:34:22.287+02:00 TRACE 12900 --- [itineria] [http-nio-8080-exec-5] org.hibernate.orm.jdbc.bind              : binding parameter (1:BOOLEAN) <- [true]
2026-08-24T20:34:22.287+02:00 TRACE 12900 --- [itineria] [http-nio-8080-exec-5] org.hibernate.orm.jdbc.bind              : binding parameter (2:INTEGER) <- [0]
2026-08-24T20:34:22.287+02:00 TRACE 12900 --- [itineria] [http-nio-8080-exec-5] org.hibernate.orm.jdbc.bind              : binding parameter (3:INTEGER) <- [6]
2026-08-24T20:34:22.306+02:00 DEBUG 12900 --- [itineria] [http-nio-8080-exec-5] org.hibernate.SQL                        : 
    select
        zv1_0.id,
        zv1_1.accessibilita,
        zv1_1.id_citta,
        zv1_1.created_at,
        zv1_1.descrizione,
        zv1_1.email,
        zv1_1.indirizzo,
        zv1_1.link_sito,
        zv1_1.id_manager,
        zv1_1.nome,
        zv1_1.numero_telefono,
        zv1_1.sempre_aperto,
        zv1_1.tipo,
        zv1_1.updated_at,
        zv1_1.version,
        zv1_0.area_mq,
        zv1_0.ciclabile,
        zv1_0.dog_friendly,
        zv1_0.ristoro,
        zv1_0.tipologia 
    from
        zone_verdi zv1_0 
    join
        luoghi_interesse zv1_1 
            on zv1_0.id=zv1_1.id 
    where
        zv1_0.ristoro=? 
    limit
        ?, ?
2026-08-24T20:34:22.306+02:00 TRACE 12900 --- [itineria] [http-nio-8080-exec-5] org.hibernate.orm.jdbc.bind              : binding parameter (1:BOOLEAN) <- [true]
2026-08-24T20:34:22.306+02:00 TRACE 12900 --- [itineria] [http-nio-8080-exec-5] org.hibernate.orm.jdbc.bind              : binding parameter (2:INTEGER) <- [0]
2026-08-24T20:34:22.306+02:00 TRACE 12900 --- [itineria] [http-nio-8080-exec-5] org.hibernate.orm.jdbc.bind              : binding parameter (3:INTEGER) <- [6]
2026-08-24T20:34:22.320+02:00 DEBUG 12900 --- [itineria] [http-nio-8080-exec-5] org.hibernate.SQL                        : 
    select
        zv1_0.id,
        zv1_1.accessibilita,
        zv1_1.id_citta,
        zv1_1.created_at,
        zv1_1.descrizione,
        zv1_1.email,
        zv1_1.indirizzo,
        zv1_1.link_sito,
        zv1_1.id_manager,
        zv1_1.nome,
        zv1_1.numero_telefono,
        zv1_1.sempre_aperto,
        zv1_1.tipo,
        zv1_1.updated_at,
        zv1_1.version,
        zv1_0.area_mq,
        zv1_0.ciclabile,
        zv1_0.dog_friendly,
        zv1_0.ristoro,
        zv1_0.tipologia 
    from
        zone_verdi zv1_0 
    join
        luoghi_interesse zv1_1 
            on zv1_0.id=zv1_1.id 
    where
        zv1_1.sempre_aperto=? 
    limit
        ?, ?
2026-08-24T20:34:22.326+02:00 TRACE 12900 --- [itineria] [http-nio-8080-exec-5] org.hibernate.orm.jdbc.bind              : binding parameter (1:BOOLEAN) <- [true]
2026-08-24T20:34:22.326+02:00 TRACE 12900 --- [itineria] [http-nio-8080-exec-5] org.hibernate.orm.jdbc.bind              : binding parameter (2:INTEGER) <- [0]
2026-08-24T20:34:22.326+02:00 TRACE 12900 --- [itineria] [http-nio-8080-exec-5] org.hibernate.orm.jdbc.bind              : binding parameter (3:INTEGER) <- [6]
2026-08-24T20:34:22.356+02:00 ERROR 12900 --- [itineria] [http-nio-8080-exec-5] org.thymeleaf.TemplateEngine             : [THYMELEAF][http-nio-8080-exec-5] Exception processing template "luoghi_interesse/zoneVerdi": An error happened during template parsing (template: "class path resource [templates/luoghi_interesse/zoneVerdi.html]")

org.thymeleaf.exceptions.TemplateInputException: An error happened during template parsing (template: "class path resource [templates/luoghi_interesse/zoneVerdi.html]")
	at org.thymeleaf.templateparser.markup.AbstractMarkupTemplateParser.parse(AbstractMarkupTemplateParser.java:241) ~[thymeleaf-3.1.5.RELEASE.jar:3.1.5.RELEASE]
	at org.thymeleaf.templateparser.markup.AbstractMarkupTemplateParser.parseStandalone(AbstractMarkupTemplateParser.java:100) ~[thymeleaf-3.1.5.RELEASE.jar:3.1.5.RELEASE]
	at org.thymeleaf.engine.TemplateManager.parseAndProcess(TemplateManager.java:666) ~[thymeleaf-3.1.5.RELEASE.jar:3.1.5.RELEASE]
	at org.thymeleaf.TemplateEngine.process(TemplateEngine.java:1103) ~[thymeleaf-3.1.5.RELEASE.jar:3.1.5.RELEASE]
	at org.thymeleaf.TemplateEngine.process(TemplateEngine.java:1077) ~[thymeleaf-3.1.5.RELEASE.jar:3.1.5.RELEASE]
	at org.thymeleaf.spring6.view.ThymeleafView.renderFragment(ThymeleafView.java:374) ~[thymeleaf-spring6-3.1.5.RELEASE.jar:3.1.5.RELEASE]
	at org.thymeleaf.spring6.view.ThymeleafView.render(ThymeleafView.java:193) ~[thymeleaf-spring6-3.1.5.RELEASE.jar:3.1.5.RELEASE]
	at org.springframework.web.servlet.DispatcherServlet.render(DispatcherServlet.java:1305) ~[spring-webmvc-7.0.8.jar:7.0.8]
	at org.springframework.web.servlet.DispatcherServlet.processDispatchResult(DispatcherServlet.java:1042) ~[spring-webmvc-7.0.8.jar:7.0.8]
	at org.springframework.web.servlet.DispatcherServlet.doDispatch(DispatcherServlet.java:980) ~[spring-webmvc-7.0.8.jar:7.0.8]
	at org.springframework.web.servlet.DispatcherServlet.doService(DispatcherServlet.java:866) ~[spring-webmvc-7.0.8.jar:7.0.8]
	at org.springframework.web.servlet.FrameworkServlet.processRequest(FrameworkServlet.java:1000) ~[spring-webmvc-7.0.8.jar:7.0.8]
	at org.springframework.web.servlet.FrameworkServlet.doGet(FrameworkServlet.java:892) ~[spring-webmvc-7.0.8.jar:7.0.8]
	at jakarta.servlet.http.HttpServlet.service(HttpServlet.java:622) ~[tomcat-embed-core-11.0.22.jar:6.1]
	at org.springframework.web.servlet.FrameworkServlet.service(FrameworkServlet.java:874) ~[spring-webmvc-7.0.8.jar:7.0.8]
	at jakarta.servlet.http.HttpServlet.service(HttpServlet.java:710) ~[tomcat-embed-core-11.0.22.jar:6.1]
	at org.apache.catalina.core.ApplicationFilterChain.doFilter(ApplicationFilterChain.java:128) ~[tomcat-embed-core-11.0.22.jar:11.0.22]
	at org.apache.tomcat.websocket.server.WsFilter.doFilter(WsFilter.java:53) ~[tomcat-embed-websocket-11.0.22.jar:11.0.22]
	at org.apache.catalina.core.ApplicationFilterChain.doFilter(ApplicationFilterChain.java:107) ~[tomcat-embed-core-11.0.22.jar:11.0.22]
	at org.springframework.web.filter.CompositeFilter$VirtualFilterChain.doFilter(CompositeFilter.java:108) ~[spring-web-7.0.8.jar:7.0.8]
	at org.springframework.security.web.FilterChainProxy.lambda$doFilterInternal$2(FilterChainProxy.java:235) ~[spring-security-web-7.1.0.jar:7.1.0]
	at org.springframework.security.web.FilterChainProxy$VirtualFilterChain.doFilter(FilterChainProxy.java:376) ~[spring-security-web-7.1.0.jar:7.1.0]
	at org.springframework.security.web.access.intercept.AuthorizationFilter.doFilter(AuthorizationFilter.java:101) ~[spring-security-web-7.1.0.jar:7.1.0]
	at org.springframework.security.web.FilterChainProxy$VirtualFilterChain.doFilter(FilterChainProxy.java:385) ~[spring-security-web-7.1.0.jar:7.1.0]
	at org.springframework.security.web.access.ExceptionTranslationFilter.doFilter(ExceptionTranslationFilter.java:126) ~[spring-security-web-7.1.0.jar:7.1.0]
	at org.springframework.security.web.access.ExceptionTranslationFilter.doFilter(ExceptionTranslationFilter.java:120) ~[spring-security-web-7.1.0.jar:7.1.0]
	at org.springframework.security.web.FilterChainProxy$VirtualFilterChain.doFilter(FilterChainProxy.java:385) ~[spring-security-web-7.1.0.jar:7.1.0]
	at org.springframework.security.web.authentication.AnonymousAuthenticationFilter.doFilter(AnonymousAuthenticationFilter.java:100) ~[spring-security-web-7.1.0.jar:7.1.0]
	at org.springframework.security.web.FilterChainProxy$VirtualFilterChain.doFilter(FilterChainProxy.java:385) ~[spring-security-web-7.1.0.jar:7.1.0]
	at org.springframework.security.web.servletapi.SecurityContextHolderAwareRequestFilter.doFilter(SecurityContextHolderAwareRequestFilter.java:181) ~[spring-security-web-7.1.0.jar:7.1.0]
	at org.springframework.security.web.FilterChainProxy$VirtualFilterChain.doFilter(FilterChainProxy.java:385) ~[spring-security-web-7.1.0.jar:7.1.0]
	at org.springframework.security.web.savedrequest.RequestCacheAwareFilter.doFilter(RequestCacheAwareFilter.java:63) ~[spring-security-web-7.1.0.jar:7.1.0]
	at org.springframework.security.web.FilterChainProxy$VirtualFilterChain.doFilter(FilterChainProxy.java:385) ~[spring-security-web-7.1.0.jar:7.1.0]
	at org.springframework.security.web.authentication.AbstractAuthenticationProcessingFilter.doFilter(AbstractAuthenticationProcessingFilter.java:245) ~[spring-security-web-7.1.0.jar:7.1.0]
	at org.springframework.security.web.authentication.AbstractAuthenticationProcessingFilter.doFilter(AbstractAuthenticationProcessingFilter.java:239) ~[spring-security-web-7.1.0.jar:7.1.0]
	at org.springframework.security.web.FilterChainProxy$VirtualFilterChain.doFilter(FilterChainProxy.java:385) ~[spring-security-web-7.1.0.jar:7.1.0]
	at org.springframework.security.web.authentication.logout.LogoutFilter.doFilter(LogoutFilter.java:110) ~[spring-security-web-7.1.0.jar:7.1.0]
	at org.springframework.security.web.authentication.logout.LogoutFilter.doFilter(LogoutFilter.java:96) ~[spring-security-web-7.1.0.jar:7.1.0]
	at org.springframework.security.web.FilterChainProxy$VirtualFilterChain.doFilter(FilterChainProxy.java:385) ~[spring-security-web-7.1.0.jar:7.1.0]
	at org.springframework.security.web.csrf.CsrfFilter.doFilterInternal(CsrfFilter.java:118) ~[spring-security-web-7.1.0.jar:7.1.0]
	at org.springframework.web.filter.OncePerRequestFilter.doFilter(OncePerRequestFilter.java:116) ~[spring-web-7.0.8.jar:7.0.8]
	at org.springframework.security.web.FilterChainProxy$VirtualFilterChain.doFilter(FilterChainProxy.java:385) ~[spring-security-web-7.1.0.jar:7.1.0]
	at org.springframework.security.web.header.HeaderWriterFilter.doHeadersAfter(HeaderWriterFilter.java:90) ~[spring-security-web-7.1.0.jar:7.1.0]
	at org.springframework.security.web.header.HeaderWriterFilter.doFilterInternal(HeaderWriterFilter.java:75) ~[spring-security-web-7.1.0.jar:7.1.0]
	at org.springframework.web.filter.OncePerRequestFilter.doFilter(OncePerRequestFilter.java:116) ~[spring-web-7.0.8.jar:7.0.8]
	at org.springframework.security.web.FilterChainProxy$VirtualFilterChain.doFilter(FilterChainProxy.java:385) ~[spring-security-web-7.1.0.jar:7.1.0]
	at org.springframework.security.web.context.SecurityContextHolderFilter.doFilter(SecurityContextHolderFilter.java:82) ~[spring-security-web-7.1.0.jar:7.1.0]
	at org.springframework.security.web.context.SecurityContextHolderFilter.doFilter(SecurityContextHolderFilter.java:69) ~[spring-security-web-7.1.0.jar:7.1.0]
	at org.springframework.security.web.FilterChainProxy$VirtualFilterChain.doFilter(FilterChainProxy.java:385) ~[spring-security-web-7.1.0.jar:7.1.0]
	at org.springframework.security.web.context.request.async.WebAsyncManagerIntegrationFilter.doFilterInternal(WebAsyncManagerIntegrationFilter.java:62) ~[spring-security-web-7.1.0.jar:7.1.0]
	at org.springframework.web.filter.OncePerRequestFilter.doFilter(OncePerRequestFilter.java:116) ~[spring-web-7.0.8.jar:7.0.8]
	at org.springframework.security.web.FilterChainProxy$VirtualFilterChain.doFilter(FilterChainProxy.java:385) ~[spring-security-web-7.1.0.jar:7.1.0]
	at org.springframework.security.web.session.DisableEncodeUrlFilter.doFilterInternal(DisableEncodeUrlFilter.java:42) ~[spring-security-web-7.1.0.jar:7.1.0]
	at org.springframework.web.filter.OncePerRequestFilter.doFilter(OncePerRequestFilter.java:116) ~[spring-web-7.0.8.jar:7.0.8]
	at org.springframework.security.web.FilterChainProxy$VirtualFilterChain.doFilter(FilterChainProxy.java:385) ~[spring-security-web-7.1.0.jar:7.1.0]
	at org.springframework.security.web.FilterChainProxy.doFilterInternal(FilterChainProxy.java:237) ~[spring-security-web-7.1.0.jar:7.1.0]
	at org.springframework.security.web.FilterChainProxy.doFilter(FilterChainProxy.java:195) ~[spring-security-web-7.1.0.jar:7.1.0]
	at org.springframework.web.filter.CompositeFilter$VirtualFilterChain.doFilter(CompositeFilter.java:113) ~[spring-web-7.0.8.jar:7.0.8]
	at org.springframework.web.filter.ServletRequestPathFilter.doFilter(ServletRequestPathFilter.java:52) ~[spring-web-7.0.8.jar:7.0.8]
	at org.springframework.web.filter.CompositeFilter$VirtualFilterChain.doFilter(CompositeFilter.java:113) ~[spring-web-7.0.8.jar:7.0.8]
	at org.springframework.web.filter.CompositeFilter.doFilter(CompositeFilter.java:74) ~[spring-web-7.0.8.jar:7.0.8]
	at org.springframework.security.config.annotation.web.configuration.WebSecurityConfiguration$CompositeFilterChainProxy.doFilter(WebSecurityConfiguration.java:317) ~[spring-security-config-7.1.0.jar:7.1.0]
	at org.springframework.web.filter.DelegatingFilterProxy.invokeDelegate(DelegatingFilterProxy.java:355) ~[spring-web-7.0.8.jar:7.0.8]
	at org.springframework.web.filter.DelegatingFilterProxy.doFilter(DelegatingFilterProxy.java:272) ~[spring-web-7.0.8.jar:7.0.8]
	at org.apache.catalina.core.ApplicationFilterChain.doFilter(ApplicationFilterChain.java:107) ~[tomcat-embed-core-11.0.22.jar:11.0.22]
	at org.springframework.web.filter.RequestContextFilter.doFilterInternal(RequestContextFilter.java:100) ~[spring-web-7.0.8.jar:7.0.8]
	at org.springframework.web.filter.OncePerRequestFilter.doFilter(OncePerRequestFilter.java:116) ~[spring-web-7.0.8.jar:7.0.8]
	at org.apache.catalina.core.ApplicationFilterChain.doFilter(ApplicationFilterChain.java:107) ~[tomcat-embed-core-11.0.22.jar:11.0.22]
	at org.springframework.web.filter.FormContentFilter.doFilterInternal(FormContentFilter.java:93) ~[spring-web-7.0.8.jar:7.0.8]
	at org.springframework.web.filter.OncePerRequestFilter.doFilter(OncePerRequestFilter.java:116) ~[spring-web-7.0.8.jar:7.0.8]
	at org.apache.catalina.core.ApplicationFilterChain.doFilter(ApplicationFilterChain.java:107) ~[tomcat-embed-core-11.0.22.jar:11.0.22]
	at org.springframework.web.filter.CharacterEncodingFilter.doFilterInternal(CharacterEncodingFilter.java:199) ~[spring-web-7.0.8.jar:7.0.8]
	at org.springframework.web.filter.OncePerRequestFilter.doFilter(OncePerRequestFilter.java:116) ~[spring-web-7.0.8.jar:7.0.8]
	at org.apache.catalina.core.ApplicationFilterChain.doFilter(ApplicationFilterChain.java:107) ~[tomcat-embed-core-11.0.22.jar:11.0.22]
	at org.apache.catalina.core.StandardWrapperValve.invoke(StandardWrapperValve.java:165) ~[tomcat-embed-core-11.0.22.jar:11.0.22]
	at org.apache.catalina.core.StandardContextValve.invoke(StandardContextValve.java:77) ~[tomcat-embed-core-11.0.22.jar:11.0.22]
	at org.apache.catalina.authenticator.AuthenticatorBase.invoke(AuthenticatorBase.java:492) ~[tomcat-embed-core-11.0.22.jar:11.0.22]
	at org.apache.catalina.core.StandardHostValve.invoke(StandardHostValve.java:113) ~[tomcat-embed-core-11.0.22.jar:11.0.22]
	at org.apache.catalina.valves.ErrorReportValve.invoke(ErrorReportValve.java:83) ~[tomcat-embed-core-11.0.22.jar:11.0.22]
	at org.apache.catalina.core.StandardEngineValve.invoke(StandardEngineValve.java:72) ~[tomcat-embed-core-11.0.22.jar:11.0.22]
	at org.apache.catalina.connector.CoyoteAdapter.service(CoyoteAdapter.java:341) ~[tomcat-embed-core-11.0.22.jar:11.0.22]
	at org.apache.coyote.http11.Http11Processor.service(Http11Processor.java:397) ~[tomcat-embed-core-11.0.22.jar:11.0.22]
	at org.apache.coyote.AbstractProcessorLight.process(AbstractProcessorLight.java:63) ~[tomcat-embed-core-11.0.22.jar:11.0.22]
	at org.apache.coyote.AbstractProtocol$ConnectionHandler.process(AbstractProtocol.java:1272) ~[tomcat-embed-core-11.0.22.jar:11.0.22]
	at org.apache.tomcat.util.net.NioEndpoint$SocketProcessor.doRun(NioEndpoint.java:1801) ~[tomcat-embed-core-11.0.22.jar:11.0.22]
	at org.apache.tomcat.util.net.SocketProcessorBase.run(SocketProcessorBase.java:52) ~[tomcat-embed-core-11.0.22.jar:11.0.22]
	at org.apache.tomcat.util.threads.ThreadPoolExecutor.runWorker(ThreadPoolExecutor.java:946) ~[tomcat-embed-core-11.0.22.jar:11.0.22]
	at org.apache.tomcat.util.threads.ThreadPoolExecutor$Worker.run(ThreadPoolExecutor.java:480) ~[tomcat-embed-core-11.0.22.jar:11.0.22]
	at org.apache.tomcat.util.threads.TaskThread$WrappingRunnable.run(TaskThread.java:57) ~[tomcat-embed-core-11.0.22.jar:11.0.22]
	at java.base/java.lang.Thread.run(Unknown Source) ~[na:na]
Caused by: org.attoparser.ParseException: Error during execution of processor 'org.thymeleaf.spring6.processor.SpringInputGeneralFieldTagProcessor' (template: "luoghi_interesse/zoneVerdi" - line 64, col 28)
	at org.attoparser.MarkupParser.parseDocument(MarkupParser.java:393) ~[attoparser-2.0.7.RELEASE.jar:2.0.7.RELEASE]
	at org.attoparser.MarkupParser.parse(MarkupParser.java:257) ~[attoparser-2.0.7.RELEASE.jar:2.0.7.RELEASE]
	at org.thymeleaf.templateparser.markup.AbstractMarkupTemplateParser.parse(AbstractMarkupTemplateParser.java:230) ~[thymeleaf-3.1.5.RELEASE.jar:3.1.5.RELEASE]
	... 89 common frames omitted
Caused by: org.thymeleaf.exceptions.TemplateProcessingException: Error during execution of processor 'org.thymeleaf.spring6.processor.SpringInputGeneralFieldTagProcessor' (template: "luoghi_interesse/zoneVerdi" - line 64, col 28)
	at org.thymeleaf.processor.element.AbstractAttributeTagProcessor.doProcess(AbstractAttributeTagProcessor.java:117) ~[thymeleaf-3.1.5.RELEASE.jar:3.1.5.RELEASE]
	at org.thymeleaf.processor.element.AbstractElementTagProcessor.process(AbstractElementTagProcessor.java:95) ~[thymeleaf-3.1.5.RELEASE.jar:3.1.5.RELEASE]
	at org.thymeleaf.util.ProcessorConfigurationUtils$ElementTagProcessorWrapper.process(ProcessorConfigurationUtils.java:633) ~[thymeleaf-3.1.5.RELEASE.jar:3.1.5.RELEASE]
	at org.thymeleaf.engine.ProcessorTemplateHandler.handleStandaloneElement(ProcessorTemplateHandler.java:918) ~[thymeleaf-3.1.5.RELEASE.jar:3.1.5.RELEASE]
	at org.thymeleaf.engine.TemplateHandlerAdapterMarkupHandler.handleStandaloneElementEnd(TemplateHandlerAdapterMarkupHandler.java:260) ~[thymeleaf-3.1.5.RELEASE.jar:3.1.5.RELEASE]
	at org.thymeleaf.templateparser.markup.InlinedOutputExpressionMarkupHandler$InlineMarkupAdapterPreProcessorHandler.handleStandaloneElementEnd(InlinedOutputExpressionMarkupHandler.java:256) ~[thymeleaf-3.1.5.RELEASE.jar:3.1.5.RELEASE]
	at org.thymeleaf.standard.inline.OutputExpressionInlinePreProcessorHandler.handleStandaloneElementEnd(OutputExpressionInlinePreProcessorHandler.java:169) ~[thymeleaf-3.1.5.RELEASE.jar:3.1.5.RELEASE]
	at org.thymeleaf.templateparser.markup.InlinedOutputExpressionMarkupHandler.handleStandaloneElementEnd(InlinedOutputExpressionMarkupHandler.java:104) ~[thymeleaf-3.1.5.RELEASE.jar:3.1.5.RELEASE]
	at org.attoparser.HtmlElement.handleStandaloneElementEnd(HtmlElement.java:79) ~[attoparser-2.0.7.RELEASE.jar:2.0.7.RELEASE]
	at org.attoparser.HtmlMarkupHandler.handleStandaloneElementEnd(HtmlMarkupHandler.java:241) ~[attoparser-2.0.7.RELEASE.jar:2.0.7.RELEASE]
	at org.attoparser.MarkupEventProcessorHandler.handleStandaloneElementEnd(MarkupEventProcessorHandler.java:327) ~[attoparser-2.0.7.RELEASE.jar:2.0.7.RELEASE]
	at org.attoparser.ParsingElementMarkupUtil.parseStandaloneElement(ParsingElementMarkupUtil.java:96) ~[attoparser-2.0.7.RELEASE.jar:2.0.7.RELEASE]
	at org.attoparser.MarkupParser.parseBuffer(MarkupParser.java:706) ~[attoparser-2.0.7.RELEASE.jar:2.0.7.RELEASE]
	at org.attoparser.MarkupParser.parseDocument(MarkupParser.java:301) ~[attoparser-2.0.7.RELEASE.jar:2.0.7.RELEASE]
	... 91 common frames omitted
Caused by: java.lang.IllegalStateException: Neither BindingResult nor plain target object for bean name 'zonaVerdeDTO' available as request attribute
	at org.springframework.web.servlet.support.BindStatus.<init>(BindStatus.java:146) ~[spring-webmvc-7.0.8.jar:7.0.8]
	at org.springframework.web.servlet.support.RequestContext.getBindStatus(RequestContext.java:726) ~[spring-webmvc-7.0.8.jar:7.0.8]
	at org.thymeleaf.spring6.context.webmvc.SpringWebMvcThymeleafRequestContext.getBindStatus(SpringWebMvcThymeleafRequestContext.java:232) ~[thymeleaf-spring6-3.1.5.RELEASE.jar:3.1.5.RELEASE]
	at org.thymeleaf.spring6.util.FieldUtils.getBindStatusFromParsedExpression(FieldUtils.java:306) ~[thymeleaf-spring6-3.1.5.RELEASE.jar:3.1.5.RELEASE]
	at org.thymeleaf.spring6.util.FieldUtils.getBindStatus(FieldUtils.java:253) ~[thymeleaf-spring6-3.1.5.RELEASE.jar:3.1.5.RELEASE]
	at org.thymeleaf.spring6.util.FieldUtils.getBindStatus(FieldUtils.java:227) ~[thymeleaf-spring6-3.1.5.RELEASE.jar:3.1.5.RELEASE]
	at org.thymeleaf.spring6.processor.AbstractSpringFieldTagProcessor.doProcess(AbstractSpringFieldTagProcessor.java:174) ~[thymeleaf-spring6-3.1.5.RELEASE.jar:3.1.5.RELEASE]
	at org.thymeleaf.processor.element.AbstractAttributeTagProcessor.doProcess(AbstractAttributeTagProcessor.java:74) ~[thymeleaf-3.1.5.RELEASE.jar:3.1.5.RELEASE]
	... 104 common frames omitted

2026-08-24T20:34:22.370+02:00 DEBUG 12900 --- [itineria] [http-nio-8080-exec-5] o.s.s.w.a.AnonymousAuthenticationFilter  : Set SecurityContextHolder to anonymous SecurityContext
2026-08-24T20:34:22.370+02:00 ERROR 12900 --- [itineria] [http-nio-8080-exec-5] o.a.c.c.C.[.[.[/].[dispatcherServlet]    : Servlet.service() for servlet [dispatcherServlet] in context with path [] threw exception [Request processing failed: org.thymeleaf.exceptions.TemplateInputException: An error happened during template parsing (template: "class path resource [templates/luoghi_interesse/zoneVerdi.html]")] with root cause

java.lang.IllegalStateException: Neither BindingResult nor plain target object for bean name 'zonaVerdeDTO' available as request attribute
	at org.springframework.web.servlet.support.BindStatus.<init>(BindStatus.java:146) ~[spring-webmvc-7.0.8.jar:7.0.8]
	at org.springframework.web.servlet.support.RequestContext.getBindStatus(RequestContext.java:726) ~[spring-webmvc-7.0.8.jar:7.0.8]
	at org.thymeleaf.spring6.context.webmvc.SpringWebMvcThymeleafRequestContext.getBindStatus(SpringWebMvcThymeleafRequestContext.java:232) ~[thymeleaf-spring6-3.1.5.RELEASE.jar:3.1.5.RELEASE]
	at org.thymeleaf.spring6.util.FieldUtils.getBindStatusFromParsedExpression(FieldUtils.java:306) ~[thymeleaf-spring6-3.1.5.RELEASE.jar:3.1.5.RELEASE]
	at org.thymeleaf.spring6.util.FieldUtils.getBindStatus(FieldUtils.java:253) ~[thymeleaf-spring6-3.1.5.RELEASE.jar:3.1.5.RELEASE]
	at org.thymeleaf.spring6.util.FieldUtils.getBindStatus(FieldUtils.java:227) ~[thymeleaf-spring6-3.1.5.RELEASE.jar:3.1.5.RELEASE]
	at org.thymeleaf.spring6.processor.AbstractSpringFieldTagProcessor.doProcess(AbstractSpringFieldTagProcessor.java:174) ~[thymeleaf-spring6-3.1.5.RELEASE.jar:3.1.5.RELEASE]
	at org.thymeleaf.processor.element.AbstractAttributeTagProcessor.doProcess(AbstractAttributeTagProcessor.java:74) ~[thymeleaf-3.1.5.RELEASE.jar:3.1.5.RELEASE]
	at org.thymeleaf.processor.element.AbstractElementTagProcessor.process(AbstractElementTagProcessor.java:95) ~[thymeleaf-3.1.5.RELEASE.jar:3.1.5.RELEASE]
	at org.thymeleaf.util.ProcessorConfigurationUtils$ElementTagProcessorWrapper.process(ProcessorConfigurationUtils.java:633) ~[thymeleaf-3.1.5.RELEASE.jar:3.1.5.RELEASE]
	at org.thymeleaf.engine.ProcessorTemplateHandler.handleStandaloneElement(ProcessorTemplateHandler.java:918) ~[thymeleaf-3.1.5.RELEASE.jar:3.1.5.RELEASE]
	at org.thymeleaf.engine.TemplateHandlerAdapterMarkupHandler.handleStandaloneElementEnd(TemplateHandlerAdapterMarkupHandler.java:260) ~[thymeleaf-3.1.5.RELEASE.jar:3.1.5.RELEASE]
	at org.thymeleaf.templateparser.markup.InlinedOutputExpressionMarkupHandler$InlineMarkupAdapterPreProcessorHandler.handleStandaloneElementEnd(InlinedOutputExpressionMarkupHandler.java:256) ~[thymeleaf-3.1.5.RELEASE.jar:3.1.5.RELEASE]
	at org.thymeleaf.standard.inline.OutputExpressionInlinePreProcessorHandler.handleStandaloneElementEnd(OutputExpressionInlinePreProcessorHandler.java:169) ~[thymeleaf-3.1.5.RELEASE.jar:3.1.5.RELEASE]
	at org.thymeleaf.templateparser.markup.InlinedOutputExpressionMarkupHandler.handleStandaloneElementEnd(InlinedOutputExpressionMarkupHandler.java:104) ~[thymeleaf-3.1.5.RELEASE.jar:3.1.5.RELEASE]
	at org.attoparser.HtmlElement.handleStandaloneElementEnd(HtmlElement.java:79) ~[attoparser-2.0.7.RELEASE.jar:2.0.7.RELEASE]
	at org.attoparser.HtmlMarkupHandler.handleStandaloneElementEnd(HtmlMarkupHandler.java:241) ~[attoparser-2.0.7.RELEASE.jar:2.0.7.RELEASE]
	at org.attoparser.MarkupEventProcessorHandler.handleStandaloneElementEnd(MarkupEventProcessorHandler.java:327) ~[attoparser-2.0.7.RELEASE.jar:2.0.7.RELEASE]
	at org.attoparser.ParsingElementMarkupUtil.parseStandaloneElement(ParsingElementMarkupUtil.java:96) ~[attoparser-2.0.7.RELEASE.jar:2.0.7.RELEASE]
	at org.attoparser.MarkupParser.parseBuffer(MarkupParser.java:706) ~[attoparser-2.0.7.RELEASE.jar:2.0.7.RELEASE]
	at org.attoparser.MarkupParser.parseDocument(MarkupParser.java:301) ~[attoparser-2.0.7.RELEASE.jar:2.0.7.RELEASE]
	at org.attoparser.MarkupParser.parse(MarkupParser.java:257) ~[attoparser-2.0.7.RELEASE.jar:2.0.7.RELEASE]
	at org.thymeleaf.templateparser.markup.AbstractMarkupTemplateParser.parse(AbstractMarkupTemplateParser.java:230) ~[thymeleaf-3.1.5.RELEASE.jar:3.1.5.RELEASE]
	at org.thymeleaf.templateparser.markup.AbstractMarkupTemplateParser.parseStandalone(AbstractMarkupTemplateParser.java:100) ~[thymeleaf-3.1.5.RELEASE.jar:3.1.5.RELEASE]
	at org.thymeleaf.engine.TemplateManager.parseAndProcess(TemplateManager.java:666) ~[thymeleaf-3.1.5.RELEASE.jar:3.1.5.RELEASE]
	at org.thymeleaf.TemplateEngine.process(TemplateEngine.java:1103) ~[thymeleaf-3.1.5.RELEASE.jar:3.1.5.RELEASE]
	at org.thymeleaf.TemplateEngine.process(TemplateEngine.java:1077) ~[thymeleaf-3.1.5.RELEASE.jar:3.1.5.RELEASE]
	at org.thymeleaf.spring6.view.ThymeleafView.renderFragment(ThymeleafView.java:374) ~[thymeleaf-spring6-3.1.5.RELEASE.jar:3.1.5.RELEASE]
	at org.thymeleaf.spring6.view.ThymeleafView.render(ThymeleafView.java:193) ~[thymeleaf-spring6-3.1.5.RELEASE.jar:3.1.5.RELEASE]
	at org.springframework.web.servlet.DispatcherServlet.render(DispatcherServlet.java:1305) ~[spring-webmvc-7.0.8.jar:7.0.8]
	at org.springframework.web.servlet.DispatcherServlet.processDispatchResult(DispatcherServlet.java:1042) ~[spring-webmvc-7.0.8.jar:7.0.8]
	at org.springframework.web.servlet.DispatcherServlet.doDispatch(DispatcherServlet.java:980) ~[spring-webmvc-7.0.8.jar:7.0.8]
	at org.springframework.web.servlet.DispatcherServlet.doService(DispatcherServlet.java:866) ~[spring-webmvc-7.0.8.jar:7.0.8]
	at org.springframework.web.servlet.FrameworkServlet.processRequest(FrameworkServlet.java:1000) ~[spring-webmvc-7.0.8.jar:7.0.8]
	at org.springframework.web.servlet.FrameworkServlet.doGet(FrameworkServlet.java:892) ~[spring-webmvc-7.0.8.jar:7.0.8]
	at jakarta.servlet.http.HttpServlet.service(HttpServlet.java:622) ~[tomcat-embed-core-11.0.22.jar:6.1]
	at org.springframework.web.servlet.FrameworkServlet.service(FrameworkServlet.java:874) ~[spring-webmvc-7.0.8.jar:7.0.8]
	at jakarta.servlet.http.HttpServlet.service(HttpServlet.java:710) ~[tomcat-embed-core-11.0.22.jar:6.1]
	at org.apache.catalina.core.ApplicationFilterChain.doFilter(ApplicationFilterChain.java:128) ~[tomcat-embed-core-11.0.22.jar:11.0.22]
	at org.apache.tomcat.websocket.server.WsFilter.doFilter(WsFilter.java:53) ~[tomcat-embed-websocket-11.0.22.jar:11.0.22]
	at org.apache.catalina.core.ApplicationFilterChain.doFilter(ApplicationFilterChain.java:107) ~[tomcat-embed-core-11.0.22.jar:11.0.22]
	at org.springframework.web.filter.CompositeFilter$VirtualFilterChain.doFilter(CompositeFilter.java:108) ~[spring-web-7.0.8.jar:7.0.8]
	at org.springframework.security.web.FilterChainProxy.lambda$doFilterInternal$2(FilterChainProxy.java:235) ~[spring-security-web-7.1.0.jar:7.1.0]
	at org.springframework.security.web.FilterChainProxy$VirtualFilterChain.doFilter(FilterChainProxy.java:376) ~[spring-security-web-7.1.0.jar:7.1.0]
	at org.springframework.security.web.access.intercept.AuthorizationFilter.doFilter(AuthorizationFilter.java:101) ~[spring-security-web-7.1.0.jar:7.1.0]
	at org.springframework.security.web.FilterChainProxy$VirtualFilterChain.doFilter(FilterChainProxy.java:385) ~[spring-security-web-7.1.0.jar:7.1.0]
	at org.springframework.security.web.access.ExceptionTranslationFilter.doFilter(ExceptionTranslationFilter.java:126) ~[spring-security-web-7.1.0.jar:7.1.0]
	at org.springframework.security.web.access.ExceptionTranslationFilter.doFilter(ExceptionTranslationFilter.java:120) ~[spring-security-web-7.1.0.jar:7.1.0]
	at org.springframework.security.web.FilterChainProxy$VirtualFilterChain.doFilter(FilterChainProxy.java:385) ~[spring-security-web-7.1.0.jar:7.1.0]
	at org.springframework.security.web.authentication.AnonymousAuthenticationFilter.doFilter(AnonymousAuthenticationFilter.java:100) ~[spring-security-web-7.1.0.jar:7.1.0]
	at org.springframework.security.web.FilterChainProxy$VirtualFilterChain.doFilter(FilterChainProxy.java:385) ~[spring-security-web-7.1.0.jar:7.1.0]
	at org.springframework.security.web.servletapi.SecurityContextHolderAwareRequestFilter.doFilter(SecurityContextHolderAwareRequestFilter.java:181) ~[spring-security-web-7.1.0.jar:7.1.0]
	at org.springframework.security.web.FilterChainProxy$VirtualFilterChain.doFilter(FilterChainProxy.java:385) ~[spring-security-web-7.1.0.jar:7.1.0]
	at org.springframework.security.web.savedrequest.RequestCacheAwareFilter.doFilter(RequestCacheAwareFilter.java:63) ~[spring-security-web-7.1.0.jar:7.1.0]
	at org.springframework.security.web.FilterChainProxy$VirtualFilterChain.doFilter(FilterChainProxy.java:385) ~[spring-security-web-7.1.0.jar:7.1.0]
	at org.springframework.security.web.authentication.AbstractAuthenticationProcessingFilter.doFilter(AbstractAuthenticationProcessingFilter.java:245) ~[spring-security-web-7.1.0.jar:7.1.0]
	at org.springframework.security.web.authentication.AbstractAuthenticationProcessingFilter.doFilter(AbstractAuthenticationProcessingFilter.java:239) ~[spring-security-web-7.1.0.jar:7.1.0]
	at org.springframework.security.web.FilterChainProxy$VirtualFilterChain.doFilter(FilterChainProxy.java:385) ~[spring-security-web-7.1.0.jar:7.1.0]
	at org.springframework.security.web.authentication.logout.LogoutFilter.doFilter(LogoutFilter.java:110) ~[spring-security-web-7.1.0.jar:7.1.0]
	at org.springframework.security.web.authentication.logout.LogoutFilter.doFilter(LogoutFilter.java:96) ~[spring-security-web-7.1.0.jar:7.1.0]
	at org.springframework.security.web.FilterChainProxy$VirtualFilterChain.doFilter(FilterChainProxy.java:385) ~[spring-security-web-7.1.0.jar:7.1.0]
	at org.springframework.security.web.csrf.CsrfFilter.doFilterInternal(CsrfFilter.java:118) ~[spring-security-web-7.1.0.jar:7.1.0]
	at org.springframework.web.filter.OncePerRequestFilter.doFilter(OncePerRequestFilter.java:116) ~[spring-web-7.0.8.jar:7.0.8]
	at org.springframework.security.web.FilterChainProxy$VirtualFilterChain.doFilter(FilterChainProxy.java:385) ~[spring-security-web-7.1.0.jar:7.1.0]
	at org.springframework.security.web.header.HeaderWriterFilter.doHeadersAfter(HeaderWriterFilter.java:90) ~[spring-security-web-7.1.0.jar:7.1.0]
	at org.springframework.security.web.header.HeaderWriterFilter.doFilterInternal(HeaderWriterFilter.java:75) ~[spring-security-web-7.1.0.jar:7.1.0]
	at org.springframework.web.filter.OncePerRequestFilter.doFilter(OncePerRequestFilter.java:116) ~[spring-web-7.0.8.jar:7.0.8]
	at org.springframework.security.web.FilterChainProxy$VirtualFilterChain.doFilter(FilterChainProxy.java:385) ~[spring-security-web-7.1.0.jar:7.1.0]
	at org.springframework.security.web.context.SecurityContextHolderFilter.doFilter(SecurityContextHolderFilter.java:82) ~[spring-security-web-7.1.0.jar:7.1.0]
	at org.springframework.security.web.context.SecurityContextHolderFilter.doFilter(SecurityContextHolderFilter.java:69) ~[spring-security-web-7.1.0.jar:7.1.0]
	at org.springframework.security.web.FilterChainProxy$VirtualFilterChain.doFilter(FilterChainProxy.java:385) ~[spring-security-web-7.1.0.jar:7.1.0]
	at org.springframework.security.web.context.request.async.WebAsyncManagerIntegrationFilter.doFilterInternal(WebAsyncManagerIntegrationFilter.java:62) ~[spring-security-web-7.1.0.jar:7.1.0]
	at org.springframework.web.filter.OncePerRequestFilter.doFilter(OncePerRequestFilter.java:116) ~[spring-web-7.0.8.jar:7.0.8]
	at org.springframework.security.web.FilterChainProxy$VirtualFilterChain.doFilter(FilterChainProxy.java:385) ~[spring-security-web-7.1.0.jar:7.1.0]
	at org.springframework.security.web.session.DisableEncodeUrlFilter.doFilterInternal(DisableEncodeUrlFilter.java:42) ~[spring-security-web-7.1.0.jar:7.1.0]
	at org.springframework.web.filter.OncePerRequestFilter.doFilter(OncePerRequestFilter.java:116) ~[spring-web-7.0.8.jar:7.0.8]
	at org.springframework.security.web.FilterChainProxy$VirtualFilterChain.doFilter(FilterChainProxy.java:385) ~[spring-security-web-7.1.0.jar:7.1.0]
	at org.springframework.security.web.FilterChainProxy.doFilterInternal(FilterChainProxy.java:237) ~[spring-security-web-7.1.0.jar:7.1.0]
	at org.springframework.security.web.FilterChainProxy.doFilter(FilterChainProxy.java:195) ~[spring-security-web-7.1.0.jar:7.1.0]
	at org.springframework.web.filter.CompositeFilter$VirtualFilterChain.doFilter(CompositeFilter.java:113) ~[spring-web-7.0.8.jar:7.0.8]
	at org.springframework.web.filter.ServletRequestPathFilter.doFilter(ServletRequestPathFilter.java:52) ~[spring-web-7.0.8.jar:7.0.8]
	at org.springframework.web.filter.CompositeFilter$VirtualFilterChain.doFilter(CompositeFilter.java:113) ~[spring-web-7.0.8.jar:7.0.8]
	at org.springframework.web.filter.CompositeFilter.doFilter(CompositeFilter.java:74) ~[spring-web-7.0.8.jar:7.0.8]
	at org.springframework.security.config.annotation.web.configuration.WebSecurityConfiguration$CompositeFilterChainProxy.doFilter(WebSecurityConfiguration.java:317) ~[spring-security-config-7.1.0.jar:7.1.0]
	at org.springframework.web.filter.DelegatingFilterProxy.invokeDelegate(DelegatingFilterProxy.java:355) ~[spring-web-7.0.8.jar:7.0.8]
	at org.springframework.web.filter.DelegatingFilterProxy.doFilter(DelegatingFilterProxy.java:272) ~[spring-web-7.0.8.jar:7.0.8]
	at org.apache.catalina.core.ApplicationFilterChain.doFilter(ApplicationFilterChain.java:107) ~[tomcat-embed-core-11.0.22.jar:11.0.22]
	at org.springframework.web.filter.RequestContextFilter.doFilterInternal(RequestContextFilter.java:100) ~[spring-web-7.0.8.jar:7.0.8]
	at org.springframework.web.filter.OncePerRequestFilter.doFilter(OncePerRequestFilter.java:116) ~[spring-web-7.0.8.jar:7.0.8]
	at org.apache.catalina.core.ApplicationFilterChain.doFilter(ApplicationFilterChain.java:107) ~[tomcat-embed-core-11.0.22.jar:11.0.22]
	at org.springframework.web.filter.FormContentFilter.doFilterInternal(FormContentFilter.java:93) ~[spring-web-7.0.8.jar:7.0.8]
	at org.springframework.web.filter.OncePerRequestFilter.doFilter(OncePerRequestFilter.java:116) ~[spring-web-7.0.8.jar:7.0.8]
	at org.apache.catalina.core.ApplicationFilterChain.doFilter(ApplicationFilterChain.java:107) ~[tomcat-embed-core-11.0.22.jar:11.0.22]
	at org.springframework.web.filter.CharacterEncodingFilter.doFilterInternal(CharacterEncodingFilter.java:199) ~[spring-web-7.0.8.jar:7.0.8]
	at org.springframework.web.filter.OncePerRequestFilter.doFilter(OncePerRequestFilter.java:116) ~[spring-web-7.0.8.jar:7.0.8]
	at org.apache.catalina.core.ApplicationFilterChain.doFilter(ApplicationFilterChain.java:107) ~[tomcat-embed-core-11.0.22.jar:11.0.22]
	at org.apache.catalina.core.StandardWrapperValve.invoke(StandardWrapperValve.java:165) ~[tomcat-embed-core-11.0.22.jar:11.0.22]
	at org.apache.catalina.core.StandardContextValve.invoke(StandardContextValve.java:77) ~[tomcat-embed-core-11.0.22.jar:11.0.22]
	at org.apache.catalina.authenticator.AuthenticatorBase.invoke(AuthenticatorBase.java:492) ~[tomcat-embed-core-11.0.22.jar:11.0.22]
	at org.apache.catalina.core.StandardHostValve.invoke(StandardHostValve.java:113) ~[tomcat-embed-core-11.0.22.jar:11.0.22]
	at org.apache.catalina.valves.ErrorReportValve.invoke(ErrorReportValve.java:83) ~[tomcat-embed-core-11.0.22.jar:11.0.22]
	at org.apache.catalina.core.StandardEngineValve.invoke(StandardEngineValve.java:72) ~[tomcat-embed-core-11.0.22.jar:11.0.22]
	at org.apache.catalina.connector.CoyoteAdapter.service(CoyoteAdapter.java:341) ~[tomcat-embed-core-11.0.22.jar:11.0.22]
	at org.apache.coyote.http11.Http11Processor.service(Http11Processor.java:397) ~[tomcat-embed-core-11.0.22.jar:11.0.22]
	at org.apache.coyote.AbstractProcessorLight.process(AbstractProcessorLight.java:63) ~[tomcat-embed-core-11.0.22.jar:11.0.22]
	at org.apache.coyote.AbstractProtocol$ConnectionHandler.process(AbstractProtocol.java:1272) ~[tomcat-embed-core-11.0.22.jar:11.0.22]
	at org.apache.tomcat.util.net.NioEndpoint$SocketProcessor.doRun(NioEndpoint.java:1801) ~[tomcat-embed-core-11.0.22.jar:11.0.22]
	at org.apache.tomcat.util.net.SocketProcessorBase.run(SocketProcessorBase.java:52) ~[tomcat-embed-core-11.0.22.jar:11.0.22]
	at org.apache.tomcat.util.threads.ThreadPoolExecutor.runWorker(ThreadPoolExecutor.java:946) ~[tomcat-embed-core-11.0.22.jar:11.0.22]
	at org.apache.tomcat.util.threads.ThreadPoolExecutor$Worker.run(ThreadPoolExecutor.java:480) ~[tomcat-embed-core-11.0.22.jar:11.0.22]
	at org.apache.tomcat.util.threads.TaskThread$WrappingRunnable.run(TaskThread.java:57) ~[tomcat-embed-core-11.0.22.jar:11.0.22]
	at java.base/java.lang.Thread.run(Unknown Source) ~[na:na]

2026-08-24T20:34:22.383+02:00 DEBUG 12900 --- [itineria] [http-nio-8080-exec-5] o.s.security.web.FilterChainProxy        : Securing GET /error
2026-08-24T20:34:22.385+02:00 DEBUG 12900 --- [itineria] [http-nio-8080-exec-5] o.s.security.web.FilterChainProxy        : Secured GET /error
2026-08-24T20:34:22.406+02:00 DEBUG 12900 --- [itineria] [http-nio-8080-exec-5] o.s.s.w.a.AnonymousAuthenticationFilter  : Set SecurityContextHolder to anonymous SecurityContext
2026-08-24T20:38:42.502+02:00  INFO 12900 --- [itineria] [File Watcher] rtingClassPathChangeChangedEventListener : Restarting due to 1 class path change (0 additions, 0 deletions, 1 modification)
2026-08-24T20:38:42.506+02:00  INFO 12900 --- [itineria] [Thread-1] o.s.boot.tomcat.GracefulShutdown         : Commencing graceful shutdown. Waiting for active requests to complete
2026-08-24T20:38:42.513+02:00  INFO 12900 --- [itineria] [tomcat-shutdown] o.s.boot.tomcat.GracefulShutdown         : Graceful shutdown complete
2026-08-24T20:38:42.515+02:00  INFO 12900 --- [itineria] [Thread-1] j.LocalContainerEntityManagerFactoryBean : Closing JPA EntityManagerFactory for persistence unit 'default'
2026-08-24T20:38:42.521+02:00  INFO 12900 --- [itineria] [Thread-1] com.zaxxer.hikari.HikariDataSource       : HikariPool-1 - Shutdown initiated...
2026-08-24T20:38:42.532+02:00  INFO 12900 --- [itineria] [Thread-1] com.zaxxer.hikari.HikariDataSource       : HikariPool-1 - Shutdown completed.
2026-08-24T20:38:42.896+02:00  INFO 12900 --- [itineria] [restartedMain] c.q.itineria.ItineriaApplication         : Starting ItineriaApplication using Java 21.0.11 with PID 12900 (D:\Sette Maria Agnese Computer\VisualStudioCode\itineria\target\classes started by sette in D:\Sette Maria Agnese Computer\VisualStudioCode\itineria)
2026-08-24T20:38:42.896+02:00  INFO 12900 --- [itineria] [restartedMain] c.q.itineria.ItineriaApplication         : No active profile set, falling back to 1 default profile: "default"
2026-08-24T20:38:44.641+02:00  INFO 16216 --- [itineria] [restartedMain] c.q.itineria.ItineriaApplication         : Starting ItineriaApplication using Java 21.0.11 with PID 16216 (D:\Sette Maria Agnese Computer\VisualStudioCode\itineria\target\classes started by sette in D:\Sette Maria Agnese Computer\VisualStudioCode\itineria)
2026-08-24T20:38:44.647+02:00  INFO 16216 --- [itineria] [restartedMain] c.q.itineria.ItineriaApplication         : No active profile set, falling back to 1 default profile: "default"
2026-08-24T20:38:44.715+02:00  INFO 16216 --- [itineria] [restartedMain] .e.DevToolsPropertyDefaultsPostProcessor : Devtools property defaults active! Set 'spring.devtools.add-properties' to 'false' to disable
2026-08-24T20:38:44.715+02:00  INFO 16216 --- [itineria] [restartedMain] .e.DevToolsPropertyDefaultsPostProcessor : For additional web related logging consider setting the 'logging.level.web' property to 'DEBUG'
2026-08-24T20:38:45.676+02:00  INFO 16216 --- [itineria] [restartedMain] .s.d.r.c.RepositoryConfigurationDelegate : Bootstrapping Spring Data JPA repositories in DEFAULT mode.
2026-08-24T20:38:45.780+02:00  INFO 16216 --- [itineria] [restartedMain] .s.d.r.c.RepositoryConfigurationDelegate : Finished Spring Data repository scanning in 96 ms. Found 12 JPA repository interfaces.
2026-08-24T20:38:46.565+02:00  INFO 16216 --- [itineria] [restartedMain] o.s.boot.tomcat.TomcatWebServer          : Tomcat initialized with port 8080 (http)
2026-08-24T20:38:46.586+02:00  INFO 16216 --- [itineria] [restartedMain] o.apache.catalina.core.StandardService   : Starting service [Tomcat]
2026-08-24T20:38:46.586+02:00  INFO 16216 --- [itineria] [restartedMain] o.apache.catalina.core.StandardEngine    : Starting Servlet engine: [Apache Tomcat/11.0.22]
2026-08-24T20:38:46.662+02:00  INFO 16216 --- [itineria] [restartedMain] b.w.c.s.WebApplicationContextInitializer : Root WebApplicationContext: initialization completed in 1947 ms
2026-08-24T20:38:46.956+02:00  INFO 16216 --- [itineria] [restartedMain] com.zaxxer.hikari.HikariDataSource       : HikariPool-1 - Starting...
2026-08-24T20:38:47.115+02:00  INFO 16216 --- [itineria] [restartedMain] com.zaxxer.hikari.pool.HikariPool        : HikariPool-1 - Added connection com.mysql.cj.jdbc.ConnectionImpl@1f799d35
2026-08-24T20:38:47.115+02:00  INFO 16216 --- [itineria] [restartedMain] com.zaxxer.hikari.HikariDataSource       : HikariPool-1 - Start completed.
2026-08-24T20:38:47.146+02:00  INFO 16216 --- [itineria] [restartedMain] org.flywaydb.core.FlywayExecutor         : Database: jdbc:mysql://localhost:3306/itineria?useSSL=false&serverTimezone=UTC&allowPublicKeyRetrieval=true (MySQL 8.0)
2026-08-24T20:38:47.274+02:00  INFO 16216 --- [itineria] [restartedMain] o.f.core.internal.command.DbValidate     : Successfully validated 2 migrations (execution time 00:00.044s)
2026-08-24T20:38:47.291+02:00  INFO 16216 --- [itineria] [restartedMain] o.f.core.internal.command.DbMigrate      : Current version of schema `itineria`: 2
2026-08-24T20:38:47.295+02:00  INFO 16216 --- [itineria] [restartedMain] o.f.core.internal.command.DbMigrate      : Schema `itineria` is up to date. No migration necessary.
2026-08-24T20:38:47.431+02:00  INFO 16216 --- [itineria] [restartedMain] org.hibernate.orm.jpa                    : HHH008540: Processing PersistenceUnitInfo [name: default]
2026-08-24T20:38:47.486+02:00  INFO 16216 --- [itineria] [restartedMain] org.hibernate.orm.core                   : HHH000001: Hibernate ORM core version 7.4.1.Final
2026-08-24T20:38:47.826+02:00  INFO 16216 --- [itineria] [restartedMain] o.s.o.j.p.SpringPersistenceUnitInfo      : No LoadTimeWeaver setup: ignoring JPA class transformer
2026-08-24T20:38:47.876+02:00  WARN 16216 --- [itineria] [restartedMain] org.hibernate.orm.deprecation            : HHH90000025: MySQLDialect does not need to be specified explicitly using 'hibernate.dialect' (remove the property setting and it will be selected by default)
2026-08-24T20:38:47.887+02:00  INFO 16216 --- [itineria] [restartedMain] org.hibernate.orm.connections.pooling    : HHH10001005: Database info:
	Database JDBC URL [jdbc:mysql://localhost:3306/itineria?useSSL=false&serverTimezone=UTC&allowPublicKeyRetrieval=true]
	Database driver: MySQL Connector/J
	Database dialect: MySQLDialect
	Database version: 8.0.46
	Default catalog/schema: itineria/undefined
	Autocommit mode: undefined/unknown
	Isolation level: REPEATABLE_READ [default REPEATABLE_READ]
	JDBC fetch size: none
	Pool: DataSourceConnectionProvider
	Minimum pool size: undefined/unknown
	Maximum pool size: undefined/unknown
2026-08-24T20:38:49.012+02:00  INFO 16216 --- [itineria] [restartedMain] org.hibernate.orm.core                   : HHH000489: No JTA platform available (set 'hibernate.transaction.jta.platform' to enable JTA platform integration)
2026-08-24T20:38:49.056+02:00  INFO 16216 --- [itineria] [restartedMain] j.LocalContainerEntityManagerFactoryBean : Initialized JPA EntityManagerFactory for persistence unit 'default'
2026-08-24T20:38:49.145+02:00  INFO 16216 --- [itineria] [restartedMain] o.s.d.j.r.query.QueryEnhancerFactories   : Hibernate is in classpath; If applicable, HQL parser will be used.
2026-08-24T20:38:50.256+02:00  WARN 16216 --- [itineria] [restartedMain] JpaBaseConfiguration$JpaWebConfiguration : spring.jpa.open-in-view is enabled by default. Therefore, database queries may be performed during view rendering. Explicitly configure spring.jpa.open-in-view to disable this warning
2026-08-24T20:38:50.388+02:00  INFO 16216 --- [itineria] [restartedMain] r$InitializeUserDetailsManagerConfigurer : Global AuthenticationManager configured with UserDetailsService bean with name customerUserDetailsService
2026-08-24T20:38:50.585+02:00 DEBUG 16216 --- [itineria] [restartedMain] o.s.s.web.DefaultSecurityFilterChain     : Will secure any request with filters: DisableEncodeUrlFilter, WebAsyncManagerIntegrationFilter, SecurityContextHolderFilter, HeaderWriterFilter, CsrfFilter, LogoutFilter, UsernamePasswordAuthenticationFilter, RequestCacheAwareFilter, SecurityContextHolderAwareRequestFilter, AnonymousAuthenticationFilter, ExceptionTranslationFilter, AuthorizationFilter
2026-08-24T20:38:50.636+02:00  INFO 16216 --- [itineria] [restartedMain] o.s.b.w.a.WelcomePageHandlerMapping      : Adding welcome page template: index
2026-08-24T20:38:51.055+02:00  INFO 16216 --- [itineria] [restartedMain] o.s.boot.tomcat.TomcatWebServer          : Tomcat started on port 8080 (http) with context path '/'
2026-08-24T20:38:51.066+02:00  INFO 16216 --- [itineria] [restartedMain] c.q.itineria.ItineriaApplication         : Started ItineriaApplication in 6.919 seconds (process running for 7.383)
2026-08-24T20:38:59.086+02:00  INFO 16216 --- [itineria] [http-nio-8080-exec-1] o.a.c.c.C.[Tomcat].[localhost].[/]       : Initializing Spring DispatcherServlet 'dispatcherServlet'
2026-08-24T20:38:59.086+02:00  INFO 16216 --- [itineria] [http-nio-8080-exec-1] o.s.web.servlet.DispatcherServlet        : Initializing Servlet 'dispatcherServlet'
2026-08-24T20:38:59.099+02:00  INFO 16216 --- [itineria] [http-nio-8080-exec-1] o.s.web.servlet.DispatcherServlet        : Completed initialization in 1 ms
2026-08-24T20:38:59.137+02:00 DEBUG 16216 --- [itineria] [http-nio-8080-exec-1] o.s.security.web.FilterChainProxy        : Securing GET /zoneVerdi
2026-08-24T20:38:59.166+02:00 DEBUG 16216 --- [itineria] [http-nio-8080-exec-1] o.s.security.web.FilterChainProxy        : Secured GET /zoneVerdi
2026-08-24T20:38:59.428+02:00 DEBUG 16216 --- [itineria] [http-nio-8080-exec-1] org.hibernate.SQL                        : 
    select
        zv1_0.id,
        zv1_1.accessibilita,
        zv1_1.id_citta,
        zv1_1.created_at,
        zv1_1.descrizione,
        zv1_1.email,
        zv1_1.indirizzo,
        zv1_1.link_sito,
        zv1_1.id_manager,
        zv1_1.nome,
        zv1_1.numero_telefono,
        zv1_1.sempre_aperto,
        zv1_1.tipo,
        zv1_1.updated_at,
        zv1_1.version,
        zv1_0.area_mq,
        zv1_0.ciclabile,
        zv1_0.dog_friendly,
        zv1_0.ristoro,
        zv1_0.tipologia 
    from
        zone_verdi zv1_0 
    join
        luoghi_interesse zv1_1 
            on zv1_0.id=zv1_1.id 
    limit
        ?, ?
2026-08-24T20:38:59.432+02:00 TRACE 16216 --- [itineria] [http-nio-8080-exec-1] org.hibernate.orm.jdbc.bind              : binding parameter (1:INTEGER) <- [0]
2026-08-24T20:38:59.433+02:00 TRACE 16216 --- [itineria] [http-nio-8080-exec-1] org.hibernate.orm.jdbc.bind              : binding parameter (2:INTEGER) <- [20]
2026-08-24T20:38:59.499+02:00 DEBUG 16216 --- [itineria] [http-nio-8080-exec-1] org.hibernate.SQL                        : 
    select
        c1_0.id,
        c1_0.created_at,
        c1_0.descrizione,
        c1_0.nome,
        c1_0.regione,
        c1_0.updated_at,
        c1_0.version 
    from
        citta c1_0 
    where
        c1_0.id=?
2026-08-24T20:38:59.501+02:00 TRACE 16216 --- [itineria] [http-nio-8080-exec-1] org.hibernate.orm.jdbc.bind              : binding parameter (1:BIGINT) <- [1]
2026-08-24T20:38:59.609+02:00 DEBUG 16216 --- [itineria] [http-nio-8080-exec-1] org.hibernate.SQL                        : 
    select
        zv1_0.id,
        zv1_1.accessibilita,
        zv1_1.id_citta,
        zv1_1.created_at,
        zv1_1.descrizione,
        zv1_1.email,
        zv1_1.indirizzo,
        zv1_1.link_sito,
        zv1_1.id_manager,
        zv1_1.nome,
        zv1_1.numero_telefono,
        zv1_1.sempre_aperto,
        zv1_1.tipo,
        zv1_1.updated_at,
        zv1_1.version,
        zv1_0.area_mq,
        zv1_0.ciclabile,
        zv1_0.dog_friendly,
        zv1_0.ristoro,
        zv1_0.tipologia 
    from
        zone_verdi zv1_0 
    join
        luoghi_interesse zv1_1 
            on zv1_0.id=zv1_1.id 
    where
        zv1_0.ciclabile=? 
    limit
        ?, ?
2026-08-24T20:38:59.611+02:00 TRACE 16216 --- [itineria] [http-nio-8080-exec-1] org.hibernate.orm.jdbc.bind              : binding parameter (1:BOOLEAN) <- [true]
2026-08-24T20:38:59.613+02:00 TRACE 16216 --- [itineria] [http-nio-8080-exec-1] org.hibernate.orm.jdbc.bind              : binding parameter (2:INTEGER) <- [0]
2026-08-24T20:38:59.613+02:00 TRACE 16216 --- [itineria] [http-nio-8080-exec-1] org.hibernate.orm.jdbc.bind              : binding parameter (3:INTEGER) <- [6]
2026-08-24T20:38:59.628+02:00 DEBUG 16216 --- [itineria] [http-nio-8080-exec-1] org.hibernate.SQL                        : 
    select
        zv1_0.id,
        zv1_1.accessibilita,
        zv1_1.id_citta,
        zv1_1.created_at,
        zv1_1.descrizione,
        zv1_1.email,
        zv1_1.indirizzo,
        zv1_1.link_sito,
        zv1_1.id_manager,
        zv1_1.nome,
        zv1_1.numero_telefono,
        zv1_1.sempre_aperto,
        zv1_1.tipo,
        zv1_1.updated_at,
        zv1_1.version,
        zv1_0.area_mq,
        zv1_0.ciclabile,
        zv1_0.dog_friendly,
        zv1_0.ristoro,
        zv1_0.tipologia 
    from
        zone_verdi zv1_0 
    join
        luoghi_interesse zv1_1 
            on zv1_0.id=zv1_1.id 
    where
        zv1_0.dog_friendly=? 
    limit
        ?, ?
2026-08-24T20:38:59.632+02:00 TRACE 16216 --- [itineria] [http-nio-8080-exec-1] org.hibernate.orm.jdbc.bind              : binding parameter (1:BOOLEAN) <- [true]
2026-08-24T20:38:59.634+02:00 TRACE 16216 --- [itineria] [http-nio-8080-exec-1] org.hibernate.orm.jdbc.bind              : binding parameter (2:INTEGER) <- [0]
2026-08-24T20:38:59.636+02:00 TRACE 16216 --- [itineria] [http-nio-8080-exec-1] org.hibernate.orm.jdbc.bind              : binding parameter (3:INTEGER) <- [6]
2026-08-24T20:38:59.649+02:00 DEBUG 16216 --- [itineria] [http-nio-8080-exec-1] org.hibernate.SQL                        : 
    select
        zv1_0.id,
        zv1_1.accessibilita,
        zv1_1.id_citta,
        zv1_1.created_at,
        zv1_1.descrizione,
        zv1_1.email,
        zv1_1.indirizzo,
        zv1_1.link_sito,
        zv1_1.id_manager,
        zv1_1.nome,
        zv1_1.numero_telefono,
        zv1_1.sempre_aperto,
        zv1_1.tipo,
        zv1_1.updated_at,
        zv1_1.version,
        zv1_0.area_mq,
        zv1_0.ciclabile,
        zv1_0.dog_friendly,
        zv1_0.ristoro,
        zv1_0.tipologia 
    from
        zone_verdi zv1_0 
    join
        luoghi_interesse zv1_1 
            on zv1_0.id=zv1_1.id 
    where
        zv1_0.ristoro=? 
    limit
        ?, ?
2026-08-24T20:38:59.656+02:00 TRACE 16216 --- [itineria] [http-nio-8080-exec-1] org.hibernate.orm.jdbc.bind              : binding parameter (1:BOOLEAN) <- [true]
2026-08-24T20:38:59.657+02:00 TRACE 16216 --- [itineria] [http-nio-8080-exec-1] org.hibernate.orm.jdbc.bind              : binding parameter (2:INTEGER) <- [0]
2026-08-24T20:38:59.657+02:00 TRACE 16216 --- [itineria] [http-nio-8080-exec-1] org.hibernate.orm.jdbc.bind              : binding parameter (3:INTEGER) <- [6]
2026-08-24T20:38:59.676+02:00 DEBUG 16216 --- [itineria] [http-nio-8080-exec-1] org.hibernate.SQL                        : 
    select
        zv1_0.id,
        zv1_1.accessibilita,
        zv1_1.id_citta,
        zv1_1.created_at,
        zv1_1.descrizione,
        zv1_1.email,
        zv1_1.indirizzo,
        zv1_1.link_sito,
        zv1_1.id_manager,
        zv1_1.nome,
        zv1_1.numero_telefono,
        zv1_1.sempre_aperto,
        zv1_1.tipo,
        zv1_1.updated_at,
        zv1_1.version,
        zv1_0.area_mq,
        zv1_0.ciclabile,
        zv1_0.dog_friendly,
        zv1_0.ristoro,
        zv1_0.tipologia 
    from
        zone_verdi zv1_0 
    join
        luoghi_interesse zv1_1 
            on zv1_0.id=zv1_1.id 
    where
        zv1_1.sempre_aperto=? 
    limit
        ?, ?
2026-08-24T20:38:59.679+02:00 TRACE 16216 --- [itineria] [http-nio-8080-exec-1] org.hibernate.orm.jdbc.bind              : binding parameter (1:BOOLEAN) <- [true]
2026-08-24T20:38:59.681+02:00 TRACE 16216 --- [itineria] [http-nio-8080-exec-1] org.hibernate.orm.jdbc.bind              : binding parameter (2:INTEGER) <- [0]
2026-08-24T20:38:59.683+02:00 TRACE 16216 --- [itineria] [http-nio-8080-exec-1] org.hibernate.orm.jdbc.bind              : binding parameter (3:INTEGER) <- [6]
2026-08-24T20:39:00.460+02:00 ERROR 16216 --- [itineria] [http-nio-8080-exec-1] org.thymeleaf.TemplateEngine             : [THYMELEAF][http-nio-8080-exec-1] Exception processing template "luoghi_interesse/zoneVerdi": An error happened during template parsing (template: "class path resource [templates/luoghi_interesse/zoneVerdi.html]")

org.thymeleaf.exceptions.TemplateInputException: An error happened during template parsing (template: "class path resource [templates/luoghi_interesse/zoneVerdi.html]")
	at org.thymeleaf.templateparser.markup.AbstractMarkupTemplateParser.parse(AbstractMarkupTemplateParser.java:241) ~[thymeleaf-3.1.5.RELEASE.jar:3.1.5.RELEASE]
	at org.thymeleaf.templateparser.markup.AbstractMarkupTemplateParser.parseStandalone(AbstractMarkupTemplateParser.java:100) ~[thymeleaf-3.1.5.RELEASE.jar:3.1.5.RELEASE]
	at org.thymeleaf.engine.TemplateManager.parseAndProcess(TemplateManager.java:666) ~[thymeleaf-3.1.5.RELEASE.jar:3.1.5.RELEASE]
	at org.thymeleaf.TemplateEngine.process(TemplateEngine.java:1103) ~[thymeleaf-3.1.5.RELEASE.jar:3.1.5.RELEASE]
	at org.thymeleaf.TemplateEngine.process(TemplateEngine.java:1077) ~[thymeleaf-3.1.5.RELEASE.jar:3.1.5.RELEASE]
	at org.thymeleaf.spring6.view.ThymeleafView.renderFragment(ThymeleafView.java:374) ~[thymeleaf-spring6-3.1.5.RELEASE.jar:3.1.5.RELEASE]
	at org.thymeleaf.spring6.view.ThymeleafView.render(ThymeleafView.java:193) ~[thymeleaf-spring6-3.1.5.RELEASE.jar:3.1.5.RELEASE]
	at org.springframework.web.servlet.DispatcherServlet.render(DispatcherServlet.java:1305) ~[spring-webmvc-7.0.8.jar:7.0.8]
	at org.springframework.web.servlet.DispatcherServlet.processDispatchResult(DispatcherServlet.java:1042) ~[spring-webmvc-7.0.8.jar:7.0.8]
	at org.springframework.web.servlet.DispatcherServlet.doDispatch(DispatcherServlet.java:980) ~[spring-webmvc-7.0.8.jar:7.0.8]
	at org.springframework.web.servlet.DispatcherServlet.doService(DispatcherServlet.java:866) ~[spring-webmvc-7.0.8.jar:7.0.8]
	at org.springframework.web.servlet.FrameworkServlet.processRequest(FrameworkServlet.java:1000) ~[spring-webmvc-7.0.8.jar:7.0.8]
	at org.springframework.web.servlet.FrameworkServlet.doGet(FrameworkServlet.java:892) ~[spring-webmvc-7.0.8.jar:7.0.8]
	at jakarta.servlet.http.HttpServlet.service(HttpServlet.java:622) ~[tomcat-embed-core-11.0.22.jar:6.1]
	at org.springframework.web.servlet.FrameworkServlet.service(FrameworkServlet.java:874) ~[spring-webmvc-7.0.8.jar:7.0.8]
	at jakarta.servlet.http.HttpServlet.service(HttpServlet.java:710) ~[tomcat-embed-core-11.0.22.jar:6.1]
	at org.apache.catalina.core.ApplicationFilterChain.doFilter(ApplicationFilterChain.java:128) ~[tomcat-embed-core-11.0.22.jar:11.0.22]
	at org.apache.tomcat.websocket.server.WsFilter.doFilter(WsFilter.java:53) ~[tomcat-embed-websocket-11.0.22.jar:11.0.22]
	at org.apache.catalina.core.ApplicationFilterChain.doFilter(ApplicationFilterChain.java:107) ~[tomcat-embed-core-11.0.22.jar:11.0.22]
	at org.springframework.web.filter.CompositeFilter$VirtualFilterChain.doFilter(CompositeFilter.java:108) ~[spring-web-7.0.8.jar:7.0.8]
	at org.springframework.security.web.FilterChainProxy.lambda$doFilterInternal$2(FilterChainProxy.java:235) ~[spring-security-web-7.1.0.jar:7.1.0]
	at org.springframework.security.web.FilterChainProxy$VirtualFilterChain.doFilter(FilterChainProxy.java:376) ~[spring-security-web-7.1.0.jar:7.1.0]
	at org.springframework.security.web.access.intercept.AuthorizationFilter.doFilter(AuthorizationFilter.java:101) ~[spring-security-web-7.1.0.jar:7.1.0]
	at org.springframework.security.web.FilterChainProxy$VirtualFilterChain.doFilter(FilterChainProxy.java:385) ~[spring-security-web-7.1.0.jar:7.1.0]
	at org.springframework.security.web.access.ExceptionTranslationFilter.doFilter(ExceptionTranslationFilter.java:126) ~[spring-security-web-7.1.0.jar:7.1.0]
	at org.springframework.security.web.access.ExceptionTranslationFilter.doFilter(ExceptionTranslationFilter.java:120) ~[spring-security-web-7.1.0.jar:7.1.0]
	at org.springframework.security.web.FilterChainProxy$VirtualFilterChain.doFilter(FilterChainProxy.java:385) ~[spring-security-web-7.1.0.jar:7.1.0]
	at org.springframework.security.web.authentication.AnonymousAuthenticationFilter.doFilter(AnonymousAuthenticationFilter.java:100) ~[spring-security-web-7.1.0.jar:7.1.0]
	at org.springframework.security.web.FilterChainProxy$VirtualFilterChain.doFilter(FilterChainProxy.java:385) ~[spring-security-web-7.1.0.jar:7.1.0]
	at org.springframework.security.web.servletapi.SecurityContextHolderAwareRequestFilter.doFilter(SecurityContextHolderAwareRequestFilter.java:181) ~[spring-security-web-7.1.0.jar:7.1.0]
	at org.springframework.security.web.FilterChainProxy$VirtualFilterChain.doFilter(FilterChainProxy.java:385) ~[spring-security-web-7.1.0.jar:7.1.0]
	at org.springframework.security.web.savedrequest.RequestCacheAwareFilter.doFilter(RequestCacheAwareFilter.java:63) ~[spring-security-web-7.1.0.jar:7.1.0]
	at org.springframework.security.web.FilterChainProxy$VirtualFilterChain.doFilter(FilterChainProxy.java:385) ~[spring-security-web-7.1.0.jar:7.1.0]
	at org.springframework.security.web.authentication.AbstractAuthenticationProcessingFilter.doFilter(AbstractAuthenticationProcessingFilter.java:245) ~[spring-security-web-7.1.0.jar:7.1.0]
	at org.springframework.security.web.authentication.AbstractAuthenticationProcessingFilter.doFilter(AbstractAuthenticationProcessingFilter.java:239) ~[spring-security-web-7.1.0.jar:7.1.0]
	at org.springframework.security.web.FilterChainProxy$VirtualFilterChain.doFilter(FilterChainProxy.java:385) ~[spring-security-web-7.1.0.jar:7.1.0]
	at org.springframework.security.web.authentication.logout.LogoutFilter.doFilter(LogoutFilter.java:110) ~[spring-security-web-7.1.0.jar:7.1.0]
	at org.springframework.security.web.authentication.logout.LogoutFilter.doFilter(LogoutFilter.java:96) ~[spring-security-web-7.1.0.jar:7.1.0]
	at org.springframework.security.web.FilterChainProxy$VirtualFilterChain.doFilter(FilterChainProxy.java:385) ~[spring-security-web-7.1.0.jar:7.1.0]
	at org.springframework.security.web.csrf.CsrfFilter.doFilterInternal(CsrfFilter.java:118) ~[spring-security-web-7.1.0.jar:7.1.0]
	at org.springframework.web.filter.OncePerRequestFilter.doFilter(OncePerRequestFilter.java:116) ~[spring-web-7.0.8.jar:7.0.8]
	at org.springframework.security.web.FilterChainProxy$VirtualFilterChain.doFilter(FilterChainProxy.java:385) ~[spring-security-web-7.1.0.jar:7.1.0]
	at org.springframework.security.web.header.HeaderWriterFilter.doHeadersAfter(HeaderWriterFilter.java:90) ~[spring-security-web-7.1.0.jar:7.1.0]
	at org.springframework.security.web.header.HeaderWriterFilter.doFilterInternal(HeaderWriterFilter.java:75) ~[spring-security-web-7.1.0.jar:7.1.0]
	at org.springframework.web.filter.OncePerRequestFilter.doFilter(OncePerRequestFilter.java:116) ~[spring-web-7.0.8.jar:7.0.8]
	at org.springframework.security.web.FilterChainProxy$VirtualFilterChain.doFilter(FilterChainProxy.java:385) ~[spring-security-web-7.1.0.jar:7.1.0]
	at org.springframework.security.web.context.SecurityContextHolderFilter.doFilter(SecurityContextHolderFilter.java:82) ~[spring-security-web-7.1.0.jar:7.1.0]
	at org.springframework.security.web.context.SecurityContextHolderFilter.doFilter(SecurityContextHolderFilter.java:69) ~[spring-security-web-7.1.0.jar:7.1.0]
	at org.springframework.security.web.FilterChainProxy$VirtualFilterChain.doFilter(FilterChainProxy.java:385) ~[spring-security-web-7.1.0.jar:7.1.0]
	at org.springframework.security.web.context.request.async.WebAsyncManagerIntegrationFilter.doFilterInternal(WebAsyncManagerIntegrationFilter.java:62) ~[spring-security-web-7.1.0.jar:7.1.0]
	at org.springframework.web.filter.OncePerRequestFilter.doFilter(OncePerRequestFilter.java:116) ~[spring-web-7.0.8.jar:7.0.8]
	at org.springframework.security.web.FilterChainProxy$VirtualFilterChain.doFilter(FilterChainProxy.java:385) ~[spring-security-web-7.1.0.jar:7.1.0]
	at org.springframework.security.web.session.DisableEncodeUrlFilter.doFilterInternal(DisableEncodeUrlFilter.java:42) ~[spring-security-web-7.1.0.jar:7.1.0]
	at org.springframework.web.filter.OncePerRequestFilter.doFilter(OncePerRequestFilter.java:116) ~[spring-web-7.0.8.jar:7.0.8]
	at org.springframework.security.web.FilterChainProxy$VirtualFilterChain.doFilter(FilterChainProxy.java:385) ~[spring-security-web-7.1.0.jar:7.1.0]
	at org.springframework.security.web.FilterChainProxy.doFilterInternal(FilterChainProxy.java:237) ~[spring-security-web-7.1.0.jar:7.1.0]
	at org.springframework.security.web.FilterChainProxy.doFilter(FilterChainProxy.java:195) ~[spring-security-web-7.1.0.jar:7.1.0]
	at org.springframework.web.filter.CompositeFilter$VirtualFilterChain.doFilter(CompositeFilter.java:113) ~[spring-web-7.0.8.jar:7.0.8]
	at org.springframework.web.filter.ServletRequestPathFilter.doFilter(ServletRequestPathFilter.java:52) ~[spring-web-7.0.8.jar:7.0.8]
	at org.springframework.web.filter.CompositeFilter$VirtualFilterChain.doFilter(CompositeFilter.java:113) ~[spring-web-7.0.8.jar:7.0.8]
	at org.springframework.web.filter.CompositeFilter.doFilter(CompositeFilter.java:74) ~[spring-web-7.0.8.jar:7.0.8]
	at org.springframework.security.config.annotation.web.configuration.WebSecurityConfiguration$CompositeFilterChainProxy.doFilter(WebSecurityConfiguration.java:317) ~[spring-security-config-7.1.0.jar:7.1.0]
	at org.springframework.web.filter.DelegatingFilterProxy.invokeDelegate(DelegatingFilterProxy.java:355) ~[spring-web-7.0.8.jar:7.0.8]
	at org.springframework.web.filter.DelegatingFilterProxy.doFilter(DelegatingFilterProxy.java:272) ~[spring-web-7.0.8.jar:7.0.8]
	at org.apache.catalina.core.ApplicationFilterChain.doFilter(ApplicationFilterChain.java:107) ~[tomcat-embed-core-11.0.22.jar:11.0.22]
	at org.springframework.web.filter.RequestContextFilter.doFilterInternal(RequestContextFilter.java:100) ~[spring-web-7.0.8.jar:7.0.8]
	at org.springframework.web.filter.OncePerRequestFilter.doFilter(OncePerRequestFilter.java:116) ~[spring-web-7.0.8.jar:7.0.8]
	at org.apache.catalina.core.ApplicationFilterChain.doFilter(ApplicationFilterChain.java:107) ~[tomcat-embed-core-11.0.22.jar:11.0.22]
	at org.springframework.web.filter.FormContentFilter.doFilterInternal(FormContentFilter.java:93) ~[spring-web-7.0.8.jar:7.0.8]
	at org.springframework.web.filter.OncePerRequestFilter.doFilter(OncePerRequestFilter.java:116) ~[spring-web-7.0.8.jar:7.0.8]
	at org.apache.catalina.core.ApplicationFilterChain.doFilter(ApplicationFilterChain.java:107) ~[tomcat-embed-core-11.0.22.jar:11.0.22]
	at org.springframework.web.filter.CharacterEncodingFilter.doFilterInternal(CharacterEncodingFilter.java:199) ~[spring-web-7.0.8.jar:7.0.8]
	at org.springframework.web.filter.OncePerRequestFilter.doFilter(OncePerRequestFilter.java:116) ~[spring-web-7.0.8.jar:7.0.8]
	at org.apache.catalina.core.ApplicationFilterChain.doFilter(ApplicationFilterChain.java:107) ~[tomcat-embed-core-11.0.22.jar:11.0.22]
	at org.apache.catalina.core.StandardWrapperValve.invoke(StandardWrapperValve.java:165) ~[tomcat-embed-core-11.0.22.jar:11.0.22]
	at org.apache.catalina.core.StandardContextValve.invoke(StandardContextValve.java:77) ~[tomcat-embed-core-11.0.22.jar:11.0.22]
	at org.apache.catalina.authenticator.AuthenticatorBase.invoke(AuthenticatorBase.java:492) ~[tomcat-embed-core-11.0.22.jar:11.0.22]
	at org.apache.catalina.core.StandardHostValve.invoke(StandardHostValve.java:113) ~[tomcat-embed-core-11.0.22.jar:11.0.22]
	at org.apache.catalina.valves.ErrorReportValve.invoke(ErrorReportValve.java:83) ~[tomcat-embed-core-11.0.22.jar:11.0.22]
	at org.apache.catalina.core.StandardEngineValve.invoke(StandardEngineValve.java:72) ~[tomcat-embed-core-11.0.22.jar:11.0.22]
	at org.apache.catalina.connector.CoyoteAdapter.service(CoyoteAdapter.java:341) ~[tomcat-embed-core-11.0.22.jar:11.0.22]
	at org.apache.coyote.http11.Http11Processor.service(Http11Processor.java:397) ~[tomcat-embed-core-11.0.22.jar:11.0.22]
	at org.apache.coyote.AbstractProcessorLight.process(AbstractProcessorLight.java:63) ~[tomcat-embed-core-11.0.22.jar:11.0.22]
	at org.apache.coyote.AbstractProtocol$ConnectionHandler.process(AbstractProtocol.java:1272) ~[tomcat-embed-core-11.0.22.jar:11.0.22]
	at org.apache.tomcat.util.net.NioEndpoint$SocketProcessor.doRun(NioEndpoint.java:1801) ~[tomcat-embed-core-11.0.22.jar:11.0.22]
	at org.apache.tomcat.util.net.SocketProcessorBase.run(SocketProcessorBase.java:52) ~[tomcat-embed-core-11.0.22.jar:11.0.22]
	at org.apache.tomcat.util.threads.ThreadPoolExecutor.runWorker(ThreadPoolExecutor.java:946) ~[tomcat-embed-core-11.0.22.jar:11.0.22]
	at org.apache.tomcat.util.threads.ThreadPoolExecutor$Worker.run(ThreadPoolExecutor.java:480) ~[tomcat-embed-core-11.0.22.jar:11.0.22]
	at org.apache.tomcat.util.threads.TaskThread$WrappingRunnable.run(TaskThread.java:57) ~[tomcat-embed-core-11.0.22.jar:11.0.22]
	at java.base/java.lang.Thread.run(Unknown Source) ~[na:na]
Caused by: org.attoparser.ParseException: Could not parse as expression: "@{/zoneVerdi/{id}(id=$(parco.id))}" (template: "luoghi_interesse/zoneVerdi" - line 122, col 9)
	at org.attoparser.MarkupParser.parseDocument(MarkupParser.java:393) ~[attoparser-2.0.7.RELEASE.jar:2.0.7.RELEASE]
	at org.attoparser.MarkupParser.parse(MarkupParser.java:257) ~[attoparser-2.0.7.RELEASE.jar:2.0.7.RELEASE]
	at org.thymeleaf.templateparser.markup.AbstractMarkupTemplateParser.parse(AbstractMarkupTemplateParser.java:230) ~[thymeleaf-3.1.5.RELEASE.jar:3.1.5.RELEASE]
	... 89 common frames omitted
Caused by: org.thymeleaf.exceptions.TemplateProcessingException: Could not parse as expression: "@{/zoneVerdi/{id}(id=$(parco.id))}" (template: "luoghi_interesse/zoneVerdi" - line 122, col 9)
	at org.thymeleaf.standard.expression.StandardExpressionParser.parseExpression(StandardExpressionParser.java:131) ~[thymeleaf-3.1.5.RELEASE.jar:3.1.5.RELEASE]
	at org.thymeleaf.standard.expression.StandardExpressionParser.parseExpression(StandardExpressionParser.java:62) ~[thymeleaf-3.1.5.RELEASE.jar:3.1.5.RELEASE]
	at org.thymeleaf.standard.expression.StandardExpressionParser.parseExpression(StandardExpressionParser.java:44) ~[thymeleaf-3.1.5.RELEASE.jar:3.1.5.RELEASE]
	at org.thymeleaf.engine.EngineEventUtils.parseAttributeExpression(EngineEventUtils.java:220) ~[thymeleaf-3.1.5.RELEASE.jar:3.1.5.RELEASE]
	at org.thymeleaf.engine.EngineEventUtils.computeAttributeExpression(EngineEventUtils.java:207) ~[thymeleaf-3.1.5.RELEASE.jar:3.1.5.RELEASE]
	at org.thymeleaf.standard.processor.AbstractStandardExpressionAttributeTagProcessor.doProcess(AbstractStandardExpressionAttributeTagProcessor.java:125) ~[thymeleaf-3.1.5.RELEASE.jar:3.1.5.RELEASE]
	at org.thymeleaf.processor.element.AbstractAttributeTagProcessor.doProcess(AbstractAttributeTagProcessor.java:74) ~[thymeleaf-3.1.5.RELEASE.jar:3.1.5.RELEASE]
	at org.thymeleaf.processor.element.AbstractElementTagProcessor.process(AbstractElementTagProcessor.java:95) ~[thymeleaf-3.1.5.RELEASE.jar:3.1.5.RELEASE]
	at org.thymeleaf.util.ProcessorConfigurationUtils$ElementTagProcessorWrapper.process(ProcessorConfigurationUtils.java:633) ~[thymeleaf-3.1.5.RELEASE.jar:3.1.5.RELEASE]
	at org.thymeleaf.engine.ProcessorTemplateHandler.handleOpenElement(ProcessorTemplateHandler.java:1314) ~[thymeleaf-3.1.5.RELEASE.jar:3.1.5.RELEASE]
	at org.thymeleaf.engine.OpenElementTag.beHandled(OpenElementTag.java:205) ~[thymeleaf-3.1.5.RELEASE.jar:3.1.5.RELEASE]
	at org.thymeleaf.engine.Model.process(Model.java:282) ~[thymeleaf-3.1.5.RELEASE.jar:3.1.5.RELEASE]
	at org.thymeleaf.engine.Model.process(Model.java:290) ~[thymeleaf-3.1.5.RELEASE.jar:3.1.5.RELEASE]
	at org.thymeleaf.engine.IteratedGatheringModelProcessable.processIterationModel(IteratedGatheringModelProcessable.java:368) ~[thymeleaf-3.1.5.RELEASE.jar:3.1.5.RELEASE]
	at org.thymeleaf.engine.IteratedGatheringModelProcessable.process(IteratedGatheringModelProcessable.java:222) ~[thymeleaf-3.1.5.RELEASE.jar:3.1.5.RELEASE]
	at org.thymeleaf.engine.ProcessorTemplateHandler.handleCloseElement(ProcessorTemplateHandler.java:1640) ~[thymeleaf-3.1.5.RELEASE.jar:3.1.5.RELEASE]
	at org.thymeleaf.engine.TemplateHandlerAdapterMarkupHandler.handleCloseElementEnd(TemplateHandlerAdapterMarkupHandler.java:388) ~[thymeleaf-3.1.5.RELEASE.jar:3.1.5.RELEASE]
	at org.thymeleaf.templateparser.markup.InlinedOutputExpressionMarkupHandler$InlineMarkupAdapterPreProcessorHandler.handleCloseElementEnd(InlinedOutputExpressionMarkupHandler.java:322) ~[thymeleaf-3.1.5.RELEASE.jar:3.1.5.RELEASE]
	at org.thymeleaf.standard.inline.OutputExpressionInlinePreProcessorHandler.handleCloseElementEnd(OutputExpressionInlinePreProcessorHandler.java:220) ~[thymeleaf-3.1.5.RELEASE.jar:3.1.5.RELEASE]
	at org.thymeleaf.templateparser.markup.InlinedOutputExpressionMarkupHandler.handleCloseElementEnd(InlinedOutputExpressionMarkupHandler.java:164) ~[thymeleaf-3.1.5.RELEASE.jar:3.1.5.RELEASE]
	at org.attoparser.HtmlElement.handleCloseElementEnd(HtmlElement.java:169) ~[attoparser-2.0.7.RELEASE.jar:2.0.7.RELEASE]
	at org.attoparser.HtmlMarkupHandler.handleCloseElementEnd(HtmlMarkupHandler.java:412) ~[attoparser-2.0.7.RELEASE.jar:2.0.7.RELEASE]
	at org.attoparser.MarkupEventProcessorHandler.handleCloseElementEnd(MarkupEventProcessorHandler.java:473) ~[attoparser-2.0.7.RELEASE.jar:2.0.7.RELEASE]
	at org.attoparser.ParsingElementMarkupUtil.parseCloseElement(ParsingElementMarkupUtil.java:201) ~[attoparser-2.0.7.RELEASE.jar:2.0.7.RELEASE]
	at org.attoparser.MarkupParser.parseBuffer(MarkupParser.java:725) ~[attoparser-2.0.7.RELEASE.jar:2.0.7.RELEASE]
	at org.attoparser.MarkupParser.parseDocument(MarkupParser.java:301) ~[attoparser-2.0.7.RELEASE.jar:2.0.7.RELEASE]
	... 91 common frames omitted

2026-08-24T20:39:00.485+02:00 DEBUG 16216 --- [itineria] [http-nio-8080-exec-1] o.s.s.w.a.AnonymousAuthenticationFilter  : Set SecurityContextHolder to anonymous SecurityContext
2026-08-24T20:39:00.488+02:00 ERROR 16216 --- [itineria] [http-nio-8080-exec-1] o.a.c.c.C.[.[.[/].[dispatcherServlet]    : Servlet.service() for servlet [dispatcherServlet] in context with path [] threw exception [Request processing failed: org.thymeleaf.exceptions.TemplateInputException: An error happened during template parsing (template: "class path resource [templates/luoghi_interesse/zoneVerdi.html]")] with root cause

org.thymeleaf.exceptions.TemplateProcessingException: Could not parse as expression: "@{/zoneVerdi/{id}(id=$(parco.id))}" (template: "luoghi_interesse/zoneVerdi" - line 122, col 9)
	at org.thymeleaf.standard.expression.StandardExpressionParser.parseExpression(StandardExpressionParser.java:131) ~[thymeleaf-3.1.5.RELEASE.jar:3.1.5.RELEASE]
	at org.thymeleaf.standard.expression.StandardExpressionParser.parseExpression(StandardExpressionParser.java:62) ~[thymeleaf-3.1.5.RELEASE.jar:3.1.5.RELEASE]
	at org.thymeleaf.standard.expression.StandardExpressionParser.parseExpression(StandardExpressionParser.java:44) ~[thymeleaf-3.1.5.RELEASE.jar:3.1.5.RELEASE]
	at org.thymeleaf.engine.EngineEventUtils.parseAttributeExpression(EngineEventUtils.java:220) ~[thymeleaf-3.1.5.RELEASE.jar:3.1.5.RELEASE]
	at org.thymeleaf.engine.EngineEventUtils.computeAttributeExpression(EngineEventUtils.java:207) ~[thymeleaf-3.1.5.RELEASE.jar:3.1.5.RELEASE]
	at org.thymeleaf.standard.processor.AbstractStandardExpressionAttributeTagProcessor.doProcess(AbstractStandardExpressionAttributeTagProcessor.java:125) ~[thymeleaf-3.1.5.RELEASE.jar:3.1.5.RELEASE]
	at org.thymeleaf.processor.element.AbstractAttributeTagProcessor.doProcess(AbstractAttributeTagProcessor.java:74) ~[thymeleaf-3.1.5.RELEASE.jar:3.1.5.RELEASE]
	at org.thymeleaf.processor.element.AbstractElementTagProcessor.process(AbstractElementTagProcessor.java:95) ~[thymeleaf-3.1.5.RELEASE.jar:3.1.5.RELEASE]
	at org.thymeleaf.util.ProcessorConfigurationUtils$ElementTagProcessorWrapper.process(ProcessorConfigurationUtils.java:633) ~[thymeleaf-3.1.5.RELEASE.jar:3.1.5.RELEASE]
	at org.thymeleaf.engine.ProcessorTemplateHandler.handleOpenElement(ProcessorTemplateHandler.java:1314) ~[thymeleaf-3.1.5.RELEASE.jar:3.1.5.RELEASE]
	at org.thymeleaf.engine.OpenElementTag.beHandled(OpenElementTag.java:205) ~[thymeleaf-3.1.5.RELEASE.jar:3.1.5.RELEASE]
	at org.thymeleaf.engine.Model.process(Model.java:282) ~[thymeleaf-3.1.5.RELEASE.jar:3.1.5.RELEASE]
	at org.thymeleaf.engine.Model.process(Model.java:290) ~[thymeleaf-3.1.5.RELEASE.jar:3.1.5.RELEASE]
	at org.thymeleaf.engine.IteratedGatheringModelProcessable.processIterationModel(IteratedGatheringModelProcessable.java:368) ~[thymeleaf-3.1.5.RELEASE.jar:3.1.5.RELEASE]
	at org.thymeleaf.engine.IteratedGatheringModelProcessable.process(IteratedGatheringModelProcessable.java:222) ~[thymeleaf-3.1.5.RELEASE.jar:3.1.5.RELEASE]
	at org.thymeleaf.engine.ProcessorTemplateHandler.handleCloseElement(ProcessorTemplateHandler.java:1640) ~[thymeleaf-3.1.5.RELEASE.jar:3.1.5.RELEASE]
	at org.thymeleaf.engine.TemplateHandlerAdapterMarkupHandler.handleCloseElementEnd(TemplateHandlerAdapterMarkupHandler.java:388) ~[thymeleaf-3.1.5.RELEASE.jar:3.1.5.RELEASE]
	at org.thymeleaf.templateparser.markup.InlinedOutputExpressionMarkupHandler$InlineMarkupAdapterPreProcessorHandler.handleCloseElementEnd(InlinedOutputExpressionMarkupHandler.java:322) ~[thymeleaf-3.1.5.RELEASE.jar:3.1.5.RELEASE]
	at org.thymeleaf.standard.inline.OutputExpressionInlinePreProcessorHandler.handleCloseElementEnd(OutputExpressionInlinePreProcessorHandler.java:220) ~[thymeleaf-3.1.5.RELEASE.jar:3.1.5.RELEASE]
	at org.thymeleaf.templateparser.markup.InlinedOutputExpressionMarkupHandler.handleCloseElementEnd(InlinedOutputExpressionMarkupHandler.java:164) ~[thymeleaf-3.1.5.RELEASE.jar:3.1.5.RELEASE]
	at org.attoparser.HtmlElement.handleCloseElementEnd(HtmlElement.java:169) ~[attoparser-2.0.7.RELEASE.jar:2.0.7.RELEASE]
	at org.attoparser.HtmlMarkupHandler.handleCloseElementEnd(HtmlMarkupHandler.java:412) ~[attoparser-2.0.7.RELEASE.jar:2.0.7.RELEASE]
	at org.attoparser.MarkupEventProcessorHandler.handleCloseElementEnd(MarkupEventProcessorHandler.java:473) ~[attoparser-2.0.7.RELEASE.jar:2.0.7.RELEASE]
	at org.attoparser.ParsingElementMarkupUtil.parseCloseElement(ParsingElementMarkupUtil.java:201) ~[attoparser-2.0.7.RELEASE.jar:2.0.7.RELEASE]
	at org.attoparser.MarkupParser.parseBuffer(MarkupParser.java:725) ~[attoparser-2.0.7.RELEASE.jar:2.0.7.RELEASE]
	at org.attoparser.MarkupParser.parseDocument(MarkupParser.java:301) ~[attoparser-2.0.7.RELEASE.jar:2.0.7.RELEASE]
	at org.attoparser.MarkupParser.parse(MarkupParser.java:257) ~[attoparser-2.0.7.RELEASE.jar:2.0.7.RELEASE]
	at org.thymeleaf.templateparser.markup.AbstractMarkupTemplateParser.parse(AbstractMarkupTemplateParser.java:230) ~[thymeleaf-3.1.5.RELEASE.jar:3.1.5.RELEASE]
	at org.thymeleaf.templateparser.markup.AbstractMarkupTemplateParser.parseStandalone(AbstractMarkupTemplateParser.java:100) ~[thymeleaf-3.1.5.RELEASE.jar:3.1.5.RELEASE]
	at org.thymeleaf.engine.TemplateManager.parseAndProcess(TemplateManager.java:666) ~[thymeleaf-3.1.5.RELEASE.jar:3.1.5.RELEASE]
	at org.thymeleaf.TemplateEngine.process(TemplateEngine.java:1103) ~[thymeleaf-3.1.5.RELEASE.jar:3.1.5.RELEASE]
	at org.thymeleaf.TemplateEngine.process(TemplateEngine.java:1077) ~[thymeleaf-3.1.5.RELEASE.jar:3.1.5.RELEASE]
	at org.thymeleaf.spring6.view.ThymeleafView.renderFragment(ThymeleafView.java:374) ~[thymeleaf-spring6-3.1.5.RELEASE.jar:3.1.5.RELEASE]
	at org.thymeleaf.spring6.view.ThymeleafView.render(ThymeleafView.java:193) ~[thymeleaf-spring6-3.1.5.RELEASE.jar:3.1.5.RELEASE]
	at org.springframework.web.servlet.DispatcherServlet.render(DispatcherServlet.java:1305) ~[spring-webmvc-7.0.8.jar:7.0.8]
	at org.springframework.web.servlet.DispatcherServlet.processDispatchResult(DispatcherServlet.java:1042) ~[spring-webmvc-7.0.8.jar:7.0.8]
	at org.springframework.web.servlet.DispatcherServlet.doDispatch(DispatcherServlet.java:980) ~[spring-webmvc-7.0.8.jar:7.0.8]
	at org.springframework.web.servlet.DispatcherServlet.doService(DispatcherServlet.java:866) ~[spring-webmvc-7.0.8.jar:7.0.8]
	at org.springframework.web.servlet.FrameworkServlet.processRequest(FrameworkServlet.java:1000) ~[spring-webmvc-7.0.8.jar:7.0.8]
	at org.springframework.web.servlet.FrameworkServlet.doGet(FrameworkServlet.java:892) ~[spring-webmvc-7.0.8.jar:7.0.8]
	at jakarta.servlet.http.HttpServlet.service(HttpServlet.java:622) ~[tomcat-embed-core-11.0.22.jar:6.1]
	at org.springframework.web.servlet.FrameworkServlet.service(FrameworkServlet.java:874) ~[spring-webmvc-7.0.8.jar:7.0.8]
	at jakarta.servlet.http.HttpServlet.service(HttpServlet.java:710) ~[tomcat-embed-core-11.0.22.jar:6.1]
	at org.apache.catalina.core.ApplicationFilterChain.doFilter(ApplicationFilterChain.java:128) ~[tomcat-embed-core-11.0.22.jar:11.0.22]
	at org.apache.tomcat.websocket.server.WsFilter.doFilter(WsFilter.java:53) ~[tomcat-embed-websocket-11.0.22.jar:11.0.22]
	at org.apache.catalina.core.ApplicationFilterChain.doFilter(ApplicationFilterChain.java:107) ~[tomcat-embed-core-11.0.22.jar:11.0.22]
	at org.springframework.web.filter.CompositeFilter$VirtualFilterChain.doFilter(CompositeFilter.java:108) ~[spring-web-7.0.8.jar:7.0.8]
	at org.springframework.security.web.FilterChainProxy.lambda$doFilterInternal$2(FilterChainProxy.java:235) ~[spring-security-web-7.1.0.jar:7.1.0]
	at org.springframework.security.web.FilterChainProxy$VirtualFilterChain.doFilter(FilterChainProxy.java:376) ~[spring-security-web-7.1.0.jar:7.1.0]
	at org.springframework.security.web.access.intercept.AuthorizationFilter.doFilter(AuthorizationFilter.java:101) ~[spring-security-web-7.1.0.jar:7.1.0]
	at org.springframework.security.web.FilterChainProxy$VirtualFilterChain.doFilter(FilterChainProxy.java:385) ~[spring-security-web-7.1.0.jar:7.1.0]
	at org.springframework.security.web.access.ExceptionTranslationFilter.doFilter(ExceptionTranslationFilter.java:126) ~[spring-security-web-7.1.0.jar:7.1.0]
	at org.springframework.security.web.access.ExceptionTranslationFilter.doFilter(ExceptionTranslationFilter.java:120) ~[spring-security-web-7.1.0.jar:7.1.0]
	at org.springframework.security.web.FilterChainProxy$VirtualFilterChain.doFilter(FilterChainProxy.java:385) ~[spring-security-web-7.1.0.jar:7.1.0]
	at org.springframework.security.web.authentication.AnonymousAuthenticationFilter.doFilter(AnonymousAuthenticationFilter.java:100) ~[spring-security-web-7.1.0.jar:7.1.0]
	at org.springframework.security.web.FilterChainProxy$VirtualFilterChain.doFilter(FilterChainProxy.java:385) ~[spring-security-web-7.1.0.jar:7.1.0]
	at org.springframework.security.web.servletapi.SecurityContextHolderAwareRequestFilter.doFilter(SecurityContextHolderAwareRequestFilter.java:181) ~[spring-security-web-7.1.0.jar:7.1.0]
	at org.springframework.security.web.FilterChainProxy$VirtualFilterChain.doFilter(FilterChainProxy.java:385) ~[spring-security-web-7.1.0.jar:7.1.0]
	at org.springframework.security.web.savedrequest.RequestCacheAwareFilter.doFilter(RequestCacheAwareFilter.java:63) ~[spring-security-web-7.1.0.jar:7.1.0]
	at org.springframework.security.web.FilterChainProxy$VirtualFilterChain.doFilter(FilterChainProxy.java:385) ~[spring-security-web-7.1.0.jar:7.1.0]
	at org.springframework.security.web.authentication.AbstractAuthenticationProcessingFilter.doFilter(AbstractAuthenticationProcessingFilter.java:245) ~[spring-security-web-7.1.0.jar:7.1.0]
	at org.springframework.security.web.authentication.AbstractAuthenticationProcessingFilter.doFilter(AbstractAuthenticationProcessingFilter.java:239) ~[spring-security-web-7.1.0.jar:7.1.0]
	at org.springframework.security.web.FilterChainProxy$VirtualFilterChain.doFilter(FilterChainProxy.java:385) ~[spring-security-web-7.1.0.jar:7.1.0]
	at org.springframework.security.web.authentication.logout.LogoutFilter.doFilter(LogoutFilter.java:110) ~[spring-security-web-7.1.0.jar:7.1.0]
	at org.springframework.security.web.authentication.logout.LogoutFilter.doFilter(LogoutFilter.java:96) ~[spring-security-web-7.1.0.jar:7.1.0]
	at org.springframework.security.web.FilterChainProxy$VirtualFilterChain.doFilter(FilterChainProxy.java:385) ~[spring-security-web-7.1.0.jar:7.1.0]
	at org.springframework.security.web.csrf.CsrfFilter.doFilterInternal(CsrfFilter.java:118) ~[spring-security-web-7.1.0.jar:7.1.0]
	at org.springframework.web.filter.OncePerRequestFilter.doFilter(OncePerRequestFilter.java:116) ~[spring-web-7.0.8.jar:7.0.8]
	at org.springframework.security.web.FilterChainProxy$VirtualFilterChain.doFilter(FilterChainProxy.java:385) ~[spring-security-web-7.1.0.jar:7.1.0]
	at org.springframework.security.web.header.HeaderWriterFilter.doHeadersAfter(HeaderWriterFilter.java:90) ~[spring-security-web-7.1.0.jar:7.1.0]
	at org.springframework.security.web.header.HeaderWriterFilter.doFilterInternal(HeaderWriterFilter.java:75) ~[spring-security-web-7.1.0.jar:7.1.0]
	at org.springframework.web.filter.OncePerRequestFilter.doFilter(OncePerRequestFilter.java:116) ~[spring-web-7.0.8.jar:7.0.8]
	at org.springframework.security.web.FilterChainProxy$VirtualFilterChain.doFilter(FilterChainProxy.java:385) ~[spring-security-web-7.1.0.jar:7.1.0]
	at org.springframework.security.web.context.SecurityContextHolderFilter.doFilter(SecurityContextHolderFilter.java:82) ~[spring-security-web-7.1.0.jar:7.1.0]
	at org.springframework.security.web.context.SecurityContextHolderFilter.doFilter(SecurityContextHolderFilter.java:69) ~[spring-security-web-7.1.0.jar:7.1.0]
	at org.springframework.security.web.FilterChainProxy$VirtualFilterChain.doFilter(FilterChainProxy.java:385) ~[spring-security-web-7.1.0.jar:7.1.0]
	at org.springframework.security.web.context.request.async.WebAsyncManagerIntegrationFilter.doFilterInternal(WebAsyncManagerIntegrationFilter.java:62) ~[spring-security-web-7.1.0.jar:7.1.0]
	at org.springframework.web.filter.OncePerRequestFilter.doFilter(OncePerRequestFilter.java:116) ~[spring-web-7.0.8.jar:7.0.8]
	at org.springframework.security.web.FilterChainProxy$VirtualFilterChain.doFilter(FilterChainProxy.java:385) ~[spring-security-web-7.1.0.jar:7.1.0]
	at org.springframework.security.web.session.DisableEncodeUrlFilter.doFilterInternal(DisableEncodeUrlFilter.java:42) ~[spring-security-web-7.1.0.jar:7.1.0]
	at org.springframework.web.filter.OncePerRequestFilter.doFilter(OncePerRequestFilter.java:116) ~[spring-web-7.0.8.jar:7.0.8]
	at org.springframework.security.web.FilterChainProxy$VirtualFilterChain.doFilter(FilterChainProxy.java:385) ~[spring-security-web-7.1.0.jar:7.1.0]
	at org.springframework.security.web.FilterChainProxy.doFilterInternal(FilterChainProxy.java:237) ~[spring-security-web-7.1.0.jar:7.1.0]
	at org.springframework.security.web.FilterChainProxy.doFilter(FilterChainProxy.java:195) ~[spring-security-web-7.1.0.jar:7.1.0]
	at org.springframework.web.filter.CompositeFilter$VirtualFilterChain.doFilter(CompositeFilter.java:113) ~[spring-web-7.0.8.jar:7.0.8]
	at org.springframework.web.filter.ServletRequestPathFilter.doFilter(ServletRequestPathFilter.java:52) ~[spring-web-7.0.8.jar:7.0.8]
	at org.springframework.web.filter.CompositeFilter$VirtualFilterChain.doFilter(CompositeFilter.java:113) ~[spring-web-7.0.8.jar:7.0.8]
	at org.springframework.web.filter.CompositeFilter.doFilter(CompositeFilter.java:74) ~[spring-web-7.0.8.jar:7.0.8]
	at org.springframework.security.config.annotation.web.configuration.WebSecurityConfiguration$CompositeFilterChainProxy.doFilter(WebSecurityConfiguration.java:317) ~[spring-security-config-7.1.0.jar:7.1.0]
	at org.springframework.web.filter.DelegatingFilterProxy.invokeDelegate(DelegatingFilterProxy.java:355) ~[spring-web-7.0.8.jar:7.0.8]
	at org.springframework.web.filter.DelegatingFilterProxy.doFilter(DelegatingFilterProxy.java:272) ~[spring-web-7.0.8.jar:7.0.8]
	at org.apache.catalina.core.ApplicationFilterChain.doFilter(ApplicationFilterChain.java:107) ~[tomcat-embed-core-11.0.22.jar:11.0.22]
	at org.springframework.web.filter.RequestContextFilter.doFilterInternal(RequestContextFilter.java:100) ~[spring-web-7.0.8.jar:7.0.8]
	at org.springframework.web.filter.OncePerRequestFilter.doFilter(OncePerRequestFilter.java:116) ~[spring-web-7.0.8.jar:7.0.8]
	at org.apache.catalina.core.ApplicationFilterChain.doFilter(ApplicationFilterChain.java:107) ~[tomcat-embed-core-11.0.22.jar:11.0.22]
	at org.springframework.web.filter.FormContentFilter.doFilterInternal(FormContentFilter.java:93) ~[spring-web-7.0.8.jar:7.0.8]
	at org.springframework.web.filter.OncePerRequestFilter.doFilter(OncePerRequestFilter.java:116) ~[spring-web-7.0.8.jar:7.0.8]
	at org.apache.catalina.core.ApplicationFilterChain.doFilter(ApplicationFilterChain.java:107) ~[tomcat-embed-core-11.0.22.jar:11.0.22]
	at org.springframework.web.filter.CharacterEncodingFilter.doFilterInternal(CharacterEncodingFilter.java:199) ~[spring-web-7.0.8.jar:7.0.8]
	at org.springframework.web.filter.OncePerRequestFilter.doFilter(OncePerRequestFilter.java:116) ~[spring-web-7.0.8.jar:7.0.8]
	at org.apache.catalina.core.ApplicationFilterChain.doFilter(ApplicationFilterChain.java:107) ~[tomcat-embed-core-11.0.22.jar:11.0.22]
	at org.apache.catalina.core.StandardWrapperValve.invoke(StandardWrapperValve.java:165) ~[tomcat-embed-core-11.0.22.jar:11.0.22]
	at org.apache.catalina.core.StandardContextValve.invoke(StandardContextValve.java:77) ~[tomcat-embed-core-11.0.22.jar:11.0.22]
	at org.apache.catalina.authenticator.AuthenticatorBase.invoke(AuthenticatorBase.java:492) ~[tomcat-embed-core-11.0.22.jar:11.0.22]
	at org.apache.catalina.core.StandardHostValve.invoke(StandardHostValve.java:113) ~[tomcat-embed-core-11.0.22.jar:11.0.22]
	at org.apache.catalina.valves.ErrorReportValve.invoke(ErrorReportValve.java:83) ~[tomcat-embed-core-11.0.22.jar:11.0.22]
	at org.apache.catalina.core.StandardEngineValve.invoke(StandardEngineValve.java:72) ~[tomcat-embed-core-11.0.22.jar:11.0.22]
	at org.apache.catalina.connector.CoyoteAdapter.service(CoyoteAdapter.java:341) ~[tomcat-embed-core-11.0.22.jar:11.0.22]
	at org.apache.coyote.http11.Http11Processor.service(Http11Processor.java:397) ~[tomcat-embed-core-11.0.22.jar:11.0.22]
	at org.apache.coyote.AbstractProcessorLight.process(AbstractProcessorLight.java:63) ~[tomcat-embed-core-11.0.22.jar:11.0.22]
	at org.apache.coyote.AbstractProtocol$ConnectionHandler.process(AbstractProtocol.java:1272) ~[tomcat-embed-core-11.0.22.jar:11.0.22]
	at org.apache.tomcat.util.net.NioEndpoint$SocketProcessor.doRun(NioEndpoint.java:1801) ~[tomcat-embed-core-11.0.22.jar:11.0.22]
	at org.apache.tomcat.util.net.SocketProcessorBase.run(SocketProcessorBase.java:52) ~[tomcat-embed-core-11.0.22.jar:11.0.22]
	at org.apache.tomcat.util.threads.ThreadPoolExecutor.runWorker(ThreadPoolExecutor.java:946) ~[tomcat-embed-core-11.0.22.jar:11.0.22]
	at org.apache.tomcat.util.threads.ThreadPoolExecutor$Worker.run(ThreadPoolExecutor.java:480) ~[tomcat-embed-core-11.0.22.jar:11.0.22]
	at org.apache.tomcat.util.threads.TaskThread$WrappingRunnable.run(TaskThread.java:57) ~[tomcat-embed-core-11.0.22.jar:11.0.22]
	at java.base/java.lang.Thread.run(Unknown Source) ~[na:na]

2026-08-24T20:39:00.504+02:00 DEBUG 16216 --- [itineria] [http-nio-8080-exec-1] o.s.security.web.FilterChainProxy        : Securing GET /error
2026-08-24T20:39:00.505+02:00 DEBUG 16216 --- [itineria] [http-nio-8080-exec-1] o.s.security.web.FilterChainProxy        : Secured GET /error
2026-08-24T20:39:00.528+02:00 DEBUG 16216 --- [itineria] [http-nio-8080-exec-1] o.s.s.w.a.AnonymousAuthenticationFilter  : Set SecurityContextHolder to anonymous SecurityContext
2026-08-24T20:41:26.760+02:00  INFO 13580 --- [itineria] [restartedMain] c.q.itineria.ItineriaApplication         : Starting ItineriaApplication using Java 21.0.11 with PID 13580 (D:\Sette Maria Agnese Computer\VisualStudioCode\itineria\target\classes started by sette in D:\Sette Maria Agnese Computer\VisualStudioCode\itineria)
2026-08-24T20:41:26.766+02:00  INFO 13580 --- [itineria] [restartedMain] c.q.itineria.ItineriaApplication         : No active profile set, falling back to 1 default profile: "default"
2026-08-24T20:41:26.846+02:00  INFO 13580 --- [itineria] [restartedMain] .e.DevToolsPropertyDefaultsPostProcessor : Devtools property defaults active! Set 'spring.devtools.add-properties' to 'false' to disable
2026-08-24T20:41:26.846+02:00  INFO 13580 --- [itineria] [restartedMain] .e.DevToolsPropertyDefaultsPostProcessor : For additional web related logging consider setting the 'logging.level.web' property to 'DEBUG'
2026-08-24T20:41:27.776+02:00  INFO 13580 --- [itineria] [restartedMain] .s.d.r.c.RepositoryConfigurationDelegate : Bootstrapping Spring Data JPA repositories in DEFAULT mode.
2026-08-24T20:41:27.883+02:00  INFO 13580 --- [itineria] [restartedMain] .s.d.r.c.RepositoryConfigurationDelegate : Finished Spring Data repository scanning in 91 ms. Found 12 JPA repository interfaces.
2026-08-24T20:41:28.678+02:00  INFO 13580 --- [itineria] [restartedMain] o.s.boot.tomcat.TomcatWebServer          : Tomcat initialized with port 8080 (http)
2026-08-24T20:41:28.713+02:00  INFO 13580 --- [itineria] [restartedMain] o.apache.catalina.core.StandardService   : Starting service [Tomcat]
2026-08-24T20:41:28.715+02:00  INFO 13580 --- [itineria] [restartedMain] o.apache.catalina.core.StandardEngine    : Starting Servlet engine: [Apache Tomcat/11.0.22]
2026-08-24T20:41:28.766+02:00  INFO 13580 --- [itineria] [restartedMain] b.w.c.s.WebApplicationContextInitializer : Root WebApplicationContext: initialization completed in 1920 ms
2026-08-24T20:41:29.075+02:00  INFO 13580 --- [itineria] [restartedMain] com.zaxxer.hikari.HikariDataSource       : HikariPool-1 - Starting...
2026-08-24T20:41:29.249+02:00  INFO 13580 --- [itineria] [restartedMain] com.zaxxer.hikari.pool.HikariPool        : HikariPool-1 - Added connection com.mysql.cj.jdbc.ConnectionImpl@1f799d35
2026-08-24T20:41:29.255+02:00  INFO 13580 --- [itineria] [restartedMain] com.zaxxer.hikari.HikariDataSource       : HikariPool-1 - Start completed.
2026-08-24T20:41:29.297+02:00  INFO 13580 --- [itineria] [restartedMain] org.flywaydb.core.FlywayExecutor         : Database: jdbc:mysql://localhost:3306/itineria?useSSL=false&serverTimezone=UTC&allowPublicKeyRetrieval=true (MySQL 8.0)
2026-08-24T20:41:29.386+02:00  INFO 13580 --- [itineria] [restartedMain] o.f.core.internal.command.DbValidate     : Successfully validated 2 migrations (execution time 00:00.037s)
2026-08-24T20:41:29.405+02:00  INFO 13580 --- [itineria] [restartedMain] o.f.core.internal.command.DbMigrate      : Current version of schema `itineria`: 2
2026-08-24T20:41:29.410+02:00  INFO 13580 --- [itineria] [restartedMain] o.f.core.internal.command.DbMigrate      : Schema `itineria` is up to date. No migration necessary.
2026-08-24T20:41:29.527+02:00  INFO 13580 --- [itineria] [restartedMain] org.hibernate.orm.jpa                    : HHH008540: Processing PersistenceUnitInfo [name: default]
2026-08-24T20:41:29.590+02:00  INFO 13580 --- [itineria] [restartedMain] org.hibernate.orm.core                   : HHH000001: Hibernate ORM core version 7.4.1.Final
2026-08-24T20:41:29.900+02:00  INFO 13580 --- [itineria] [restartedMain] o.s.o.j.p.SpringPersistenceUnitInfo      : No LoadTimeWeaver setup: ignoring JPA class transformer
2026-08-24T20:41:29.951+02:00  WARN 13580 --- [itineria] [restartedMain] org.hibernate.orm.deprecation            : HHH90000025: MySQLDialect does not need to be specified explicitly using 'hibernate.dialect' (remove the property setting and it will be selected by default)
2026-08-24T20:41:29.962+02:00  INFO 13580 --- [itineria] [restartedMain] org.hibernate.orm.connections.pooling    : HHH10001005: Database info:
	Database JDBC URL [jdbc:mysql://localhost:3306/itineria?useSSL=false&serverTimezone=UTC&allowPublicKeyRetrieval=true]
	Database driver: MySQL Connector/J
	Database dialect: MySQLDialect
	Database version: 8.0.46
	Default catalog/schema: itineria/undefined
	Autocommit mode: undefined/unknown
	Isolation level: REPEATABLE_READ [default REPEATABLE_READ]
	JDBC fetch size: none
	Pool: DataSourceConnectionProvider
	Minimum pool size: undefined/unknown
	Maximum pool size: undefined/unknown
2026-08-24T20:41:31.075+02:00  INFO 13580 --- [itineria] [restartedMain] org.hibernate.orm.core                   : HHH000489: No JTA platform available (set 'hibernate.transaction.jta.platform' to enable JTA platform integration)
2026-08-24T20:41:31.118+02:00  INFO 13580 --- [itineria] [restartedMain] j.LocalContainerEntityManagerFactoryBean : Initialized JPA EntityManagerFactory for persistence unit 'default'
2026-08-24T20:41:31.194+02:00  INFO 13580 --- [itineria] [restartedMain] o.s.d.j.r.query.QueryEnhancerFactories   : Hibernate is in classpath; If applicable, HQL parser will be used.
2026-08-24T20:41:32.346+02:00  WARN 13580 --- [itineria] [restartedMain] JpaBaseConfiguration$JpaWebConfiguration : spring.jpa.open-in-view is enabled by default. Therefore, database queries may be performed during view rendering. Explicitly configure spring.jpa.open-in-view to disable this warning
2026-08-24T20:41:32.457+02:00  INFO 13580 --- [itineria] [restartedMain] r$InitializeUserDetailsManagerConfigurer : Global AuthenticationManager configured with UserDetailsService bean with name customerUserDetailsService
2026-08-24T20:41:32.595+02:00 DEBUG 13580 --- [itineria] [restartedMain] o.s.s.web.DefaultSecurityFilterChain     : Will secure any request with filters: DisableEncodeUrlFilter, WebAsyncManagerIntegrationFilter, SecurityContextHolderFilter, HeaderWriterFilter, CsrfFilter, LogoutFilter, UsernamePasswordAuthenticationFilter, RequestCacheAwareFilter, SecurityContextHolderAwareRequestFilter, AnonymousAuthenticationFilter, ExceptionTranslationFilter, AuthorizationFilter
2026-08-24T20:41:32.649+02:00  INFO 13580 --- [itineria] [restartedMain] o.s.b.w.a.WelcomePageHandlerMapping      : Adding welcome page template: index
2026-08-24T20:41:33.066+02:00  INFO 13580 --- [itineria] [restartedMain] o.s.boot.tomcat.TomcatWebServer          : Tomcat started on port 8080 (http) with context path '/'
2026-08-24T20:41:33.066+02:00  INFO 13580 --- [itineria] [restartedMain] c.q.itineria.ItineriaApplication         : Started ItineriaApplication in 6.82 seconds (process running for 7.273)
2026-08-24T20:41:39.836+02:00  INFO 13580 --- [itineria] [http-nio-8080-exec-1] o.a.c.c.C.[Tomcat].[localhost].[/]       : Initializing Spring DispatcherServlet 'dispatcherServlet'
2026-08-24T20:41:39.838+02:00  INFO 13580 --- [itineria] [http-nio-8080-exec-1] o.s.web.servlet.DispatcherServlet        : Initializing Servlet 'dispatcherServlet'
2026-08-24T20:41:39.842+02:00  INFO 13580 --- [itineria] [http-nio-8080-exec-1] o.s.web.servlet.DispatcherServlet        : Completed initialization in 4 ms
2026-08-24T20:41:39.875+02:00 DEBUG 13580 --- [itineria] [http-nio-8080-exec-1] o.s.security.web.FilterChainProxy        : Securing GET /zoneVerdi
2026-08-24T20:41:39.906+02:00 DEBUG 13580 --- [itineria] [http-nio-8080-exec-1] o.s.security.web.FilterChainProxy        : Secured GET /zoneVerdi
2026-08-24T20:41:40.193+02:00 DEBUG 13580 --- [itineria] [http-nio-8080-exec-1] org.hibernate.SQL                        : 
    select
        zv1_0.id,
        zv1_1.accessibilita,
        zv1_1.id_citta,
        zv1_1.created_at,
        zv1_1.descrizione,
        zv1_1.email,
        zv1_1.indirizzo,
        zv1_1.link_sito,
        zv1_1.id_manager,
        zv1_1.nome,
        zv1_1.numero_telefono,
        zv1_1.sempre_aperto,
        zv1_1.tipo,
        zv1_1.updated_at,
        zv1_1.version,
        zv1_0.area_mq,
        zv1_0.ciclabile,
        zv1_0.dog_friendly,
        zv1_0.ristoro,
        zv1_0.tipologia 
    from
        zone_verdi zv1_0 
    join
        luoghi_interesse zv1_1 
            on zv1_0.id=zv1_1.id 
    limit
        ?, ?
2026-08-24T20:41:40.196+02:00 TRACE 13580 --- [itineria] [http-nio-8080-exec-1] org.hibernate.orm.jdbc.bind              : binding parameter (1:INTEGER) <- [0]
2026-08-24T20:41:40.199+02:00 TRACE 13580 --- [itineria] [http-nio-8080-exec-1] org.hibernate.orm.jdbc.bind              : binding parameter (2:INTEGER) <- [20]
2026-08-24T20:41:40.259+02:00 DEBUG 13580 --- [itineria] [http-nio-8080-exec-1] org.hibernate.SQL                        : 
    select
        c1_0.id,
        c1_0.created_at,
        c1_0.descrizione,
        c1_0.nome,
        c1_0.regione,
        c1_0.updated_at,
        c1_0.version 
    from
        citta c1_0 
    where
        c1_0.id=?
2026-08-24T20:41:40.259+02:00 TRACE 13580 --- [itineria] [http-nio-8080-exec-1] org.hibernate.orm.jdbc.bind              : binding parameter (1:BIGINT) <- [1]
2026-08-24T20:41:40.360+02:00 DEBUG 13580 --- [itineria] [http-nio-8080-exec-1] org.hibernate.SQL                        : 
    select
        zv1_0.id,
        zv1_1.accessibilita,
        zv1_1.id_citta,
        zv1_1.created_at,
        zv1_1.descrizione,
        zv1_1.email,
        zv1_1.indirizzo,
        zv1_1.link_sito,
        zv1_1.id_manager,
        zv1_1.nome,
        zv1_1.numero_telefono,
        zv1_1.sempre_aperto,
        zv1_1.tipo,
        zv1_1.updated_at,
        zv1_1.version,
        zv1_0.area_mq,
        zv1_0.ciclabile,
        zv1_0.dog_friendly,
        zv1_0.ristoro,
        zv1_0.tipologia 
    from
        zone_verdi zv1_0 
    join
        luoghi_interesse zv1_1 
            on zv1_0.id=zv1_1.id 
    where
        zv1_0.ciclabile=? 
    limit
        ?, ?
2026-08-24T20:41:40.366+02:00 TRACE 13580 --- [itineria] [http-nio-8080-exec-1] org.hibernate.orm.jdbc.bind              : binding parameter (1:BOOLEAN) <- [true]
2026-08-24T20:41:40.366+02:00 TRACE 13580 --- [itineria] [http-nio-8080-exec-1] org.hibernate.orm.jdbc.bind              : binding parameter (2:INTEGER) <- [0]
2026-08-24T20:41:40.366+02:00 TRACE 13580 --- [itineria] [http-nio-8080-exec-1] org.hibernate.orm.jdbc.bind              : binding parameter (3:INTEGER) <- [6]
2026-08-24T20:41:40.391+02:00 DEBUG 13580 --- [itineria] [http-nio-8080-exec-1] org.hibernate.SQL                        : 
    select
        zv1_0.id,
        zv1_1.accessibilita,
        zv1_1.id_citta,
        zv1_1.created_at,
        zv1_1.descrizione,
        zv1_1.email,
        zv1_1.indirizzo,
        zv1_1.link_sito,
        zv1_1.id_manager,
        zv1_1.nome,
        zv1_1.numero_telefono,
        zv1_1.sempre_aperto,
        zv1_1.tipo,
        zv1_1.updated_at,
        zv1_1.version,
        zv1_0.area_mq,
        zv1_0.ciclabile,
        zv1_0.dog_friendly,
        zv1_0.ristoro,
        zv1_0.tipologia 
    from
        zone_verdi zv1_0 
    join
        luoghi_interesse zv1_1 
            on zv1_0.id=zv1_1.id 
    where
        zv1_0.dog_friendly=? 
    limit
        ?, ?
2026-08-24T20:41:40.393+02:00 TRACE 13580 --- [itineria] [http-nio-8080-exec-1] org.hibernate.orm.jdbc.bind              : binding parameter (1:BOOLEAN) <- [true]
2026-08-24T20:41:40.394+02:00 TRACE 13580 --- [itineria] [http-nio-8080-exec-1] org.hibernate.orm.jdbc.bind              : binding parameter (2:INTEGER) <- [0]
2026-08-24T20:41:40.396+02:00 TRACE 13580 --- [itineria] [http-nio-8080-exec-1] org.hibernate.orm.jdbc.bind              : binding parameter (3:INTEGER) <- [6]
2026-08-24T20:41:40.415+02:00 DEBUG 13580 --- [itineria] [http-nio-8080-exec-1] org.hibernate.SQL                        : 
    select
        zv1_0.id,
        zv1_1.accessibilita,
        zv1_1.id_citta,
        zv1_1.created_at,
        zv1_1.descrizione,
        zv1_1.email,
        zv1_1.indirizzo,
        zv1_1.link_sito,
        zv1_1.id_manager,
        zv1_1.nome,
        zv1_1.numero_telefono,
        zv1_1.sempre_aperto,
        zv1_1.tipo,
        zv1_1.updated_at,
        zv1_1.version,
        zv1_0.area_mq,
        zv1_0.ciclabile,
        zv1_0.dog_friendly,
        zv1_0.ristoro,
        zv1_0.tipologia 
    from
        zone_verdi zv1_0 
    join
        luoghi_interesse zv1_1 
            on zv1_0.id=zv1_1.id 
    where
        zv1_0.ristoro=? 
    limit
        ?, ?
2026-08-24T20:41:40.418+02:00 TRACE 13580 --- [itineria] [http-nio-8080-exec-1] org.hibernate.orm.jdbc.bind              : binding parameter (1:BOOLEAN) <- [true]
2026-08-24T20:41:40.418+02:00 TRACE 13580 --- [itineria] [http-nio-8080-exec-1] org.hibernate.orm.jdbc.bind              : binding parameter (2:INTEGER) <- [0]
2026-08-24T20:41:40.418+02:00 TRACE 13580 --- [itineria] [http-nio-8080-exec-1] org.hibernate.orm.jdbc.bind              : binding parameter (3:INTEGER) <- [6]
2026-08-24T20:41:40.435+02:00 DEBUG 13580 --- [itineria] [http-nio-8080-exec-1] org.hibernate.SQL                        : 
    select
        zv1_0.id,
        zv1_1.accessibilita,
        zv1_1.id_citta,
        zv1_1.created_at,
        zv1_1.descrizione,
        zv1_1.email,
        zv1_1.indirizzo,
        zv1_1.link_sito,
        zv1_1.id_manager,
        zv1_1.nome,
        zv1_1.numero_telefono,
        zv1_1.sempre_aperto,
        zv1_1.tipo,
        zv1_1.updated_at,
        zv1_1.version,
        zv1_0.area_mq,
        zv1_0.ciclabile,
        zv1_0.dog_friendly,
        zv1_0.ristoro,
        zv1_0.tipologia 
    from
        zone_verdi zv1_0 
    join
        luoghi_interesse zv1_1 
            on zv1_0.id=zv1_1.id 
    where
        zv1_1.sempre_aperto=? 
    limit
        ?, ?
2026-08-24T20:41:40.438+02:00 TRACE 13580 --- [itineria] [http-nio-8080-exec-1] org.hibernate.orm.jdbc.bind              : binding parameter (1:BOOLEAN) <- [true]
2026-08-24T20:41:40.438+02:00 TRACE 13580 --- [itineria] [http-nio-8080-exec-1] org.hibernate.orm.jdbc.bind              : binding parameter (2:INTEGER) <- [0]
2026-08-24T20:41:40.438+02:00 TRACE 13580 --- [itineria] [http-nio-8080-exec-1] org.hibernate.orm.jdbc.bind              : binding parameter (3:INTEGER) <- [6]
2026-08-24T20:41:41.326+02:00 ERROR 13580 --- [itineria] [http-nio-8080-exec-1] org.thymeleaf.TemplateEngine             : [THYMELEAF][http-nio-8080-exec-1] Exception processing template "luoghi_interesse/zoneVerdi": An error happened during template parsing (template: "class path resource [templates/luoghi_interesse/zoneVerdi.html]")

org.thymeleaf.exceptions.TemplateInputException: An error happened during template parsing (template: "class path resource [templates/luoghi_interesse/zoneVerdi.html]")
	at org.thymeleaf.templateparser.markup.AbstractMarkupTemplateParser.parse(AbstractMarkupTemplateParser.java:241) ~[thymeleaf-3.1.5.RELEASE.jar:3.1.5.RELEASE]
	at org.thymeleaf.templateparser.markup.AbstractMarkupTemplateParser.parseStandalone(AbstractMarkupTemplateParser.java:100) ~[thymeleaf-3.1.5.RELEASE.jar:3.1.5.RELEASE]
	at org.thymeleaf.engine.TemplateManager.parseAndProcess(TemplateManager.java:666) ~[thymeleaf-3.1.5.RELEASE.jar:3.1.5.RELEASE]
	at org.thymeleaf.TemplateEngine.process(TemplateEngine.java:1103) ~[thymeleaf-3.1.5.RELEASE.jar:3.1.5.RELEASE]
	at org.thymeleaf.TemplateEngine.process(TemplateEngine.java:1077) ~[thymeleaf-3.1.5.RELEASE.jar:3.1.5.RELEASE]
	at org.thymeleaf.spring6.view.ThymeleafView.renderFragment(ThymeleafView.java:374) ~[thymeleaf-spring6-3.1.5.RELEASE.jar:3.1.5.RELEASE]
	at org.thymeleaf.spring6.view.ThymeleafView.render(ThymeleafView.java:193) ~[thymeleaf-spring6-3.1.5.RELEASE.jar:3.1.5.RELEASE]
	at org.springframework.web.servlet.DispatcherServlet.render(DispatcherServlet.java:1305) ~[spring-webmvc-7.0.8.jar:7.0.8]
	at org.springframework.web.servlet.DispatcherServlet.processDispatchResult(DispatcherServlet.java:1042) ~[spring-webmvc-7.0.8.jar:7.0.8]
	at org.springframework.web.servlet.DispatcherServlet.doDispatch(DispatcherServlet.java:980) ~[spring-webmvc-7.0.8.jar:7.0.8]
	at org.springframework.web.servlet.DispatcherServlet.doService(DispatcherServlet.java:866) ~[spring-webmvc-7.0.8.jar:7.0.8]
	at org.springframework.web.servlet.FrameworkServlet.processRequest(FrameworkServlet.java:1000) ~[spring-webmvc-7.0.8.jar:7.0.8]
	at org.springframework.web.servlet.FrameworkServlet.doGet(FrameworkServlet.java:892) ~[spring-webmvc-7.0.8.jar:7.0.8]
	at jakarta.servlet.http.HttpServlet.service(HttpServlet.java:622) ~[tomcat-embed-core-11.0.22.jar:6.1]
	at org.springframework.web.servlet.FrameworkServlet.service(FrameworkServlet.java:874) ~[spring-webmvc-7.0.8.jar:7.0.8]
	at jakarta.servlet.http.HttpServlet.service(HttpServlet.java:710) ~[tomcat-embed-core-11.0.22.jar:6.1]
	at org.apache.catalina.core.ApplicationFilterChain.doFilter(ApplicationFilterChain.java:128) ~[tomcat-embed-core-11.0.22.jar:11.0.22]
	at org.apache.tomcat.websocket.server.WsFilter.doFilter(WsFilter.java:53) ~[tomcat-embed-websocket-11.0.22.jar:11.0.22]
	at org.apache.catalina.core.ApplicationFilterChain.doFilter(ApplicationFilterChain.java:107) ~[tomcat-embed-core-11.0.22.jar:11.0.22]
	at org.springframework.web.filter.CompositeFilter$VirtualFilterChain.doFilter(CompositeFilter.java:108) ~[spring-web-7.0.8.jar:7.0.8]
	at org.springframework.security.web.FilterChainProxy.lambda$doFilterInternal$2(FilterChainProxy.java:235) ~[spring-security-web-7.1.0.jar:7.1.0]
	at org.springframework.security.web.FilterChainProxy$VirtualFilterChain.doFilter(FilterChainProxy.java:376) ~[spring-security-web-7.1.0.jar:7.1.0]
	at org.springframework.security.web.access.intercept.AuthorizationFilter.doFilter(AuthorizationFilter.java:101) ~[spring-security-web-7.1.0.jar:7.1.0]
	at org.springframework.security.web.FilterChainProxy$VirtualFilterChain.doFilter(FilterChainProxy.java:385) ~[spring-security-web-7.1.0.jar:7.1.0]
	at org.springframework.security.web.access.ExceptionTranslationFilter.doFilter(ExceptionTranslationFilter.java:126) ~[spring-security-web-7.1.0.jar:7.1.0]
	at org.springframework.security.web.access.ExceptionTranslationFilter.doFilter(ExceptionTranslationFilter.java:120) ~[spring-security-web-7.1.0.jar:7.1.0]
	at org.springframework.security.web.FilterChainProxy$VirtualFilterChain.doFilter(FilterChainProxy.java:385) ~[spring-security-web-7.1.0.jar:7.1.0]
	at org.springframework.security.web.authentication.AnonymousAuthenticationFilter.doFilter(AnonymousAuthenticationFilter.java:100) ~[spring-security-web-7.1.0.jar:7.1.0]
	at org.springframework.security.web.FilterChainProxy$VirtualFilterChain.doFilter(FilterChainProxy.java:385) ~[spring-security-web-7.1.0.jar:7.1.0]
	at org.springframework.security.web.servletapi.SecurityContextHolderAwareRequestFilter.doFilter(SecurityContextHolderAwareRequestFilter.java:181) ~[spring-security-web-7.1.0.jar:7.1.0]
	at org.springframework.security.web.FilterChainProxy$VirtualFilterChain.doFilter(FilterChainProxy.java:385) ~[spring-security-web-7.1.0.jar:7.1.0]
	at org.springframework.security.web.savedrequest.RequestCacheAwareFilter.doFilter(RequestCacheAwareFilter.java:63) ~[spring-security-web-7.1.0.jar:7.1.0]
	at org.springframework.security.web.FilterChainProxy$VirtualFilterChain.doFilter(FilterChainProxy.java:385) ~[spring-security-web-7.1.0.jar:7.1.0]
	at org.springframework.security.web.authentication.AbstractAuthenticationProcessingFilter.doFilter(AbstractAuthenticationProcessingFilter.java:245) ~[spring-security-web-7.1.0.jar:7.1.0]
	at org.springframework.security.web.authentication.AbstractAuthenticationProcessingFilter.doFilter(AbstractAuthenticationProcessingFilter.java:239) ~[spring-security-web-7.1.0.jar:7.1.0]
	at org.springframework.security.web.FilterChainProxy$VirtualFilterChain.doFilter(FilterChainProxy.java:385) ~[spring-security-web-7.1.0.jar:7.1.0]
	at org.springframework.security.web.authentication.logout.LogoutFilter.doFilter(LogoutFilter.java:110) ~[spring-security-web-7.1.0.jar:7.1.0]
	at org.springframework.security.web.authentication.logout.LogoutFilter.doFilter(LogoutFilter.java:96) ~[spring-security-web-7.1.0.jar:7.1.0]
	at org.springframework.security.web.FilterChainProxy$VirtualFilterChain.doFilter(FilterChainProxy.java:385) ~[spring-security-web-7.1.0.jar:7.1.0]
	at org.springframework.security.web.csrf.CsrfFilter.doFilterInternal(CsrfFilter.java:118) ~[spring-security-web-7.1.0.jar:7.1.0]
	at org.springframework.web.filter.OncePerRequestFilter.doFilter(OncePerRequestFilter.java:116) ~[spring-web-7.0.8.jar:7.0.8]
	at org.springframework.security.web.FilterChainProxy$VirtualFilterChain.doFilter(FilterChainProxy.java:385) ~[spring-security-web-7.1.0.jar:7.1.0]
	at org.springframework.security.web.header.HeaderWriterFilter.doHeadersAfter(HeaderWriterFilter.java:90) ~[spring-security-web-7.1.0.jar:7.1.0]
	at org.springframework.security.web.header.HeaderWriterFilter.doFilterInternal(HeaderWriterFilter.java:75) ~[spring-security-web-7.1.0.jar:7.1.0]
	at org.springframework.web.filter.OncePerRequestFilter.doFilter(OncePerRequestFilter.java:116) ~[spring-web-7.0.8.jar:7.0.8]
	at org.springframework.security.web.FilterChainProxy$VirtualFilterChain.doFilter(FilterChainProxy.java:385) ~[spring-security-web-7.1.0.jar:7.1.0]
	at org.springframework.security.web.context.SecurityContextHolderFilter.doFilter(SecurityContextHolderFilter.java:82) ~[spring-security-web-7.1.0.jar:7.1.0]
	at org.springframework.security.web.context.SecurityContextHolderFilter.doFilter(SecurityContextHolderFilter.java:69) ~[spring-security-web-7.1.0.jar:7.1.0]
	at org.springframework.security.web.FilterChainProxy$VirtualFilterChain.doFilter(FilterChainProxy.java:385) ~[spring-security-web-7.1.0.jar:7.1.0]
	at org.springframework.security.web.context.request.async.WebAsyncManagerIntegrationFilter.doFilterInternal(WebAsyncManagerIntegrationFilter.java:62) ~[spring-security-web-7.1.0.jar:7.1.0]
	at org.springframework.web.filter.OncePerRequestFilter.doFilter(OncePerRequestFilter.java:116) ~[spring-web-7.0.8.jar:7.0.8]
	at org.springframework.security.web.FilterChainProxy$VirtualFilterChain.doFilter(FilterChainProxy.java:385) ~[spring-security-web-7.1.0.jar:7.1.0]
	at org.springframework.security.web.session.DisableEncodeUrlFilter.doFilterInternal(DisableEncodeUrlFilter.java:42) ~[spring-security-web-7.1.0.jar:7.1.0]
	at org.springframework.web.filter.OncePerRequestFilter.doFilter(OncePerRequestFilter.java:116) ~[spring-web-7.0.8.jar:7.0.8]
	at org.springframework.security.web.FilterChainProxy$VirtualFilterChain.doFilter(FilterChainProxy.java:385) ~[spring-security-web-7.1.0.jar:7.1.0]
	at org.springframework.security.web.FilterChainProxy.doFilterInternal(FilterChainProxy.java:237) ~[spring-security-web-7.1.0.jar:7.1.0]
	at org.springframework.security.web.FilterChainProxy.doFilter(FilterChainProxy.java:195) ~[spring-security-web-7.1.0.jar:7.1.0]
	at org.springframework.web.filter.CompositeFilter$VirtualFilterChain.doFilter(CompositeFilter.java:113) ~[spring-web-7.0.8.jar:7.0.8]
	at org.springframework.web.filter.ServletRequestPathFilter.doFilter(ServletRequestPathFilter.java:52) ~[spring-web-7.0.8.jar:7.0.8]
	at org.springframework.web.filter.CompositeFilter$VirtualFilterChain.doFilter(CompositeFilter.java:113) ~[spring-web-7.0.8.jar:7.0.8]
	at org.springframework.web.filter.CompositeFilter.doFilter(CompositeFilter.java:74) ~[spring-web-7.0.8.jar:7.0.8]
	at org.springframework.security.config.annotation.web.configuration.WebSecurityConfiguration$CompositeFilterChainProxy.doFilter(WebSecurityConfiguration.java:317) ~[spring-security-config-7.1.0.jar:7.1.0]
	at org.springframework.web.filter.DelegatingFilterProxy.invokeDelegate(DelegatingFilterProxy.java:355) ~[spring-web-7.0.8.jar:7.0.8]
	at org.springframework.web.filter.DelegatingFilterProxy.doFilter(DelegatingFilterProxy.java:272) ~[spring-web-7.0.8.jar:7.0.8]
	at org.apache.catalina.core.ApplicationFilterChain.doFilter(ApplicationFilterChain.java:107) ~[tomcat-embed-core-11.0.22.jar:11.0.22]
	at org.springframework.web.filter.RequestContextFilter.doFilterInternal(RequestContextFilter.java:100) ~[spring-web-7.0.8.jar:7.0.8]
	at org.springframework.web.filter.OncePerRequestFilter.doFilter(OncePerRequestFilter.java:116) ~[spring-web-7.0.8.jar:7.0.8]
	at org.apache.catalina.core.ApplicationFilterChain.doFilter(ApplicationFilterChain.java:107) ~[tomcat-embed-core-11.0.22.jar:11.0.22]
	at org.springframework.web.filter.FormContentFilter.doFilterInternal(FormContentFilter.java:93) ~[spring-web-7.0.8.jar:7.0.8]
	at org.springframework.web.filter.OncePerRequestFilter.doFilter(OncePerRequestFilter.java:116) ~[spring-web-7.0.8.jar:7.0.8]
	at org.apache.catalina.core.ApplicationFilterChain.doFilter(ApplicationFilterChain.java:107) ~[tomcat-embed-core-11.0.22.jar:11.0.22]
	at org.springframework.web.filter.CharacterEncodingFilter.doFilterInternal(CharacterEncodingFilter.java:199) ~[spring-web-7.0.8.jar:7.0.8]
	at org.springframework.web.filter.OncePerRequestFilter.doFilter(OncePerRequestFilter.java:116) ~[spring-web-7.0.8.jar:7.0.8]
	at org.apache.catalina.core.ApplicationFilterChain.doFilter(ApplicationFilterChain.java:107) ~[tomcat-embed-core-11.0.22.jar:11.0.22]
	at org.apache.catalina.core.StandardWrapperValve.invoke(StandardWrapperValve.java:165) ~[tomcat-embed-core-11.0.22.jar:11.0.22]
	at org.apache.catalina.core.StandardContextValve.invoke(StandardContextValve.java:77) ~[tomcat-embed-core-11.0.22.jar:11.0.22]
	at org.apache.catalina.authenticator.AuthenticatorBase.invoke(AuthenticatorBase.java:492) ~[tomcat-embed-core-11.0.22.jar:11.0.22]
	at org.apache.catalina.core.StandardHostValve.invoke(StandardHostValve.java:113) ~[tomcat-embed-core-11.0.22.jar:11.0.22]
	at org.apache.catalina.valves.ErrorReportValve.invoke(ErrorReportValve.java:83) ~[tomcat-embed-core-11.0.22.jar:11.0.22]
	at org.apache.catalina.core.StandardEngineValve.invoke(StandardEngineValve.java:72) ~[tomcat-embed-core-11.0.22.jar:11.0.22]
	at org.apache.catalina.connector.CoyoteAdapter.service(CoyoteAdapter.java:341) ~[tomcat-embed-core-11.0.22.jar:11.0.22]
	at org.apache.coyote.http11.Http11Processor.service(Http11Processor.java:397) ~[tomcat-embed-core-11.0.22.jar:11.0.22]
	at org.apache.coyote.AbstractProcessorLight.process(AbstractProcessorLight.java:63) ~[tomcat-embed-core-11.0.22.jar:11.0.22]
	at org.apache.coyote.AbstractProtocol$ConnectionHandler.process(AbstractProtocol.java:1272) ~[tomcat-embed-core-11.0.22.jar:11.0.22]
	at org.apache.tomcat.util.net.NioEndpoint$SocketProcessor.doRun(NioEndpoint.java:1801) ~[tomcat-embed-core-11.0.22.jar:11.0.22]
	at org.apache.tomcat.util.net.SocketProcessorBase.run(SocketProcessorBase.java:52) ~[tomcat-embed-core-11.0.22.jar:11.0.22]
	at org.apache.tomcat.util.threads.ThreadPoolExecutor.runWorker(ThreadPoolExecutor.java:946) ~[tomcat-embed-core-11.0.22.jar:11.0.22]
	at org.apache.tomcat.util.threads.ThreadPoolExecutor$Worker.run(ThreadPoolExecutor.java:480) ~[tomcat-embed-core-11.0.22.jar:11.0.22]
	at org.apache.tomcat.util.threads.TaskThread$WrappingRunnable.run(TaskThread.java:57) ~[tomcat-embed-core-11.0.22.jar:11.0.22]
	at java.base/java.lang.Thread.run(Unknown Source) ~[na:na]
Caused by: org.attoparser.ParseException: Exception evaluating SpringEL expression: "parco.preferito" (template: "luoghi_interesse/zoneVerdi" - line 123, col 10)
	at org.attoparser.MarkupParser.parseDocument(MarkupParser.java:393) ~[attoparser-2.0.7.RELEASE.jar:2.0.7.RELEASE]
	at org.attoparser.MarkupParser.parse(MarkupParser.java:257) ~[attoparser-2.0.7.RELEASE.jar:2.0.7.RELEASE]
	at org.thymeleaf.templateparser.markup.AbstractMarkupTemplateParser.parse(AbstractMarkupTemplateParser.java:230) ~[thymeleaf-3.1.5.RELEASE.jar:3.1.5.RELEASE]
	... 89 common frames omitted
Caused by: org.thymeleaf.exceptions.TemplateProcessingException: Exception evaluating SpringEL expression: "parco.preferito" (template: "luoghi_interesse/zoneVerdi" - line 123, col 10)
	at org.thymeleaf.spring6.expression.SPELVariableExpressionEvaluator.evaluate(SPELVariableExpressionEvaluator.java:302) ~[thymeleaf-spring6-3.1.5.RELEASE.jar:3.1.5.RELEASE]
	at org.thymeleaf.standard.expression.VariableExpression.executeVariableExpression(VariableExpression.java:166) ~[thymeleaf-3.1.5.RELEASE.jar:3.1.5.RELEASE]
	at org.thymeleaf.standard.expression.SimpleExpression.executeSimple(SimpleExpression.java:66) ~[thymeleaf-3.1.5.RELEASE.jar:3.1.5.RELEASE]
	at org.thymeleaf.standard.expression.Expression.execute(Expression.java:109) ~[thymeleaf-3.1.5.RELEASE.jar:3.1.5.RELEASE]
	at org.thymeleaf.standard.expression.Expression.execute(Expression.java:138) ~[thymeleaf-3.1.5.RELEASE.jar:3.1.5.RELEASE]
	at org.thymeleaf.standard.expression.ConditionalExpression.executeConditional(ConditionalExpression.java:209) ~[thymeleaf-3.1.5.RELEASE.jar:3.1.5.RELEASE]
	at org.thymeleaf.standard.expression.ComplexExpression.executeComplex(ComplexExpression.java:77) ~[thymeleaf-3.1.5.RELEASE.jar:3.1.5.RELEASE]
	at org.thymeleaf.standard.expression.Expression.execute(Expression.java:112) ~[thymeleaf-3.1.5.RELEASE.jar:3.1.5.RELEASE]
	at org.thymeleaf.standard.expression.Expression.execute(Expression.java:138) ~[thymeleaf-3.1.5.RELEASE.jar:3.1.5.RELEASE]
	at org.thymeleaf.standard.processor.AbstractStandardExpressionAttributeTagProcessor.doProcess(AbstractStandardExpressionAttributeTagProcessor.java:144) ~[thymeleaf-3.1.5.RELEASE.jar:3.1.5.RELEASE]
	at org.thymeleaf.processor.element.AbstractAttributeTagProcessor.doProcess(AbstractAttributeTagProcessor.java:74) ~[thymeleaf-3.1.5.RELEASE.jar:3.1.5.RELEASE]
	at org.thymeleaf.processor.element.AbstractElementTagProcessor.process(AbstractElementTagProcessor.java:95) ~[thymeleaf-3.1.5.RELEASE.jar:3.1.5.RELEASE]
	at org.thymeleaf.util.ProcessorConfigurationUtils$ElementTagProcessorWrapper.process(ProcessorConfigurationUtils.java:633) ~[thymeleaf-3.1.5.RELEASE.jar:3.1.5.RELEASE]
	at org.thymeleaf.engine.ProcessorTemplateHandler.handleOpenElement(ProcessorTemplateHandler.java:1314) ~[thymeleaf-3.1.5.RELEASE.jar:3.1.5.RELEASE]
	at org.thymeleaf.engine.OpenElementTag.beHandled(OpenElementTag.java:205) ~[thymeleaf-3.1.5.RELEASE.jar:3.1.5.RELEASE]
	at org.thymeleaf.engine.Model.process(Model.java:282) ~[thymeleaf-3.1.5.RELEASE.jar:3.1.5.RELEASE]
	at org.thymeleaf.engine.Model.process(Model.java:290) ~[thymeleaf-3.1.5.RELEASE.jar:3.1.5.RELEASE]
	at org.thymeleaf.engine.IteratedGatheringModelProcessable.processIterationModel(IteratedGatheringModelProcessable.java:368) ~[thymeleaf-3.1.5.RELEASE.jar:3.1.5.RELEASE]
	at org.thymeleaf.engine.IteratedGatheringModelProcessable.process(IteratedGatheringModelProcessable.java:222) ~[thymeleaf-3.1.5.RELEASE.jar:3.1.5.RELEASE]
	at org.thymeleaf.engine.ProcessorTemplateHandler.handleCloseElement(ProcessorTemplateHandler.java:1640) ~[thymeleaf-3.1.5.RELEASE.jar:3.1.5.RELEASE]
	at org.thymeleaf.engine.TemplateHandlerAdapterMarkupHandler.handleCloseElementEnd(TemplateHandlerAdapterMarkupHandler.java:388) ~[thymeleaf-3.1.5.RELEASE.jar:3.1.5.RELEASE]
	at org.thymeleaf.templateparser.markup.InlinedOutputExpressionMarkupHandler$InlineMarkupAdapterPreProcessorHandler.handleCloseElementEnd(InlinedOutputExpressionMarkupHandler.java:322) ~[thymeleaf-3.1.5.RELEASE.jar:3.1.5.RELEASE]
	at org.thymeleaf.standard.inline.OutputExpressionInlinePreProcessorHandler.handleCloseElementEnd(OutputExpressionInlinePreProcessorHandler.java:220) ~[thymeleaf-3.1.5.RELEASE.jar:3.1.5.RELEASE]
	at org.thymeleaf.templateparser.markup.InlinedOutputExpressionMarkupHandler.handleCloseElementEnd(InlinedOutputExpressionMarkupHandler.java:164) ~[thymeleaf-3.1.5.RELEASE.jar:3.1.5.RELEASE]
	at org.attoparser.HtmlElement.handleCloseElementEnd(HtmlElement.java:169) ~[attoparser-2.0.7.RELEASE.jar:2.0.7.RELEASE]
	at org.attoparser.HtmlMarkupHandler.handleCloseElementEnd(HtmlMarkupHandler.java:412) ~[attoparser-2.0.7.RELEASE.jar:2.0.7.RELEASE]
	at org.attoparser.MarkupEventProcessorHandler.handleCloseElementEnd(MarkupEventProcessorHandler.java:473) ~[attoparser-2.0.7.RELEASE.jar:2.0.7.RELEASE]
	at org.attoparser.ParsingElementMarkupUtil.parseCloseElement(ParsingElementMarkupUtil.java:201) ~[attoparser-2.0.7.RELEASE.jar:2.0.7.RELEASE]
	at org.attoparser.MarkupParser.parseBuffer(MarkupParser.java:725) ~[attoparser-2.0.7.RELEASE.jar:2.0.7.RELEASE]
	at org.attoparser.MarkupParser.parseDocument(MarkupParser.java:301) ~[attoparser-2.0.7.RELEASE.jar:2.0.7.RELEASE]
	... 91 common frames omitted
Caused by: org.springframework.expression.spel.SpelEvaluationException: EL1008E: Property or field 'preferito' cannot be found on object of type 'com.quattromoschettieri.itineria.entities.zonaVerde.ZonaVerde' - maybe not public or not valid?
	at org.springframework.expression.spel.ast.PropertyOrFieldReference.readProperty(PropertyOrFieldReference.java:281) ~[spring-expression-7.0.8.jar:7.0.8]
	at org.springframework.expression.spel.ast.PropertyOrFieldReference.getValueInternal(PropertyOrFieldReference.java:123) ~[spring-expression-7.0.8.jar:7.0.8]
	at org.springframework.expression.spel.ast.PropertyOrFieldReference$AccessorValueRef.getValue(PropertyOrFieldReference.java:432) ~[spring-expression-7.0.8.jar:7.0.8]
	at org.springframework.expression.spel.ast.CompoundExpression.getValueInternal(CompoundExpression.java:97) ~[spring-expression-7.0.8.jar:7.0.8]
	at org.springframework.expression.spel.ast.SpelNodeImpl.getValue(SpelNodeImpl.java:114) ~[spring-expression-7.0.8.jar:7.0.8]
	at org.springframework.expression.spel.standard.SpelExpression.getValue(SpelExpression.java:330) ~[spring-expression-7.0.8.jar:7.0.8]
	at org.thymeleaf.spring6.expression.SPELVariableExpressionEvaluator.evaluate(SPELVariableExpressionEvaluator.java:275) ~[thymeleaf-spring6-3.1.5.RELEASE.jar:3.1.5.RELEASE]
	... 120 common frames omitted

2026-08-24T20:41:41.358+02:00 DEBUG 13580 --- [itineria] [http-nio-8080-exec-1] o.s.s.w.a.AnonymousAuthenticationFilter  : Set SecurityContextHolder to anonymous SecurityContext
2026-08-24T20:41:41.361+02:00 ERROR 13580 --- [itineria] [http-nio-8080-exec-1] o.a.c.c.C.[.[.[/].[dispatcherServlet]    : Servlet.service() for servlet [dispatcherServlet] in context with path [] threw exception [Request processing failed: org.thymeleaf.exceptions.TemplateInputException: An error happened during template parsing (template: "class path resource [templates/luoghi_interesse/zoneVerdi.html]")] with root cause

org.springframework.expression.spel.SpelEvaluationException: EL1008E: Property or field 'preferito' cannot be found on object of type 'com.quattromoschettieri.itineria.entities.zonaVerde.ZonaVerde' - maybe not public or not valid?
	at org.springframework.expression.spel.ast.PropertyOrFieldReference.readProperty(PropertyOrFieldReference.java:281) ~[spring-expression-7.0.8.jar:7.0.8]
	at org.springframework.expression.spel.ast.PropertyOrFieldReference.getValueInternal(PropertyOrFieldReference.java:123) ~[spring-expression-7.0.8.jar:7.0.8]
	at org.springframework.expression.spel.ast.PropertyOrFieldReference$AccessorValueRef.getValue(PropertyOrFieldReference.java:432) ~[spring-expression-7.0.8.jar:7.0.8]
	at org.springframework.expression.spel.ast.CompoundExpression.getValueInternal(CompoundExpression.java:97) ~[spring-expression-7.0.8.jar:7.0.8]
	at org.springframework.expression.spel.ast.SpelNodeImpl.getValue(SpelNodeImpl.java:114) ~[spring-expression-7.0.8.jar:7.0.8]
	at org.springframework.expression.spel.standard.SpelExpression.getValue(SpelExpression.java:330) ~[spring-expression-7.0.8.jar:7.0.8]
	at org.thymeleaf.spring6.expression.SPELVariableExpressionEvaluator.evaluate(SPELVariableExpressionEvaluator.java:275) ~[thymeleaf-spring6-3.1.5.RELEASE.jar:3.1.5.RELEASE]
	at org.thymeleaf.standard.expression.VariableExpression.executeVariableExpression(VariableExpression.java:166) ~[thymeleaf-3.1.5.RELEASE.jar:3.1.5.RELEASE]
	at org.thymeleaf.standard.expression.SimpleExpression.executeSimple(SimpleExpression.java:66) ~[thymeleaf-3.1.5.RELEASE.jar:3.1.5.RELEASE]
	at org.thymeleaf.standard.expression.Expression.execute(Expression.java:109) ~[thymeleaf-3.1.5.RELEASE.jar:3.1.5.RELEASE]
	at org.thymeleaf.standard.expression.Expression.execute(Expression.java:138) ~[thymeleaf-3.1.5.RELEASE.jar:3.1.5.RELEASE]
	at org.thymeleaf.standard.expression.ConditionalExpression.executeConditional(ConditionalExpression.java:209) ~[thymeleaf-3.1.5.RELEASE.jar:3.1.5.RELEASE]
	at org.thymeleaf.standard.expression.ComplexExpression.executeComplex(ComplexExpression.java:77) ~[thymeleaf-3.1.5.RELEASE.jar:3.1.5.RELEASE]
	at org.thymeleaf.standard.expression.Expression.execute(Expression.java:112) ~[thymeleaf-3.1.5.RELEASE.jar:3.1.5.RELEASE]
	at org.thymeleaf.standard.expression.Expression.execute(Expression.java:138) ~[thymeleaf-3.1.5.RELEASE.jar:3.1.5.RELEASE]
	at org.thymeleaf.standard.processor.AbstractStandardExpressionAttributeTagProcessor.doProcess(AbstractStandardExpressionAttributeTagProcessor.java:144) ~[thymeleaf-3.1.5.RELEASE.jar:3.1.5.RELEASE]
	at org.thymeleaf.processor.element.AbstractAttributeTagProcessor.doProcess(AbstractAttributeTagProcessor.java:74) ~[thymeleaf-3.1.5.RELEASE.jar:3.1.5.RELEASE]
	at org.thymeleaf.processor.element.AbstractElementTagProcessor.process(AbstractElementTagProcessor.java:95) ~[thymeleaf-3.1.5.RELEASE.jar:3.1.5.RELEASE]
	at org.thymeleaf.util.ProcessorConfigurationUtils$ElementTagProcessorWrapper.process(ProcessorConfigurationUtils.java:633) ~[thymeleaf-3.1.5.RELEASE.jar:3.1.5.RELEASE]
	at org.thymeleaf.engine.ProcessorTemplateHandler.handleOpenElement(ProcessorTemplateHandler.java:1314) ~[thymeleaf-3.1.5.RELEASE.jar:3.1.5.RELEASE]
	at org.thymeleaf.engine.OpenElementTag.beHandled(OpenElementTag.java:205) ~[thymeleaf-3.1.5.RELEASE.jar:3.1.5.RELEASE]
	at org.thymeleaf.engine.Model.process(Model.java:282) ~[thymeleaf-3.1.5.RELEASE.jar:3.1.5.RELEASE]
	at org.thymeleaf.engine.Model.process(Model.java:290) ~[thymeleaf-3.1.5.RELEASE.jar:3.1.5.RELEASE]
	at org.thymeleaf.engine.IteratedGatheringModelProcessable.processIterationModel(IteratedGatheringModelProcessable.java:368) ~[thymeleaf-3.1.5.RELEASE.jar:3.1.5.RELEASE]
	at org.thymeleaf.engine.IteratedGatheringModelProcessable.process(IteratedGatheringModelProcessable.java:222) ~[thymeleaf-3.1.5.RELEASE.jar:3.1.5.RELEASE]
	at org.thymeleaf.engine.ProcessorTemplateHandler.handleCloseElement(ProcessorTemplateHandler.java:1640) ~[thymeleaf-3.1.5.RELEASE.jar:3.1.5.RELEASE]
	at org.thymeleaf.engine.TemplateHandlerAdapterMarkupHandler.handleCloseElementEnd(TemplateHandlerAdapterMarkupHandler.java:388) ~[thymeleaf-3.1.5.RELEASE.jar:3.1.5.RELEASE]
	at org.thymeleaf.templateparser.markup.InlinedOutputExpressionMarkupHandler$InlineMarkupAdapterPreProcessorHandler.handleCloseElementEnd(InlinedOutputExpressionMarkupHandler.java:322) ~[thymeleaf-3.1.5.RELEASE.jar:3.1.5.RELEASE]
	at org.thymeleaf.standard.inline.OutputExpressionInlinePreProcessorHandler.handleCloseElementEnd(OutputExpressionInlinePreProcessorHandler.java:220) ~[thymeleaf-3.1.5.RELEASE.jar:3.1.5.RELEASE]
	at org.thymeleaf.templateparser.markup.InlinedOutputExpressionMarkupHandler.handleCloseElementEnd(InlinedOutputExpressionMarkupHandler.java:164) ~[thymeleaf-3.1.5.RELEASE.jar:3.1.5.RELEASE]
	at org.attoparser.HtmlElement.handleCloseElementEnd(HtmlElement.java:169) ~[attoparser-2.0.7.RELEASE.jar:2.0.7.RELEASE]
	at org.attoparser.HtmlMarkupHandler.handleCloseElementEnd(HtmlMarkupHandler.java:412) ~[attoparser-2.0.7.RELEASE.jar:2.0.7.RELEASE]
	at org.attoparser.MarkupEventProcessorHandler.handleCloseElementEnd(MarkupEventProcessorHandler.java:473) ~[attoparser-2.0.7.RELEASE.jar:2.0.7.RELEASE]
	at org.attoparser.ParsingElementMarkupUtil.parseCloseElement(ParsingElementMarkupUtil.java:201) ~[attoparser-2.0.7.RELEASE.jar:2.0.7.RELEASE]
	at org.attoparser.MarkupParser.parseBuffer(MarkupParser.java:725) ~[attoparser-2.0.7.RELEASE.jar:2.0.7.RELEASE]
	at org.attoparser.MarkupParser.parseDocument(MarkupParser.java:301) ~[attoparser-2.0.7.RELEASE.jar:2.0.7.RELEASE]
	at org.attoparser.MarkupParser.parse(MarkupParser.java:257) ~[attoparser-2.0.7.RELEASE.jar:2.0.7.RELEASE]
	at org.thymeleaf.templateparser.markup.AbstractMarkupTemplateParser.parse(AbstractMarkupTemplateParser.java:230) ~[thymeleaf-3.1.5.RELEASE.jar:3.1.5.RELEASE]
	at org.thymeleaf.templateparser.markup.AbstractMarkupTemplateParser.parseStandalone(AbstractMarkupTemplateParser.java:100) ~[thymeleaf-3.1.5.RELEASE.jar:3.1.5.RELEASE]
	at org.thymeleaf.engine.TemplateManager.parseAndProcess(TemplateManager.java:666) ~[thymeleaf-3.1.5.RELEASE.jar:3.1.5.RELEASE]
	at org.thymeleaf.TemplateEngine.process(TemplateEngine.java:1103) ~[thymeleaf-3.1.5.RELEASE.jar:3.1.5.RELEASE]
	at org.thymeleaf.TemplateEngine.process(TemplateEngine.java:1077) ~[thymeleaf-3.1.5.RELEASE.jar:3.1.5.RELEASE]
	at org.thymeleaf.spring6.view.ThymeleafView.renderFragment(ThymeleafView.java:374) ~[thymeleaf-spring6-3.1.5.RELEASE.jar:3.1.5.RELEASE]
	at org.thymeleaf.spring6.view.ThymeleafView.render(ThymeleafView.java:193) ~[thymeleaf-spring6-3.1.5.RELEASE.jar:3.1.5.RELEASE]
	at org.springframework.web.servlet.DispatcherServlet.render(DispatcherServlet.java:1305) ~[spring-webmvc-7.0.8.jar:7.0.8]
	at org.springframework.web.servlet.DispatcherServlet.processDispatchResult(DispatcherServlet.java:1042) ~[spring-webmvc-7.0.8.jar:7.0.8]
	at org.springframework.web.servlet.DispatcherServlet.doDispatch(DispatcherServlet.java:980) ~[spring-webmvc-7.0.8.jar:7.0.8]
	at org.springframework.web.servlet.DispatcherServlet.doService(DispatcherServlet.java:866) ~[spring-webmvc-7.0.8.jar:7.0.8]
	at org.springframework.web.servlet.FrameworkServlet.processRequest(FrameworkServlet.java:1000) ~[spring-webmvc-7.0.8.jar:7.0.8]
	at org.springframework.web.servlet.FrameworkServlet.doGet(FrameworkServlet.java:892) ~[spring-webmvc-7.0.8.jar:7.0.8]
	at jakarta.servlet.http.HttpServlet.service(HttpServlet.java:622) ~[tomcat-embed-core-11.0.22.jar:6.1]
	at org.springframework.web.servlet.FrameworkServlet.service(FrameworkServlet.java:874) ~[spring-webmvc-7.0.8.jar:7.0.8]
	at jakarta.servlet.http.HttpServlet.service(HttpServlet.java:710) ~[tomcat-embed-core-11.0.22.jar:6.1]
	at org.apache.catalina.core.ApplicationFilterChain.doFilter(ApplicationFilterChain.java:128) ~[tomcat-embed-core-11.0.22.jar:11.0.22]
	at org.apache.tomcat.websocket.server.WsFilter.doFilter(WsFilter.java:53) ~[tomcat-embed-websocket-11.0.22.jar:11.0.22]
	at org.apache.catalina.core.ApplicationFilterChain.doFilter(ApplicationFilterChain.java:107) ~[tomcat-embed-core-11.0.22.jar:11.0.22]
	at org.springframework.web.filter.CompositeFilter$VirtualFilterChain.doFilter(CompositeFilter.java:108) ~[spring-web-7.0.8.jar:7.0.8]
	at org.springframework.security.web.FilterChainProxy.lambda$doFilterInternal$2(FilterChainProxy.java:235) ~[spring-security-web-7.1.0.jar:7.1.0]
	at org.springframework.security.web.FilterChainProxy$VirtualFilterChain.doFilter(FilterChainProxy.java:376) ~[spring-security-web-7.1.0.jar:7.1.0]
	at org.springframework.security.web.access.intercept.AuthorizationFilter.doFilter(AuthorizationFilter.java:101) ~[spring-security-web-7.1.0.jar:7.1.0]
	at org.springframework.security.web.FilterChainProxy$VirtualFilterChain.doFilter(FilterChainProxy.java:385) ~[spring-security-web-7.1.0.jar:7.1.0]
	at org.springframework.security.web.access.ExceptionTranslationFilter.doFilter(ExceptionTranslationFilter.java:126) ~[spring-security-web-7.1.0.jar:7.1.0]
	at org.springframework.security.web.access.ExceptionTranslationFilter.doFilter(ExceptionTranslationFilter.java:120) ~[spring-security-web-7.1.0.jar:7.1.0]
	at org.springframework.security.web.FilterChainProxy$VirtualFilterChain.doFilter(FilterChainProxy.java:385) ~[spring-security-web-7.1.0.jar:7.1.0]
	at org.springframework.security.web.authentication.AnonymousAuthenticationFilter.doFilter(AnonymousAuthenticationFilter.java:100) ~[spring-security-web-7.1.0.jar:7.1.0]
	at org.springframework.security.web.FilterChainProxy$VirtualFilterChain.doFilter(FilterChainProxy.java:385) ~[spring-security-web-7.1.0.jar:7.1.0]
	at org.springframework.security.web.servletapi.SecurityContextHolderAwareRequestFilter.doFilter(SecurityContextHolderAwareRequestFilter.java:181) ~[spring-security-web-7.1.0.jar:7.1.0]
	at org.springframework.security.web.FilterChainProxy$VirtualFilterChain.doFilter(FilterChainProxy.java:385) ~[spring-security-web-7.1.0.jar:7.1.0]
	at org.springframework.security.web.savedrequest.RequestCacheAwareFilter.doFilter(RequestCacheAwareFilter.java:63) ~[spring-security-web-7.1.0.jar:7.1.0]
	at org.springframework.security.web.FilterChainProxy$VirtualFilterChain.doFilter(FilterChainProxy.java:385) ~[spring-security-web-7.1.0.jar:7.1.0]
	at org.springframework.security.web.authentication.AbstractAuthenticationProcessingFilter.doFilter(AbstractAuthenticationProcessingFilter.java:245) ~[spring-security-web-7.1.0.jar:7.1.0]
	at org.springframework.security.web.authentication.AbstractAuthenticationProcessingFilter.doFilter(AbstractAuthenticationProcessingFilter.java:239) ~[spring-security-web-7.1.0.jar:7.1.0]
	at org.springframework.security.web.FilterChainProxy$VirtualFilterChain.doFilter(FilterChainProxy.java:385) ~[spring-security-web-7.1.0.jar:7.1.0]
	at org.springframework.security.web.authentication.logout.LogoutFilter.doFilter(LogoutFilter.java:110) ~[spring-security-web-7.1.0.jar:7.1.0]
	at org.springframework.security.web.authentication.logout.LogoutFilter.doFilter(LogoutFilter.java:96) ~[spring-security-web-7.1.0.jar:7.1.0]
	at org.springframework.security.web.FilterChainProxy$VirtualFilterChain.doFilter(FilterChainProxy.java:385) ~[spring-security-web-7.1.0.jar:7.1.0]
	at org.springframework.security.web.csrf.CsrfFilter.doFilterInternal(CsrfFilter.java:118) ~[spring-security-web-7.1.0.jar:7.1.0]
	at org.springframework.web.filter.OncePerRequestFilter.doFilter(OncePerRequestFilter.java:116) ~[spring-web-7.0.8.jar:7.0.8]
	at org.springframework.security.web.FilterChainProxy$VirtualFilterChain.doFilter(FilterChainProxy.java:385) ~[spring-security-web-7.1.0.jar:7.1.0]
	at org.springframework.security.web.header.HeaderWriterFilter.doHeadersAfter(HeaderWriterFilter.java:90) ~[spring-security-web-7.1.0.jar:7.1.0]
	at org.springframework.security.web.header.HeaderWriterFilter.doFilterInternal(HeaderWriterFilter.java:75) ~[spring-security-web-7.1.0.jar:7.1.0]
	at org.springframework.web.filter.OncePerRequestFilter.doFilter(OncePerRequestFilter.java:116) ~[spring-web-7.0.8.jar:7.0.8]
	at org.springframework.security.web.FilterChainProxy$VirtualFilterChain.doFilter(FilterChainProxy.java:385) ~[spring-security-web-7.1.0.jar:7.1.0]
	at org.springframework.security.web.context.SecurityContextHolderFilter.doFilter(SecurityContextHolderFilter.java:82) ~[spring-security-web-7.1.0.jar:7.1.0]
	at org.springframework.security.web.context.SecurityContextHolderFilter.doFilter(SecurityContextHolderFilter.java:69) ~[spring-security-web-7.1.0.jar:7.1.0]
	at org.springframework.security.web.FilterChainProxy$VirtualFilterChain.doFilter(FilterChainProxy.java:385) ~[spring-security-web-7.1.0.jar:7.1.0]
	at org.springframework.security.web.context.request.async.WebAsyncManagerIntegrationFilter.doFilterInternal(WebAsyncManagerIntegrationFilter.java:62) ~[spring-security-web-7.1.0.jar:7.1.0]
	at org.springframework.web.filter.OncePerRequestFilter.doFilter(OncePerRequestFilter.java:116) ~[spring-web-7.0.8.jar:7.0.8]
	at org.springframework.security.web.FilterChainProxy$VirtualFilterChain.doFilter(FilterChainProxy.java:385) ~[spring-security-web-7.1.0.jar:7.1.0]
	at org.springframework.security.web.session.DisableEncodeUrlFilter.doFilterInternal(DisableEncodeUrlFilter.java:42) ~[spring-security-web-7.1.0.jar:7.1.0]
	at org.springframework.web.filter.OncePerRequestFilter.doFilter(OncePerRequestFilter.java:116) ~[spring-web-7.0.8.jar:7.0.8]
	at org.springframework.security.web.FilterChainProxy$VirtualFilterChain.doFilter(FilterChainProxy.java:385) ~[spring-security-web-7.1.0.jar:7.1.0]
	at org.springframework.security.web.FilterChainProxy.doFilterInternal(FilterChainProxy.java:237) ~[spring-security-web-7.1.0.jar:7.1.0]
	at org.springframework.security.web.FilterChainProxy.doFilter(FilterChainProxy.java:195) ~[spring-security-web-7.1.0.jar:7.1.0]
	at org.springframework.web.filter.CompositeFilter$VirtualFilterChain.doFilter(CompositeFilter.java:113) ~[spring-web-7.0.8.jar:7.0.8]
	at org.springframework.web.filter.ServletRequestPathFilter.doFilter(ServletRequestPathFilter.java:52) ~[spring-web-7.0.8.jar:7.0.8]
	at org.springframework.web.filter.CompositeFilter$VirtualFilterChain.doFilter(CompositeFilter.java:113) ~[spring-web-7.0.8.jar:7.0.8]
	at org.springframework.web.filter.CompositeFilter.doFilter(CompositeFilter.java:74) ~[spring-web-7.0.8.jar:7.0.8]
	at org.springframework.security.config.annotation.web.configuration.WebSecurityConfiguration$CompositeFilterChainProxy.doFilter(WebSecurityConfiguration.java:317) ~[spring-security-config-7.1.0.jar:7.1.0]
	at org.springframework.web.filter.DelegatingFilterProxy.invokeDelegate(DelegatingFilterProxy.java:355) ~[spring-web-7.0.8.jar:7.0.8]
	at org.springframework.web.filter.DelegatingFilterProxy.doFilter(DelegatingFilterProxy.java:272) ~[spring-web-7.0.8.jar:7.0.8]
	at org.apache.catalina.core.ApplicationFilterChain.doFilter(ApplicationFilterChain.java:107) ~[tomcat-embed-core-11.0.22.jar:11.0.22]
	at org.springframework.web.filter.RequestContextFilter.doFilterInternal(RequestContextFilter.java:100) ~[spring-web-7.0.8.jar:7.0.8]
	at org.springframework.web.filter.OncePerRequestFilter.doFilter(OncePerRequestFilter.java:116) ~[spring-web-7.0.8.jar:7.0.8]
	at org.apache.catalina.core.ApplicationFilterChain.doFilter(ApplicationFilterChain.java:107) ~[tomcat-embed-core-11.0.22.jar:11.0.22]
	at org.springframework.web.filter.FormContentFilter.doFilterInternal(FormContentFilter.java:93) ~[spring-web-7.0.8.jar:7.0.8]
	at org.springframework.web.filter.OncePerRequestFilter.doFilter(OncePerRequestFilter.java:116) ~[spring-web-7.0.8.jar:7.0.8]
	at org.apache.catalina.core.ApplicationFilterChain.doFilter(ApplicationFilterChain.java:107) ~[tomcat-embed-core-11.0.22.jar:11.0.22]
	at org.springframework.web.filter.CharacterEncodingFilter.doFilterInternal(CharacterEncodingFilter.java:199) ~[spring-web-7.0.8.jar:7.0.8]
	at org.springframework.web.filter.OncePerRequestFilter.doFilter(OncePerRequestFilter.java:116) ~[spring-web-7.0.8.jar:7.0.8]
	at org.apache.catalina.core.ApplicationFilterChain.doFilter(ApplicationFilterChain.java:107) ~[tomcat-embed-core-11.0.22.jar:11.0.22]
	at org.apache.catalina.core.StandardWrapperValve.invoke(StandardWrapperValve.java:165) ~[tomcat-embed-core-11.0.22.jar:11.0.22]
	at org.apache.catalina.core.StandardContextValve.invoke(StandardContextValve.java:77) ~[tomcat-embed-core-11.0.22.jar:11.0.22]
	at org.apache.catalina.authenticator.AuthenticatorBase.invoke(AuthenticatorBase.java:492) ~[tomcat-embed-core-11.0.22.jar:11.0.22]
	at org.apache.catalina.core.StandardHostValve.invoke(StandardHostValve.java:113) ~[tomcat-embed-core-11.0.22.jar:11.0.22]
	at org.apache.catalina.valves.ErrorReportValve.invoke(ErrorReportValve.java:83) ~[tomcat-embed-core-11.0.22.jar:11.0.22]
	at org.apache.catalina.core.StandardEngineValve.invoke(StandardEngineValve.java:72) ~[tomcat-embed-core-11.0.22.jar:11.0.22]
	at org.apache.catalina.connector.CoyoteAdapter.service(CoyoteAdapter.java:341) ~[tomcat-embed-core-11.0.22.jar:11.0.22]
	at org.apache.coyote.http11.Http11Processor.service(Http11Processor.java:397) ~[tomcat-embed-core-11.0.22.jar:11.0.22]
	at org.apache.coyote.AbstractProcessorLight.process(AbstractProcessorLight.java:63) ~[tomcat-embed-core-11.0.22.jar:11.0.22]
	at org.apache.coyote.AbstractProtocol$ConnectionHandler.process(AbstractProtocol.java:1272) ~[tomcat-embed-core-11.0.22.jar:11.0.22]
	at org.apache.tomcat.util.net.NioEndpoint$SocketProcessor.doRun(NioEndpoint.java:1801) ~[tomcat-embed-core-11.0.22.jar:11.0.22]
	at org.apache.tomcat.util.net.SocketProcessorBase.run(SocketProcessorBase.java:52) ~[tomcat-embed-core-11.0.22.jar:11.0.22]
	at org.apache.tomcat.util.threads.ThreadPoolExecutor.runWorker(ThreadPoolExecutor.java:946) ~[tomcat-embed-core-11.0.22.jar:11.0.22]
	at org.apache.tomcat.util.threads.ThreadPoolExecutor$Worker.run(ThreadPoolExecutor.java:480) ~[tomcat-embed-core-11.0.22.jar:11.0.22]
	at org.apache.tomcat.util.threads.TaskThread$WrappingRunnable.run(TaskThread.java:57) ~[tomcat-embed-core-11.0.22.jar:11.0.22]
	at java.base/java.lang.Thread.run(Unknown Source) ~[na:na]

2026-08-24T20:41:41.389+02:00 DEBUG 13580 --- [itineria] [http-nio-8080-exec-1] o.s.security.web.FilterChainProxy        : Securing GET /error
2026-08-24T20:41:41.390+02:00 DEBUG 13580 --- [itineria] [http-nio-8080-exec-1] o.s.security.web.FilterChainProxy        : Secured GET /error
2026-08-24T20:41:41.425+02:00 DEBUG 13580 --- [itineria] [http-nio-8080-exec-1] o.s.s.w.a.AnonymousAuthenticationFilter  : Set SecurityContextHolder to anonymous SecurityContext
2026-08-24T20:51:11.932+02:00  INFO 7756 --- [itineria] [restartedMain] c.q.itineria.ItineriaApplication         : Starting ItineriaApplication using Java 21.0.11 with PID 7756 (D:\Sette Maria Agnese Computer\VisualStudioCode\itineria\target\classes started by sette in D:\Sette Maria Agnese Computer\VisualStudioCode\itineria)
2026-08-24T20:51:14.783+02:00  INFO 7756 --- [itineria] [restartedMain] c.q.itineria.ItineriaApplication         : No active profile set, falling back to 1 default profile: "default"
2026-08-24T20:51:14.826+02:00  INFO 7756 --- [itineria] [restartedMain] .e.DevToolsPropertyDefaultsPostProcessor : Devtools property defaults active! Set 'spring.devtools.add-properties' to 'false' to disable
2026-08-24T20:51:14.826+02:00  INFO 7756 --- [itineria] [restartedMain] .e.DevToolsPropertyDefaultsPostProcessor : For additional web related logging consider setting the 'logging.level.web' property to 'DEBUG'
2026-08-24T20:51:15.489+02:00  INFO 7756 --- [itineria] [restartedMain] .s.d.r.c.RepositoryConfigurationDelegate : Bootstrapping Spring Data JPA repositories in DEFAULT mode.
2026-08-24T20:51:15.576+02:00  INFO 7756 --- [itineria] [restartedMain] .s.d.r.c.RepositoryConfigurationDelegate : Finished Spring Data repository scanning in 77 ms. Found 12 JPA repository interfaces.
2026-08-24T20:51:16.406+02:00  INFO 7756 --- [itineria] [restartedMain] o.s.boot.tomcat.TomcatWebServer          : Tomcat initialized with port 8080 (http)
2026-08-24T20:51:16.437+02:00  INFO 7756 --- [itineria] [restartedMain] o.apache.catalina.core.StandardService   : Starting service [Tomcat]
2026-08-24T20:51:16.443+02:00  INFO 7756 --- [itineria] [restartedMain] o.apache.catalina.core.StandardEngine    : Starting Servlet engine: [Apache Tomcat/11.0.22]
2026-08-24T20:51:16.518+02:00  INFO 7756 --- [itineria] [restartedMain] b.w.c.s.WebApplicationContextInitializer : Root WebApplicationContext: initialization completed in 1692 ms
2026-08-24T20:51:16.854+02:00  INFO 7756 --- [itineria] [restartedMain] com.zaxxer.hikari.HikariDataSource       : HikariPool-1 - Starting...
2026-08-24T20:51:17.059+02:00  INFO 7756 --- [itineria] [restartedMain] com.zaxxer.hikari.pool.HikariPool        : HikariPool-1 - Added connection com.mysql.cj.jdbc.ConnectionImpl@5cbd5bbc
2026-08-24T20:51:17.059+02:00  INFO 7756 --- [itineria] [restartedMain] com.zaxxer.hikari.HikariDataSource       : HikariPool-1 - Start completed.
2026-08-24T20:51:17.111+02:00  INFO 7756 --- [itineria] [restartedMain] org.flywaydb.core.FlywayExecutor         : Database: jdbc:mysql://localhost:3306/itineria?useSSL=false&serverTimezone=UTC&allowPublicKeyRetrieval=true (MySQL 8.0)
2026-08-24T20:51:17.199+02:00  INFO 7756 --- [itineria] [restartedMain] o.f.core.internal.command.DbValidate     : Successfully validated 2 migrations (execution time 00:00.035s)
2026-08-24T20:51:17.206+02:00  INFO 7756 --- [itineria] [restartedMain] o.f.core.internal.command.DbMigrate      : Current version of schema `itineria`: 2
2026-08-24T20:51:17.217+02:00  INFO 7756 --- [itineria] [restartedMain] o.f.core.internal.command.DbMigrate      : Schema `itineria` is up to date. No migration necessary.
2026-08-24T20:51:17.348+02:00  INFO 7756 --- [itineria] [restartedMain] org.hibernate.orm.jpa                    : HHH008540: Processing PersistenceUnitInfo [name: default]
2026-08-24T20:51:17.418+02:00  INFO 7756 --- [itineria] [restartedMain] org.hibernate.orm.core                   : HHH000001: Hibernate ORM core version 7.4.1.Final
2026-08-24T20:51:17.764+02:00  INFO 7756 --- [itineria] [restartedMain] o.s.o.j.p.SpringPersistenceUnitInfo      : No LoadTimeWeaver setup: ignoring JPA class transformer
2026-08-24T20:51:17.805+02:00  WARN 7756 --- [itineria] [restartedMain] org.hibernate.orm.deprecation            : HHH90000025: MySQLDialect does not need to be specified explicitly using 'hibernate.dialect' (remove the property setting and it will be selected by default)
2026-08-24T20:51:17.821+02:00  INFO 7756 --- [itineria] [restartedMain] org.hibernate.orm.connections.pooling    : HHH10001005: Database info:
	Database JDBC URL [jdbc:mysql://localhost:3306/itineria?useSSL=false&serverTimezone=UTC&allowPublicKeyRetrieval=true]
	Database driver: MySQL Connector/J
	Database dialect: MySQLDialect
	Database version: 8.0.46
	Default catalog/schema: itineria/undefined
	Autocommit mode: undefined/unknown
	Isolation level: REPEATABLE_READ [default REPEATABLE_READ]
	JDBC fetch size: none
	Pool: DataSourceConnectionProvider
	Minimum pool size: undefined/unknown
	Maximum pool size: undefined/unknown
2026-08-24T20:51:18.916+02:00  INFO 7756 --- [itineria] [restartedMain] org.hibernate.orm.core                   : HHH000489: No JTA platform available (set 'hibernate.transaction.jta.platform' to enable JTA platform integration)
2026-08-24T20:51:18.956+02:00  INFO 7756 --- [itineria] [restartedMain] j.LocalContainerEntityManagerFactoryBean : Initialized JPA EntityManagerFactory for persistence unit 'default'
2026-08-24T20:51:19.046+02:00  INFO 7756 --- [itineria] [restartedMain] o.s.d.j.r.query.QueryEnhancerFactories   : Hibernate is in classpath; If applicable, HQL parser will be used.
2026-08-24T20:51:20.043+02:00  WARN 7756 --- [itineria] [restartedMain] JpaBaseConfiguration$JpaWebConfiguration : spring.jpa.open-in-view is enabled by default. Therefore, database queries may be performed during view rendering. Explicitly configure spring.jpa.open-in-view to disable this warning
2026-08-24T20:51:20.148+02:00  INFO 7756 --- [itineria] [restartedMain] r$InitializeUserDetailsManagerConfigurer : Global AuthenticationManager configured with UserDetailsService bean with name customerUserDetailsService
2026-08-24T20:51:20.326+02:00 DEBUG 7756 --- [itineria] [restartedMain] o.s.s.web.DefaultSecurityFilterChain     : Will secure any request with filters: DisableEncodeUrlFilter, WebAsyncManagerIntegrationFilter, SecurityContextHolderFilter, HeaderWriterFilter, CsrfFilter, LogoutFilter, UsernamePasswordAuthenticationFilter, RequestCacheAwareFilter, SecurityContextHolderAwareRequestFilter, AnonymousAuthenticationFilter, ExceptionTranslationFilter, AuthorizationFilter
2026-08-24T20:51:20.376+02:00  INFO 7756 --- [itineria] [restartedMain] o.s.b.w.a.WelcomePageHandlerMapping      : Adding welcome page template: index
2026-08-24T20:51:20.808+02:00  INFO 7756 --- [itineria] [restartedMain] o.s.boot.tomcat.TomcatWebServer          : Tomcat started on port 8080 (http) with context path '/'
2026-08-24T20:51:20.814+02:00  INFO 7756 --- [itineria] [restartedMain] c.q.itineria.ItineriaApplication         : Started ItineriaApplication in 9.37 seconds (process running for 9.825)
2026-08-24T20:51:26.215+02:00  INFO 7756 --- [itineria] [http-nio-8080-exec-2] o.a.c.c.C.[Tomcat].[localhost].[/]       : Initializing Spring DispatcherServlet 'dispatcherServlet'
2026-08-24T20:51:26.216+02:00  INFO 7756 --- [itineria] [http-nio-8080-exec-2] o.s.web.servlet.DispatcherServlet        : Initializing Servlet 'dispatcherServlet'
2026-08-24T20:51:26.216+02:00  INFO 7756 --- [itineria] [http-nio-8080-exec-2] o.s.web.servlet.DispatcherServlet        : Completed initialization in 0 ms
2026-08-24T20:51:26.251+02:00 DEBUG 7756 --- [itineria] [http-nio-8080-exec-2] o.s.security.web.FilterChainProxy        : Securing GET /zoneVerdi
2026-08-24T20:51:26.270+02:00 DEBUG 7756 --- [itineria] [http-nio-8080-exec-2] o.s.security.web.FilterChainProxy        : Secured GET /zoneVerdi
2026-08-24T20:51:26.486+02:00 DEBUG 7756 --- [itineria] [http-nio-8080-exec-2] org.hibernate.SQL                        : 
    select
        zv1_0.id,
        zv1_1.accessibilita,
        zv1_1.id_citta,
        zv1_1.created_at,
        zv1_1.descrizione,
        zv1_1.email,
        zv1_1.indirizzo,
        zv1_1.link_sito,
        zv1_1.id_manager,
        zv1_1.nome,
        zv1_1.numero_telefono,
        zv1_1.sempre_aperto,
        zv1_1.tipo,
        zv1_1.updated_at,
        zv1_1.version,
        zv1_0.area_mq,
        zv1_0.ciclabile,
        zv1_0.dog_friendly,
        zv1_0.ristoro,
        zv1_0.tipologia 
    from
        zone_verdi zv1_0 
    join
        luoghi_interesse zv1_1 
            on zv1_0.id=zv1_1.id 
    limit
        ?, ?
2026-08-24T20:51:26.486+02:00 TRACE 7756 --- [itineria] [http-nio-8080-exec-2] org.hibernate.orm.jdbc.bind              : binding parameter (1:INTEGER) <- [0]
2026-08-24T20:51:26.486+02:00 TRACE 7756 --- [itineria] [http-nio-8080-exec-2] org.hibernate.orm.jdbc.bind              : binding parameter (2:INTEGER) <- [20]
2026-08-24T20:51:26.538+02:00 DEBUG 7756 --- [itineria] [http-nio-8080-exec-2] org.hibernate.SQL                        : 
    select
        c1_0.id,
        c1_0.created_at,
        c1_0.descrizione,
        c1_0.nome,
        c1_0.regione,
        c1_0.updated_at,
        c1_0.version 
    from
        citta c1_0 
    where
        c1_0.id=?
2026-08-24T20:51:26.539+02:00 TRACE 7756 --- [itineria] [http-nio-8080-exec-2] org.hibernate.orm.jdbc.bind              : binding parameter (1:BIGINT) <- [1]
2026-08-24T20:51:26.632+02:00 DEBUG 7756 --- [itineria] [http-nio-8080-exec-2] org.hibernate.SQL                        : 
    select
        zv1_0.id,
        zv1_1.accessibilita,
        zv1_1.id_citta,
        zv1_1.created_at,
        zv1_1.descrizione,
        zv1_1.email,
        zv1_1.indirizzo,
        zv1_1.link_sito,
        zv1_1.id_manager,
        zv1_1.nome,
        zv1_1.numero_telefono,
        zv1_1.sempre_aperto,
        zv1_1.tipo,
        zv1_1.updated_at,
        zv1_1.version,
        zv1_0.area_mq,
        zv1_0.ciclabile,
        zv1_0.dog_friendly,
        zv1_0.ristoro,
        zv1_0.tipologia 
    from
        zone_verdi zv1_0 
    join
        luoghi_interesse zv1_1 
            on zv1_0.id=zv1_1.id 
    where
        zv1_0.ciclabile=? 
    limit
        ?, ?
2026-08-24T20:51:26.633+02:00 TRACE 7756 --- [itineria] [http-nio-8080-exec-2] org.hibernate.orm.jdbc.bind              : binding parameter (1:BOOLEAN) <- [true]
2026-08-24T20:51:26.633+02:00 TRACE 7756 --- [itineria] [http-nio-8080-exec-2] org.hibernate.orm.jdbc.bind              : binding parameter (2:INTEGER) <- [0]
2026-08-24T20:51:26.636+02:00 TRACE 7756 --- [itineria] [http-nio-8080-exec-2] org.hibernate.orm.jdbc.bind              : binding parameter (3:INTEGER) <- [6]
2026-08-24T20:51:26.655+02:00 DEBUG 7756 --- [itineria] [http-nio-8080-exec-2] org.hibernate.SQL                        : 
    select
        zv1_0.id,
        zv1_1.accessibilita,
        zv1_1.id_citta,
        zv1_1.created_at,
        zv1_1.descrizione,
        zv1_1.email,
        zv1_1.indirizzo,
        zv1_1.link_sito,
        zv1_1.id_manager,
        zv1_1.nome,
        zv1_1.numero_telefono,
        zv1_1.sempre_aperto,
        zv1_1.tipo,
        zv1_1.updated_at,
        zv1_1.version,
        zv1_0.area_mq,
        zv1_0.ciclabile,
        zv1_0.dog_friendly,
        zv1_0.ristoro,
        zv1_0.tipologia 
    from
        zone_verdi zv1_0 
    join
        luoghi_interesse zv1_1 
            on zv1_0.id=zv1_1.id 
    where
        zv1_0.dog_friendly=? 
    limit
        ?, ?
2026-08-24T20:51:26.657+02:00 TRACE 7756 --- [itineria] [http-nio-8080-exec-2] org.hibernate.orm.jdbc.bind              : binding parameter (1:BOOLEAN) <- [true]
2026-08-24T20:51:26.658+02:00 TRACE 7756 --- [itineria] [http-nio-8080-exec-2] org.hibernate.orm.jdbc.bind              : binding parameter (2:INTEGER) <- [0]
2026-08-24T20:51:26.660+02:00 TRACE 7756 --- [itineria] [http-nio-8080-exec-2] org.hibernate.orm.jdbc.bind              : binding parameter (3:INTEGER) <- [6]
2026-08-24T20:51:26.676+02:00 DEBUG 7756 --- [itineria] [http-nio-8080-exec-2] org.hibernate.SQL                        : 
    select
        zv1_0.id,
        zv1_1.accessibilita,
        zv1_1.id_citta,
        zv1_1.created_at,
        zv1_1.descrizione,
        zv1_1.email,
        zv1_1.indirizzo,
        zv1_1.link_sito,
        zv1_1.id_manager,
        zv1_1.nome,
        zv1_1.numero_telefono,
        zv1_1.sempre_aperto,
        zv1_1.tipo,
        zv1_1.updated_at,
        zv1_1.version,
        zv1_0.area_mq,
        zv1_0.ciclabile,
        zv1_0.dog_friendly,
        zv1_0.ristoro,
        zv1_0.tipologia 
    from
        zone_verdi zv1_0 
    join
        luoghi_interesse zv1_1 
            on zv1_0.id=zv1_1.id 
    where
        zv1_0.ristoro=? 
    limit
        ?, ?
2026-08-24T20:51:26.676+02:00 TRACE 7756 --- [itineria] [http-nio-8080-exec-2] org.hibernate.orm.jdbc.bind              : binding parameter (1:BOOLEAN) <- [true]
2026-08-24T20:51:26.676+02:00 TRACE 7756 --- [itineria] [http-nio-8080-exec-2] org.hibernate.orm.jdbc.bind              : binding parameter (2:INTEGER) <- [0]
2026-08-24T20:51:26.681+02:00 TRACE 7756 --- [itineria] [http-nio-8080-exec-2] org.hibernate.orm.jdbc.bind              : binding parameter (3:INTEGER) <- [6]
2026-08-24T20:51:26.698+02:00 DEBUG 7756 --- [itineria] [http-nio-8080-exec-2] org.hibernate.SQL                        : 
    select
        zv1_0.id,
        zv1_1.accessibilita,
        zv1_1.id_citta,
        zv1_1.created_at,
        zv1_1.descrizione,
        zv1_1.email,
        zv1_1.indirizzo,
        zv1_1.link_sito,
        zv1_1.id_manager,
        zv1_1.nome,
        zv1_1.numero_telefono,
        zv1_1.sempre_aperto,
        zv1_1.tipo,
        zv1_1.updated_at,
        zv1_1.version,
        zv1_0.area_mq,
        zv1_0.ciclabile,
        zv1_0.dog_friendly,
        zv1_0.ristoro,
        zv1_0.tipologia 
    from
        zone_verdi zv1_0 
    join
        luoghi_interesse zv1_1 
            on zv1_0.id=zv1_1.id 
    where
        zv1_1.sempre_aperto=? 
    limit
        ?, ?
2026-08-24T20:51:26.702+02:00 TRACE 7756 --- [itineria] [http-nio-8080-exec-2] org.hibernate.orm.jdbc.bind              : binding parameter (1:BOOLEAN) <- [true]
2026-08-24T20:51:26.702+02:00 TRACE 7756 --- [itineria] [http-nio-8080-exec-2] org.hibernate.orm.jdbc.bind              : binding parameter (2:INTEGER) <- [0]
2026-08-24T20:51:26.702+02:00 TRACE 7756 --- [itineria] [http-nio-8080-exec-2] org.hibernate.orm.jdbc.bind              : binding parameter (3:INTEGER) <- [6]
2026-08-24T20:51:27.506+02:00 ERROR 7756 --- [itineria] [http-nio-8080-exec-2] org.thymeleaf.TemplateEngine             : [THYMELEAF][http-nio-8080-exec-2] Exception processing template "luoghi_interesse/zoneVerdi": An error happened during template parsing (template: "class path resource [templates/luoghi_interesse/zoneVerdi.html]")

org.thymeleaf.exceptions.TemplateInputException: An error happened during template parsing (template: "class path resource [templates/luoghi_interesse/zoneVerdi.html]")
	at org.thymeleaf.templateparser.markup.AbstractMarkupTemplateParser.parse(AbstractMarkupTemplateParser.java:241) ~[thymeleaf-3.1.5.RELEASE.jar:3.1.5.RELEASE]
	at org.thymeleaf.templateparser.markup.AbstractMarkupTemplateParser.parseStandalone(AbstractMarkupTemplateParser.java:100) ~[thymeleaf-3.1.5.RELEASE.jar:3.1.5.RELEASE]
	at org.thymeleaf.engine.TemplateManager.parseAndProcess(TemplateManager.java:666) ~[thymeleaf-3.1.5.RELEASE.jar:3.1.5.RELEASE]
	at org.thymeleaf.TemplateEngine.process(TemplateEngine.java:1103) ~[thymeleaf-3.1.5.RELEASE.jar:3.1.5.RELEASE]
	at org.thymeleaf.TemplateEngine.process(TemplateEngine.java:1077) ~[thymeleaf-3.1.5.RELEASE.jar:3.1.5.RELEASE]
	at org.thymeleaf.spring6.view.ThymeleafView.renderFragment(ThymeleafView.java:374) ~[thymeleaf-spring6-3.1.5.RELEASE.jar:3.1.5.RELEASE]
	at org.thymeleaf.spring6.view.ThymeleafView.render(ThymeleafView.java:193) ~[thymeleaf-spring6-3.1.5.RELEASE.jar:3.1.5.RELEASE]
	at org.springframework.web.servlet.DispatcherServlet.render(DispatcherServlet.java:1305) ~[spring-webmvc-7.0.8.jar:7.0.8]
	at org.springframework.web.servlet.DispatcherServlet.processDispatchResult(DispatcherServlet.java:1042) ~[spring-webmvc-7.0.8.jar:7.0.8]
	at org.springframework.web.servlet.DispatcherServlet.doDispatch(DispatcherServlet.java:980) ~[spring-webmvc-7.0.8.jar:7.0.8]
	at org.springframework.web.servlet.DispatcherServlet.doService(DispatcherServlet.java:866) ~[spring-webmvc-7.0.8.jar:7.0.8]
	at org.springframework.web.servlet.FrameworkServlet.processRequest(FrameworkServlet.java:1000) ~[spring-webmvc-7.0.8.jar:7.0.8]
	at org.springframework.web.servlet.FrameworkServlet.doGet(FrameworkServlet.java:892) ~[spring-webmvc-7.0.8.jar:7.0.8]
	at jakarta.servlet.http.HttpServlet.service(HttpServlet.java:622) ~[tomcat-embed-core-11.0.22.jar:6.1]
	at org.springframework.web.servlet.FrameworkServlet.service(FrameworkServlet.java:874) ~[spring-webmvc-7.0.8.jar:7.0.8]
	at jakarta.servlet.http.HttpServlet.service(HttpServlet.java:710) ~[tomcat-embed-core-11.0.22.jar:6.1]
	at org.apache.catalina.core.ApplicationFilterChain.doFilter(ApplicationFilterChain.java:128) ~[tomcat-embed-core-11.0.22.jar:11.0.22]
	at org.apache.tomcat.websocket.server.WsFilter.doFilter(WsFilter.java:53) ~[tomcat-embed-websocket-11.0.22.jar:11.0.22]
	at org.apache.catalina.core.ApplicationFilterChain.doFilter(ApplicationFilterChain.java:107) ~[tomcat-embed-core-11.0.22.jar:11.0.22]
	at org.springframework.web.filter.CompositeFilter$VirtualFilterChain.doFilter(CompositeFilter.java:108) ~[spring-web-7.0.8.jar:7.0.8]
	at org.springframework.security.web.FilterChainProxy.lambda$doFilterInternal$2(FilterChainProxy.java:235) ~[spring-security-web-7.1.0.jar:7.1.0]
	at org.springframework.security.web.FilterChainProxy$VirtualFilterChain.doFilter(FilterChainProxy.java:376) ~[spring-security-web-7.1.0.jar:7.1.0]
	at org.springframework.security.web.access.intercept.AuthorizationFilter.doFilter(AuthorizationFilter.java:101) ~[spring-security-web-7.1.0.jar:7.1.0]
	at org.springframework.security.web.FilterChainProxy$VirtualFilterChain.doFilter(FilterChainProxy.java:385) ~[spring-security-web-7.1.0.jar:7.1.0]
	at org.springframework.security.web.access.ExceptionTranslationFilter.doFilter(ExceptionTranslationFilter.java:126) ~[spring-security-web-7.1.0.jar:7.1.0]
	at org.springframework.security.web.access.ExceptionTranslationFilter.doFilter(ExceptionTranslationFilter.java:120) ~[spring-security-web-7.1.0.jar:7.1.0]
	at org.springframework.security.web.FilterChainProxy$VirtualFilterChain.doFilter(FilterChainProxy.java:385) ~[spring-security-web-7.1.0.jar:7.1.0]
	at org.springframework.security.web.authentication.AnonymousAuthenticationFilter.doFilter(AnonymousAuthenticationFilter.java:100) ~[spring-security-web-7.1.0.jar:7.1.0]
	at org.springframework.security.web.FilterChainProxy$VirtualFilterChain.doFilter(FilterChainProxy.java:385) ~[spring-security-web-7.1.0.jar:7.1.0]
	at org.springframework.security.web.servletapi.SecurityContextHolderAwareRequestFilter.doFilter(SecurityContextHolderAwareRequestFilter.java:181) ~[spring-security-web-7.1.0.jar:7.1.0]
	at org.springframework.security.web.FilterChainProxy$VirtualFilterChain.doFilter(FilterChainProxy.java:385) ~[spring-security-web-7.1.0.jar:7.1.0]
	at org.springframework.security.web.savedrequest.RequestCacheAwareFilter.doFilter(RequestCacheAwareFilter.java:63) ~[spring-security-web-7.1.0.jar:7.1.0]
	at org.springframework.security.web.FilterChainProxy$VirtualFilterChain.doFilter(FilterChainProxy.java:385) ~[spring-security-web-7.1.0.jar:7.1.0]
	at org.springframework.security.web.authentication.AbstractAuthenticationProcessingFilter.doFilter(AbstractAuthenticationProcessingFilter.java:245) ~[spring-security-web-7.1.0.jar:7.1.0]
	at org.springframework.security.web.authentication.AbstractAuthenticationProcessingFilter.doFilter(AbstractAuthenticationProcessingFilter.java:239) ~[spring-security-web-7.1.0.jar:7.1.0]
	at org.springframework.security.web.FilterChainProxy$VirtualFilterChain.doFilter(FilterChainProxy.java:385) ~[spring-security-web-7.1.0.jar:7.1.0]
	at org.springframework.security.web.authentication.logout.LogoutFilter.doFilter(LogoutFilter.java:110) ~[spring-security-web-7.1.0.jar:7.1.0]
	at org.springframework.security.web.authentication.logout.LogoutFilter.doFilter(LogoutFilter.java:96) ~[spring-security-web-7.1.0.jar:7.1.0]
	at org.springframework.security.web.FilterChainProxy$VirtualFilterChain.doFilter(FilterChainProxy.java:385) ~[spring-security-web-7.1.0.jar:7.1.0]
	at org.springframework.security.web.csrf.CsrfFilter.doFilterInternal(CsrfFilter.java:118) ~[spring-security-web-7.1.0.jar:7.1.0]
	at org.springframework.web.filter.OncePerRequestFilter.doFilter(OncePerRequestFilter.java:116) ~[spring-web-7.0.8.jar:7.0.8]
	at org.springframework.security.web.FilterChainProxy$VirtualFilterChain.doFilter(FilterChainProxy.java:385) ~[spring-security-web-7.1.0.jar:7.1.0]
	at org.springframework.security.web.header.HeaderWriterFilter.doHeadersAfter(HeaderWriterFilter.java:90) ~[spring-security-web-7.1.0.jar:7.1.0]
	at org.springframework.security.web.header.HeaderWriterFilter.doFilterInternal(HeaderWriterFilter.java:75) ~[spring-security-web-7.1.0.jar:7.1.0]
	at org.springframework.web.filter.OncePerRequestFilter.doFilter(OncePerRequestFilter.java:116) ~[spring-web-7.0.8.jar:7.0.8]
	at org.springframework.security.web.FilterChainProxy$VirtualFilterChain.doFilter(FilterChainProxy.java:385) ~[spring-security-web-7.1.0.jar:7.1.0]
	at org.springframework.security.web.context.SecurityContextHolderFilter.doFilter(SecurityContextHolderFilter.java:82) ~[spring-security-web-7.1.0.jar:7.1.0]
	at org.springframework.security.web.context.SecurityContextHolderFilter.doFilter(SecurityContextHolderFilter.java:69) ~[spring-security-web-7.1.0.jar:7.1.0]
	at org.springframework.security.web.FilterChainProxy$VirtualFilterChain.doFilter(FilterChainProxy.java:385) ~[spring-security-web-7.1.0.jar:7.1.0]
	at org.springframework.security.web.context.request.async.WebAsyncManagerIntegrationFilter.doFilterInternal(WebAsyncManagerIntegrationFilter.java:62) ~[spring-security-web-7.1.0.jar:7.1.0]
	at org.springframework.web.filter.OncePerRequestFilter.doFilter(OncePerRequestFilter.java:116) ~[spring-web-7.0.8.jar:7.0.8]
	at org.springframework.security.web.FilterChainProxy$VirtualFilterChain.doFilter(FilterChainProxy.java:385) ~[spring-security-web-7.1.0.jar:7.1.0]
	at org.springframework.security.web.session.DisableEncodeUrlFilter.doFilterInternal(DisableEncodeUrlFilter.java:42) ~[spring-security-web-7.1.0.jar:7.1.0]
	at org.springframework.web.filter.OncePerRequestFilter.doFilter(OncePerRequestFilter.java:116) ~[spring-web-7.0.8.jar:7.0.8]
	at org.springframework.security.web.FilterChainProxy$VirtualFilterChain.doFilter(FilterChainProxy.java:385) ~[spring-security-web-7.1.0.jar:7.1.0]
	at org.springframework.security.web.FilterChainProxy.doFilterInternal(FilterChainProxy.java:237) ~[spring-security-web-7.1.0.jar:7.1.0]
	at org.springframework.security.web.FilterChainProxy.doFilter(FilterChainProxy.java:195) ~[spring-security-web-7.1.0.jar:7.1.0]
	at org.springframework.web.filter.CompositeFilter$VirtualFilterChain.doFilter(CompositeFilter.java:113) ~[spring-web-7.0.8.jar:7.0.8]
	at org.springframework.web.filter.ServletRequestPathFilter.doFilter(ServletRequestPathFilter.java:52) ~[spring-web-7.0.8.jar:7.0.8]
	at org.springframework.web.filter.CompositeFilter$VirtualFilterChain.doFilter(CompositeFilter.java:113) ~[spring-web-7.0.8.jar:7.0.8]
	at org.springframework.web.filter.CompositeFilter.doFilter(CompositeFilter.java:74) ~[spring-web-7.0.8.jar:7.0.8]
	at org.springframework.security.config.annotation.web.configuration.WebSecurityConfiguration$CompositeFilterChainProxy.doFilter(WebSecurityConfiguration.java:317) ~[spring-security-config-7.1.0.jar:7.1.0]
	at org.springframework.web.filter.DelegatingFilterProxy.invokeDelegate(DelegatingFilterProxy.java:355) ~[spring-web-7.0.8.jar:7.0.8]
	at org.springframework.web.filter.DelegatingFilterProxy.doFilter(DelegatingFilterProxy.java:272) ~[spring-web-7.0.8.jar:7.0.8]
	at org.apache.catalina.core.ApplicationFilterChain.doFilter(ApplicationFilterChain.java:107) ~[tomcat-embed-core-11.0.22.jar:11.0.22]
	at org.springframework.web.filter.RequestContextFilter.doFilterInternal(RequestContextFilter.java:100) ~[spring-web-7.0.8.jar:7.0.8]
	at org.springframework.web.filter.OncePerRequestFilter.doFilter(OncePerRequestFilter.java:116) ~[spring-web-7.0.8.jar:7.0.8]
	at org.apache.catalina.core.ApplicationFilterChain.doFilter(ApplicationFilterChain.java:107) ~[tomcat-embed-core-11.0.22.jar:11.0.22]
	at org.springframework.web.filter.FormContentFilter.doFilterInternal(FormContentFilter.java:93) ~[spring-web-7.0.8.jar:7.0.8]
	at org.springframework.web.filter.OncePerRequestFilter.doFilter(OncePerRequestFilter.java:116) ~[spring-web-7.0.8.jar:7.0.8]
	at org.apache.catalina.core.ApplicationFilterChain.doFilter(ApplicationFilterChain.java:107) ~[tomcat-embed-core-11.0.22.jar:11.0.22]
	at org.springframework.web.filter.CharacterEncodingFilter.doFilterInternal(CharacterEncodingFilter.java:199) ~[spring-web-7.0.8.jar:7.0.8]
	at org.springframework.web.filter.OncePerRequestFilter.doFilter(OncePerRequestFilter.java:116) ~[spring-web-7.0.8.jar:7.0.8]
	at org.apache.catalina.core.ApplicationFilterChain.doFilter(ApplicationFilterChain.java:107) ~[tomcat-embed-core-11.0.22.jar:11.0.22]
	at org.apache.catalina.core.StandardWrapperValve.invoke(StandardWrapperValve.java:165) ~[tomcat-embed-core-11.0.22.jar:11.0.22]
	at org.apache.catalina.core.StandardContextValve.invoke(StandardContextValve.java:77) ~[tomcat-embed-core-11.0.22.jar:11.0.22]
	at org.apache.catalina.authenticator.AuthenticatorBase.invoke(AuthenticatorBase.java:492) ~[tomcat-embed-core-11.0.22.jar:11.0.22]
	at org.apache.catalina.core.StandardHostValve.invoke(StandardHostValve.java:113) ~[tomcat-embed-core-11.0.22.jar:11.0.22]
	at org.apache.catalina.valves.ErrorReportValve.invoke(ErrorReportValve.java:83) ~[tomcat-embed-core-11.0.22.jar:11.0.22]
	at org.apache.catalina.core.StandardEngineValve.invoke(StandardEngineValve.java:72) ~[tomcat-embed-core-11.0.22.jar:11.0.22]
	at org.apache.catalina.connector.CoyoteAdapter.service(CoyoteAdapter.java:341) ~[tomcat-embed-core-11.0.22.jar:11.0.22]
	at org.apache.coyote.http11.Http11Processor.service(Http11Processor.java:397) ~[tomcat-embed-core-11.0.22.jar:11.0.22]
	at org.apache.coyote.AbstractProcessorLight.process(AbstractProcessorLight.java:63) ~[tomcat-embed-core-11.0.22.jar:11.0.22]
	at org.apache.coyote.AbstractProtocol$ConnectionHandler.process(AbstractProtocol.java:1272) ~[tomcat-embed-core-11.0.22.jar:11.0.22]
	at org.apache.tomcat.util.net.NioEndpoint$SocketProcessor.doRun(NioEndpoint.java:1801) ~[tomcat-embed-core-11.0.22.jar:11.0.22]
	at org.apache.tomcat.util.net.SocketProcessorBase.run(SocketProcessorBase.java:52) ~[tomcat-embed-core-11.0.22.jar:11.0.22]
	at org.apache.tomcat.util.threads.ThreadPoolExecutor.runWorker(ThreadPoolExecutor.java:946) ~[tomcat-embed-core-11.0.22.jar:11.0.22]
	at org.apache.tomcat.util.threads.ThreadPoolExecutor$Worker.run(ThreadPoolExecutor.java:480) ~[tomcat-embed-core-11.0.22.jar:11.0.22]
	at org.apache.tomcat.util.threads.TaskThread$WrappingRunnable.run(TaskThread.java:57) ~[tomcat-embed-core-11.0.22.jar:11.0.22]
	at java.base/java.lang.Thread.run(Unknown Source) ~[na:na]
Caused by: org.attoparser.ParseException: Exception evaluating SpringEL expression: "parco.preferito" (template: "luoghi_interesse/zoneVerdi" - line 123, col 10)
	at org.attoparser.MarkupParser.parseDocument(MarkupParser.java:393) ~[attoparser-2.0.7.RELEASE.jar:2.0.7.RELEASE]
	at org.attoparser.MarkupParser.parse(MarkupParser.java:257) ~[attoparser-2.0.7.RELEASE.jar:2.0.7.RELEASE]
	at org.thymeleaf.templateparser.markup.AbstractMarkupTemplateParser.parse(AbstractMarkupTemplateParser.java:230) ~[thymeleaf-3.1.5.RELEASE.jar:3.1.5.RELEASE]
	... 89 common frames omitted
Caused by: org.thymeleaf.exceptions.TemplateProcessingException: Exception evaluating SpringEL expression: "parco.preferito" (template: "luoghi_interesse/zoneVerdi" - line 123, col 10)
	at org.thymeleaf.spring6.expression.SPELVariableExpressionEvaluator.evaluate(SPELVariableExpressionEvaluator.java:302) ~[thymeleaf-spring6-3.1.5.RELEASE.jar:3.1.5.RELEASE]
	at org.thymeleaf.standard.expression.VariableExpression.executeVariableExpression(VariableExpression.java:166) ~[thymeleaf-3.1.5.RELEASE.jar:3.1.5.RELEASE]
	at org.thymeleaf.standard.expression.SimpleExpression.executeSimple(SimpleExpression.java:66) ~[thymeleaf-3.1.5.RELEASE.jar:3.1.5.RELEASE]
	at org.thymeleaf.standard.expression.Expression.execute(Expression.java:109) ~[thymeleaf-3.1.5.RELEASE.jar:3.1.5.RELEASE]
	at org.thymeleaf.standard.expression.Expression.execute(Expression.java:138) ~[thymeleaf-3.1.5.RELEASE.jar:3.1.5.RELEASE]
	at org.thymeleaf.standard.expression.ConditionalExpression.executeConditional(ConditionalExpression.java:209) ~[thymeleaf-3.1.5.RELEASE.jar:3.1.5.RELEASE]
	at org.thymeleaf.standard.expression.ComplexExpression.executeComplex(ComplexExpression.java:77) ~[thymeleaf-3.1.5.RELEASE.jar:3.1.5.RELEASE]
	at org.thymeleaf.standard.expression.Expression.execute(Expression.java:112) ~[thymeleaf-3.1.5.RELEASE.jar:3.1.5.RELEASE]
	at org.thymeleaf.standard.expression.Expression.execute(Expression.java:138) ~[thymeleaf-3.1.5.RELEASE.jar:3.1.5.RELEASE]
	at org.thymeleaf.standard.processor.AbstractStandardExpressionAttributeTagProcessor.doProcess(AbstractStandardExpressionAttributeTagProcessor.java:144) ~[thymeleaf-3.1.5.RELEASE.jar:3.1.5.RELEASE]
	at org.thymeleaf.processor.element.AbstractAttributeTagProcessor.doProcess(AbstractAttributeTagProcessor.java:74) ~[thymeleaf-3.1.5.RELEASE.jar:3.1.5.RELEASE]
	at org.thymeleaf.processor.element.AbstractElementTagProcessor.process(AbstractElementTagProcessor.java:95) ~[thymeleaf-3.1.5.RELEASE.jar:3.1.5.RELEASE]
	at org.thymeleaf.util.ProcessorConfigurationUtils$ElementTagProcessorWrapper.process(ProcessorConfigurationUtils.java:633) ~[thymeleaf-3.1.5.RELEASE.jar:3.1.5.RELEASE]
	at org.thymeleaf.engine.ProcessorTemplateHandler.handleOpenElement(ProcessorTemplateHandler.java:1314) ~[thymeleaf-3.1.5.RELEASE.jar:3.1.5.RELEASE]
	at org.thymeleaf.engine.OpenElementTag.beHandled(OpenElementTag.java:205) ~[thymeleaf-3.1.5.RELEASE.jar:3.1.5.RELEASE]
	at org.thymeleaf.engine.Model.process(Model.java:282) ~[thymeleaf-3.1.5.RELEASE.jar:3.1.5.RELEASE]
	at org.thymeleaf.engine.Model.process(Model.java:290) ~[thymeleaf-3.1.5.RELEASE.jar:3.1.5.RELEASE]
	at org.thymeleaf.engine.IteratedGatheringModelProcessable.processIterationModel(IteratedGatheringModelProcessable.java:368) ~[thymeleaf-3.1.5.RELEASE.jar:3.1.5.RELEASE]
	at org.thymeleaf.engine.IteratedGatheringModelProcessable.process(IteratedGatheringModelProcessable.java:222) ~[thymeleaf-3.1.5.RELEASE.jar:3.1.5.RELEASE]
	at org.thymeleaf.engine.ProcessorTemplateHandler.handleCloseElement(ProcessorTemplateHandler.java:1640) ~[thymeleaf-3.1.5.RELEASE.jar:3.1.5.RELEASE]
	at org.thymeleaf.engine.TemplateHandlerAdapterMarkupHandler.handleCloseElementEnd(TemplateHandlerAdapterMarkupHandler.java:388) ~[thymeleaf-3.1.5.RELEASE.jar:3.1.5.RELEASE]
	at org.thymeleaf.templateparser.markup.InlinedOutputExpressionMarkupHandler$InlineMarkupAdapterPreProcessorHandler.handleCloseElementEnd(InlinedOutputExpressionMarkupHandler.java:322) ~[thymeleaf-3.1.5.RELEASE.jar:3.1.5.RELEASE]
	at org.thymeleaf.standard.inline.OutputExpressionInlinePreProcessorHandler.handleCloseElementEnd(OutputExpressionInlinePreProcessorHandler.java:220) ~[thymeleaf-3.1.5.RELEASE.jar:3.1.5.RELEASE]
	at org.thymeleaf.templateparser.markup.InlinedOutputExpressionMarkupHandler.handleCloseElementEnd(InlinedOutputExpressionMarkupHandler.java:164) ~[thymeleaf-3.1.5.RELEASE.jar:3.1.5.RELEASE]
	at org.attoparser.HtmlElement.handleCloseElementEnd(HtmlElement.java:169) ~[attoparser-2.0.7.RELEASE.jar:2.0.7.RELEASE]
	at org.attoparser.HtmlMarkupHandler.handleCloseElementEnd(HtmlMarkupHandler.java:412) ~[attoparser-2.0.7.RELEASE.jar:2.0.7.RELEASE]
	at org.attoparser.MarkupEventProcessorHandler.handleCloseElementEnd(MarkupEventProcessorHandler.java:473) ~[attoparser-2.0.7.RELEASE.jar:2.0.7.RELEASE]
	at org.attoparser.ParsingElementMarkupUtil.parseCloseElement(ParsingElementMarkupUtil.java:201) ~[attoparser-2.0.7.RELEASE.jar:2.0.7.RELEASE]
	at org.attoparser.MarkupParser.parseBuffer(MarkupParser.java:725) ~[attoparser-2.0.7.RELEASE.jar:2.0.7.RELEASE]
	at org.attoparser.MarkupParser.parseDocument(MarkupParser.java:301) ~[attoparser-2.0.7.RELEASE.jar:2.0.7.RELEASE]
	... 91 common frames omitted
Caused by: org.springframework.expression.spel.SpelEvaluationException: EL1008E: Property or field 'preferito' cannot be found on object of type 'com.quattromoschettieri.itineria.entities.zonaVerde.ZonaVerde' - maybe not public or not valid?
	at org.springframework.expression.spel.ast.PropertyOrFieldReference.readProperty(PropertyOrFieldReference.java:281) ~[spring-expression-7.0.8.jar:7.0.8]
	at org.springframework.expression.spel.ast.PropertyOrFieldReference.getValueInternal(PropertyOrFieldReference.java:123) ~[spring-expression-7.0.8.jar:7.0.8]
	at org.springframework.expression.spel.ast.PropertyOrFieldReference$AccessorValueRef.getValue(PropertyOrFieldReference.java:432) ~[spring-expression-7.0.8.jar:7.0.8]
	at org.springframework.expression.spel.ast.CompoundExpression.getValueInternal(CompoundExpression.java:97) ~[spring-expression-7.0.8.jar:7.0.8]
	at org.springframework.expression.spel.ast.SpelNodeImpl.getValue(SpelNodeImpl.java:114) ~[spring-expression-7.0.8.jar:7.0.8]
	at org.springframework.expression.spel.standard.SpelExpression.getValue(SpelExpression.java:330) ~[spring-expression-7.0.8.jar:7.0.8]
	at org.thymeleaf.spring6.expression.SPELVariableExpressionEvaluator.evaluate(SPELVariableExpressionEvaluator.java:275) ~[thymeleaf-spring6-3.1.5.RELEASE.jar:3.1.5.RELEASE]
	... 120 common frames omitted

2026-08-24T20:51:27.536+02:00 DEBUG 7756 --- [itineria] [http-nio-8080-exec-2] o.s.s.w.a.AnonymousAuthenticationFilter  : Set SecurityContextHolder to anonymous SecurityContext
2026-08-24T20:51:27.549+02:00 ERROR 7756 --- [itineria] [http-nio-8080-exec-2] o.a.c.c.C.[.[.[/].[dispatcherServlet]    : Servlet.service() for servlet [dispatcherServlet] in context with path [] threw exception [Request processing failed: org.thymeleaf.exceptions.TemplateInputException: An error happened during template parsing (template: "class path resource [templates/luoghi_interesse/zoneVerdi.html]")] with root cause

org.springframework.expression.spel.SpelEvaluationException: EL1008E: Property or field 'preferito' cannot be found on object of type 'com.quattromoschettieri.itineria.entities.zonaVerde.ZonaVerde' - maybe not public or not valid?
	at org.springframework.expression.spel.ast.PropertyOrFieldReference.readProperty(PropertyOrFieldReference.java:281) ~[spring-expression-7.0.8.jar:7.0.8]
	at org.springframework.expression.spel.ast.PropertyOrFieldReference.getValueInternal(PropertyOrFieldReference.java:123) ~[spring-expression-7.0.8.jar:7.0.8]
	at org.springframework.expression.spel.ast.PropertyOrFieldReference$AccessorValueRef.getValue(PropertyOrFieldReference.java:432) ~[spring-expression-7.0.8.jar:7.0.8]
	at org.springframework.expression.spel.ast.CompoundExpression.getValueInternal(CompoundExpression.java:97) ~[spring-expression-7.0.8.jar:7.0.8]
	at org.springframework.expression.spel.ast.SpelNodeImpl.getValue(SpelNodeImpl.java:114) ~[spring-expression-7.0.8.jar:7.0.8]
	at org.springframework.expression.spel.standard.SpelExpression.getValue(SpelExpression.java:330) ~[spring-expression-7.0.8.jar:7.0.8]
	at org.thymeleaf.spring6.expression.SPELVariableExpressionEvaluator.evaluate(SPELVariableExpressionEvaluator.java:275) ~[thymeleaf-spring6-3.1.5.RELEASE.jar:3.1.5.RELEASE]
	at org.thymeleaf.standard.expression.VariableExpression.executeVariableExpression(VariableExpression.java:166) ~[thymeleaf-3.1.5.RELEASE.jar:3.1.5.RELEASE]
	at org.thymeleaf.standard.expression.SimpleExpression.executeSimple(SimpleExpression.java:66) ~[thymeleaf-3.1.5.RELEASE.jar:3.1.5.RELEASE]
	at org.thymeleaf.standard.expression.Expression.execute(Expression.java:109) ~[thymeleaf-3.1.5.RELEASE.jar:3.1.5.RELEASE]
	at org.thymeleaf.standard.expression.Expression.execute(Expression.java:138) ~[thymeleaf-3.1.5.RELEASE.jar:3.1.5.RELEASE]
	at org.thymeleaf.standard.expression.ConditionalExpression.executeConditional(ConditionalExpression.java:209) ~[thymeleaf-3.1.5.RELEASE.jar:3.1.5.RELEASE]
	at org.thymeleaf.standard.expression.ComplexExpression.executeComplex(ComplexExpression.java:77) ~[thymeleaf-3.1.5.RELEASE.jar:3.1.5.RELEASE]
	at org.thymeleaf.standard.expression.Expression.execute(Expression.java:112) ~[thymeleaf-3.1.5.RELEASE.jar:3.1.5.RELEASE]
	at org.thymeleaf.standard.expression.Expression.execute(Expression.java:138) ~[thymeleaf-3.1.5.RELEASE.jar:3.1.5.RELEASE]
	at org.thymeleaf.standard.processor.AbstractStandardExpressionAttributeTagProcessor.doProcess(AbstractStandardExpressionAttributeTagProcessor.java:144) ~[thymeleaf-3.1.5.RELEASE.jar:3.1.5.RELEASE]
	at org.thymeleaf.processor.element.AbstractAttributeTagProcessor.doProcess(AbstractAttributeTagProcessor.java:74) ~[thymeleaf-3.1.5.RELEASE.jar:3.1.5.RELEASE]
	at org.thymeleaf.processor.element.AbstractElementTagProcessor.process(AbstractElementTagProcessor.java:95) ~[thymeleaf-3.1.5.RELEASE.jar:3.1.5.RELEASE]
	at org.thymeleaf.util.ProcessorConfigurationUtils$ElementTagProcessorWrapper.process(ProcessorConfigurationUtils.java:633) ~[thymeleaf-3.1.5.RELEASE.jar:3.1.5.RELEASE]
	at org.thymeleaf.engine.ProcessorTemplateHandler.handleOpenElement(ProcessorTemplateHandler.java:1314) ~[thymeleaf-3.1.5.RELEASE.jar:3.1.5.RELEASE]
	at org.thymeleaf.engine.OpenElementTag.beHandled(OpenElementTag.java:205) ~[thymeleaf-3.1.5.RELEASE.jar:3.1.5.RELEASE]
	at org.thymeleaf.engine.Model.process(Model.java:282) ~[thymeleaf-3.1.5.RELEASE.jar:3.1.5.RELEASE]
	at org.thymeleaf.engine.Model.process(Model.java:290) ~[thymeleaf-3.1.5.RELEASE.jar:3.1.5.RELEASE]
	at org.thymeleaf.engine.IteratedGatheringModelProcessable.processIterationModel(IteratedGatheringModelProcessable.java:368) ~[thymeleaf-3.1.5.RELEASE.jar:3.1.5.RELEASE]
	at org.thymeleaf.engine.IteratedGatheringModelProcessable.process(IteratedGatheringModelProcessable.java:222) ~[thymeleaf-3.1.5.RELEASE.jar:3.1.5.RELEASE]
	at org.thymeleaf.engine.ProcessorTemplateHandler.handleCloseElement(ProcessorTemplateHandler.java:1640) ~[thymeleaf-3.1.5.RELEASE.jar:3.1.5.RELEASE]
	at org.thymeleaf.engine.TemplateHandlerAdapterMarkupHandler.handleCloseElementEnd(TemplateHandlerAdapterMarkupHandler.java:388) ~[thymeleaf-3.1.5.RELEASE.jar:3.1.5.RELEASE]
	at org.thymeleaf.templateparser.markup.InlinedOutputExpressionMarkupHandler$InlineMarkupAdapterPreProcessorHandler.handleCloseElementEnd(InlinedOutputExpressionMarkupHandler.java:322) ~[thymeleaf-3.1.5.RELEASE.jar:3.1.5.RELEASE]
	at org.thymeleaf.standard.inline.OutputExpressionInlinePreProcessorHandler.handleCloseElementEnd(OutputExpressionInlinePreProcessorHandler.java:220) ~[thymeleaf-3.1.5.RELEASE.jar:3.1.5.RELEASE]
	at org.thymeleaf.templateparser.markup.InlinedOutputExpressionMarkupHandler.handleCloseElementEnd(InlinedOutputExpressionMarkupHandler.java:164) ~[thymeleaf-3.1.5.RELEASE.jar:3.1.5.RELEASE]
	at org.attoparser.HtmlElement.handleCloseElementEnd(HtmlElement.java:169) ~[attoparser-2.0.7.RELEASE.jar:2.0.7.RELEASE]
	at org.attoparser.HtmlMarkupHandler.handleCloseElementEnd(HtmlMarkupHandler.java:412) ~[attoparser-2.0.7.RELEASE.jar:2.0.7.RELEASE]
	at org.attoparser.MarkupEventProcessorHandler.handleCloseElementEnd(MarkupEventProcessorHandler.java:473) ~[attoparser-2.0.7.RELEASE.jar:2.0.7.RELEASE]
	at org.attoparser.ParsingElementMarkupUtil.parseCloseElement(ParsingElementMarkupUtil.java:201) ~[attoparser-2.0.7.RELEASE.jar:2.0.7.RELEASE]
	at org.attoparser.MarkupParser.parseBuffer(MarkupParser.java:725) ~[attoparser-2.0.7.RELEASE.jar:2.0.7.RELEASE]
	at org.attoparser.MarkupParser.parseDocument(MarkupParser.java:301) ~[attoparser-2.0.7.RELEASE.jar:2.0.7.RELEASE]
	at org.attoparser.MarkupParser.parse(MarkupParser.java:257) ~[attoparser-2.0.7.RELEASE.jar:2.0.7.RELEASE]
	at org.thymeleaf.templateparser.markup.AbstractMarkupTemplateParser.parse(AbstractMarkupTemplateParser.java:230) ~[thymeleaf-3.1.5.RELEASE.jar:3.1.5.RELEASE]
	at org.thymeleaf.templateparser.markup.AbstractMarkupTemplateParser.parseStandalone(AbstractMarkupTemplateParser.java:100) ~[thymeleaf-3.1.5.RELEASE.jar:3.1.5.RELEASE]
	at org.thymeleaf.engine.TemplateManager.parseAndProcess(TemplateManager.java:666) ~[thymeleaf-3.1.5.RELEASE.jar:3.1.5.RELEASE]
	at org.thymeleaf.TemplateEngine.process(TemplateEngine.java:1103) ~[thymeleaf-3.1.5.RELEASE.jar:3.1.5.RELEASE]
	at org.thymeleaf.TemplateEngine.process(TemplateEngine.java:1077) ~[thymeleaf-3.1.5.RELEASE.jar:3.1.5.RELEASE]
	at org.thymeleaf.spring6.view.ThymeleafView.renderFragment(ThymeleafView.java:374) ~[thymeleaf-spring6-3.1.5.RELEASE.jar:3.1.5.RELEASE]
	at org.thymeleaf.spring6.view.ThymeleafView.render(ThymeleafView.java:193) ~[thymeleaf-spring6-3.1.5.RELEASE.jar:3.1.5.RELEASE]
	at org.springframework.web.servlet.DispatcherServlet.render(DispatcherServlet.java:1305) ~[spring-webmvc-7.0.8.jar:7.0.8]
	at org.springframework.web.servlet.DispatcherServlet.processDispatchResult(DispatcherServlet.java:1042) ~[spring-webmvc-7.0.8.jar:7.0.8]
	at org.springframework.web.servlet.DispatcherServlet.doDispatch(DispatcherServlet.java:980) ~[spring-webmvc-7.0.8.jar:7.0.8]
	at org.springframework.web.servlet.DispatcherServlet.doService(DispatcherServlet.java:866) ~[spring-webmvc-7.0.8.jar:7.0.8]
	at org.springframework.web.servlet.FrameworkServlet.processRequest(FrameworkServlet.java:1000) ~[spring-webmvc-7.0.8.jar:7.0.8]
	at org.springframework.web.servlet.FrameworkServlet.doGet(FrameworkServlet.java:892) ~[spring-webmvc-7.0.8.jar:7.0.8]
	at jakarta.servlet.http.HttpServlet.service(HttpServlet.java:622) ~[tomcat-embed-core-11.0.22.jar:6.1]
	at org.springframework.web.servlet.FrameworkServlet.service(FrameworkServlet.java:874) ~[spring-webmvc-7.0.8.jar:7.0.8]
	at jakarta.servlet.http.HttpServlet.service(HttpServlet.java:710) ~[tomcat-embed-core-11.0.22.jar:6.1]
	at org.apache.catalina.core.ApplicationFilterChain.doFilter(ApplicationFilterChain.java:128) ~[tomcat-embed-core-11.0.22.jar:11.0.22]
	at org.apache.tomcat.websocket.server.WsFilter.doFilter(WsFilter.java:53) ~[tomcat-embed-websocket-11.0.22.jar:11.0.22]
	at org.apache.catalina.core.ApplicationFilterChain.doFilter(ApplicationFilterChain.java:107) ~[tomcat-embed-core-11.0.22.jar:11.0.22]
	at org.springframework.web.filter.CompositeFilter$VirtualFilterChain.doFilter(CompositeFilter.java:108) ~[spring-web-7.0.8.jar:7.0.8]
	at org.springframework.security.web.FilterChainProxy.lambda$doFilterInternal$2(FilterChainProxy.java:235) ~[spring-security-web-7.1.0.jar:7.1.0]
	at org.springframework.security.web.FilterChainProxy$VirtualFilterChain.doFilter(FilterChainProxy.java:376) ~[spring-security-web-7.1.0.jar:7.1.0]
	at org.springframework.security.web.access.intercept.AuthorizationFilter.doFilter(AuthorizationFilter.java:101) ~[spring-security-web-7.1.0.jar:7.1.0]
	at org.springframework.security.web.FilterChainProxy$VirtualFilterChain.doFilter(FilterChainProxy.java:385) ~[spring-security-web-7.1.0.jar:7.1.0]
	at org.springframework.security.web.access.ExceptionTranslationFilter.doFilter(ExceptionTranslationFilter.java:126) ~[spring-security-web-7.1.0.jar:7.1.0]
	at org.springframework.security.web.access.ExceptionTranslationFilter.doFilter(ExceptionTranslationFilter.java:120) ~[spring-security-web-7.1.0.jar:7.1.0]
	at org.springframework.security.web.FilterChainProxy$VirtualFilterChain.doFilter(FilterChainProxy.java:385) ~[spring-security-web-7.1.0.jar:7.1.0]
	at org.springframework.security.web.authentication.AnonymousAuthenticationFilter.doFilter(AnonymousAuthenticationFilter.java:100) ~[spring-security-web-7.1.0.jar:7.1.0]
	at org.springframework.security.web.FilterChainProxy$VirtualFilterChain.doFilter(FilterChainProxy.java:385) ~[spring-security-web-7.1.0.jar:7.1.0]
	at org.springframework.security.web.servletapi.SecurityContextHolderAwareRequestFilter.doFilter(SecurityContextHolderAwareRequestFilter.java:181) ~[spring-security-web-7.1.0.jar:7.1.0]
	at org.springframework.security.web.FilterChainProxy$VirtualFilterChain.doFilter(FilterChainProxy.java:385) ~[spring-security-web-7.1.0.jar:7.1.0]
	at org.springframework.security.web.savedrequest.RequestCacheAwareFilter.doFilter(RequestCacheAwareFilter.java:63) ~[spring-security-web-7.1.0.jar:7.1.0]
	at org.springframework.security.web.FilterChainProxy$VirtualFilterChain.doFilter(FilterChainProxy.java:385) ~[spring-security-web-7.1.0.jar:7.1.0]
	at org.springframework.security.web.authentication.AbstractAuthenticationProcessingFilter.doFilter(AbstractAuthenticationProcessingFilter.java:245) ~[spring-security-web-7.1.0.jar:7.1.0]
	at org.springframework.security.web.authentication.AbstractAuthenticationProcessingFilter.doFilter(AbstractAuthenticationProcessingFilter.java:239) ~[spring-security-web-7.1.0.jar:7.1.0]
	at org.springframework.security.web.FilterChainProxy$VirtualFilterChain.doFilter(FilterChainProxy.java:385) ~[spring-security-web-7.1.0.jar:7.1.0]
	at org.springframework.security.web.authentication.logout.LogoutFilter.doFilter(LogoutFilter.java:110) ~[spring-security-web-7.1.0.jar:7.1.0]
	at org.springframework.security.web.authentication.logout.LogoutFilter.doFilter(LogoutFilter.java:96) ~[spring-security-web-7.1.0.jar:7.1.0]
	at org.springframework.security.web.FilterChainProxy$VirtualFilterChain.doFilter(FilterChainProxy.java:385) ~[spring-security-web-7.1.0.jar:7.1.0]
	at org.springframework.security.web.csrf.CsrfFilter.doFilterInternal(CsrfFilter.java:118) ~[spring-security-web-7.1.0.jar:7.1.0]
	at org.springframework.web.filter.OncePerRequestFilter.doFilter(OncePerRequestFilter.java:116) ~[spring-web-7.0.8.jar:7.0.8]
	at org.springframework.security.web.FilterChainProxy$VirtualFilterChain.doFilter(FilterChainProxy.java:385) ~[spring-security-web-7.1.0.jar:7.1.0]
	at org.springframework.security.web.header.HeaderWriterFilter.doHeadersAfter(HeaderWriterFilter.java:90) ~[spring-security-web-7.1.0.jar:7.1.0]
	at org.springframework.security.web.header.HeaderWriterFilter.doFilterInternal(HeaderWriterFilter.java:75) ~[spring-security-web-7.1.0.jar:7.1.0]
	at org.springframework.web.filter.OncePerRequestFilter.doFilter(OncePerRequestFilter.java:116) ~[spring-web-7.0.8.jar:7.0.8]
	at org.springframework.security.web.FilterChainProxy$VirtualFilterChain.doFilter(FilterChainProxy.java:385) ~[spring-security-web-7.1.0.jar:7.1.0]
	at org.springframework.security.web.context.SecurityContextHolderFilter.doFilter(SecurityContextHolderFilter.java:82) ~[spring-security-web-7.1.0.jar:7.1.0]
	at org.springframework.security.web.context.SecurityContextHolderFilter.doFilter(SecurityContextHolderFilter.java:69) ~[spring-security-web-7.1.0.jar:7.1.0]
	at org.springframework.security.web.FilterChainProxy$VirtualFilterChain.doFilter(FilterChainProxy.java:385) ~[spring-security-web-7.1.0.jar:7.1.0]
	at org.springframework.security.web.context.request.async.WebAsyncManagerIntegrationFilter.doFilterInternal(WebAsyncManagerIntegrationFilter.java:62) ~[spring-security-web-7.1.0.jar:7.1.0]
	at org.springframework.web.filter.OncePerRequestFilter.doFilter(OncePerRequestFilter.java:116) ~[spring-web-7.0.8.jar:7.0.8]
	at org.springframework.security.web.FilterChainProxy$VirtualFilterChain.doFilter(FilterChainProxy.java:385) ~[spring-security-web-7.1.0.jar:7.1.0]
	at org.springframework.security.web.session.DisableEncodeUrlFilter.doFilterInternal(DisableEncodeUrlFilter.java:42) ~[spring-security-web-7.1.0.jar:7.1.0]
	at org.springframework.web.filter.OncePerRequestFilter.doFilter(OncePerRequestFilter.java:116) ~[spring-web-7.0.8.jar:7.0.8]
	at org.springframework.security.web.FilterChainProxy$VirtualFilterChain.doFilter(FilterChainProxy.java:385) ~[spring-security-web-7.1.0.jar:7.1.0]
	at org.springframework.security.web.FilterChainProxy.doFilterInternal(FilterChainProxy.java:237) ~[spring-security-web-7.1.0.jar:7.1.0]
	at org.springframework.security.web.FilterChainProxy.doFilter(FilterChainProxy.java:195) ~[spring-security-web-7.1.0.jar:7.1.0]
	at org.springframework.web.filter.CompositeFilter$VirtualFilterChain.doFilter(CompositeFilter.java:113) ~[spring-web-7.0.8.jar:7.0.8]
	at org.springframework.web.filter.ServletRequestPathFilter.doFilter(ServletRequestPathFilter.java:52) ~[spring-web-7.0.8.jar:7.0.8]
	at org.springframework.web.filter.CompositeFilter$VirtualFilterChain.doFilter(CompositeFilter.java:113) ~[spring-web-7.0.8.jar:7.0.8]
	at org.springframework.web.filter.CompositeFilter.doFilter(CompositeFilter.java:74) ~[spring-web-7.0.8.jar:7.0.8]
	at org.springframework.security.config.annotation.web.configuration.WebSecurityConfiguration$CompositeFilterChainProxy.doFilter(WebSecurityConfiguration.java:317) ~[spring-security-config-7.1.0.jar:7.1.0]
	at org.springframework.web.filter.DelegatingFilterProxy.invokeDelegate(DelegatingFilterProxy.java:355) ~[spring-web-7.0.8.jar:7.0.8]
	at org.springframework.web.filter.DelegatingFilterProxy.doFilter(DelegatingFilterProxy.java:272) ~[spring-web-7.0.8.jar:7.0.8]
	at org.apache.catalina.core.ApplicationFilterChain.doFilter(ApplicationFilterChain.java:107) ~[tomcat-embed-core-11.0.22.jar:11.0.22]
	at org.springframework.web.filter.RequestContextFilter.doFilterInternal(RequestContextFilter.java:100) ~[spring-web-7.0.8.jar:7.0.8]
	at org.springframework.web.filter.OncePerRequestFilter.doFilter(OncePerRequestFilter.java:116) ~[spring-web-7.0.8.jar:7.0.8]
	at org.apache.catalina.core.ApplicationFilterChain.doFilter(ApplicationFilterChain.java:107) ~[tomcat-embed-core-11.0.22.jar:11.0.22]
	at org.springframework.web.filter.FormContentFilter.doFilterInternal(FormContentFilter.java:93) ~[spring-web-7.0.8.jar:7.0.8]
	at org.springframework.web.filter.OncePerRequestFilter.doFilter(OncePerRequestFilter.java:116) ~[spring-web-7.0.8.jar:7.0.8]
	at org.apache.catalina.core.ApplicationFilterChain.doFilter(ApplicationFilterChain.java:107) ~[tomcat-embed-core-11.0.22.jar:11.0.22]
	at org.springframework.web.filter.CharacterEncodingFilter.doFilterInternal(CharacterEncodingFilter.java:199) ~[spring-web-7.0.8.jar:7.0.8]
	at org.springframework.web.filter.OncePerRequestFilter.doFilter(OncePerRequestFilter.java:116) ~[spring-web-7.0.8.jar:7.0.8]
	at org.apache.catalina.core.ApplicationFilterChain.doFilter(ApplicationFilterChain.java:107) ~[tomcat-embed-core-11.0.22.jar:11.0.22]
	at org.apache.catalina.core.StandardWrapperValve.invoke(StandardWrapperValve.java:165) ~[tomcat-embed-core-11.0.22.jar:11.0.22]
	at org.apache.catalina.core.StandardContextValve.invoke(StandardContextValve.java:77) ~[tomcat-embed-core-11.0.22.jar:11.0.22]
	at org.apache.catalina.authenticator.AuthenticatorBase.invoke(AuthenticatorBase.java:492) ~[tomcat-embed-core-11.0.22.jar:11.0.22]
	at org.apache.catalina.core.StandardHostValve.invoke(StandardHostValve.java:113) ~[tomcat-embed-core-11.0.22.jar:11.0.22]
	at org.apache.catalina.valves.ErrorReportValve.invoke(ErrorReportValve.java:83) ~[tomcat-embed-core-11.0.22.jar:11.0.22]
	at org.apache.catalina.core.StandardEngineValve.invoke(StandardEngineValve.java:72) ~[tomcat-embed-core-11.0.22.jar:11.0.22]
	at org.apache.catalina.connector.CoyoteAdapter.service(CoyoteAdapter.java:341) ~[tomcat-embed-core-11.0.22.jar:11.0.22]
	at org.apache.coyote.http11.Http11Processor.service(Http11Processor.java:397) ~[tomcat-embed-core-11.0.22.jar:11.0.22]
	at org.apache.coyote.AbstractProcessorLight.process(AbstractProcessorLight.java:63) ~[tomcat-embed-core-11.0.22.jar:11.0.22]
	at org.apache.coyote.AbstractProtocol$ConnectionHandler.process(AbstractProtocol.java:1272) ~[tomcat-embed-core-11.0.22.jar:11.0.22]
	at org.apache.tomcat.util.net.NioEndpoint$SocketProcessor.doRun(NioEndpoint.java:1801) ~[tomcat-embed-core-11.0.22.jar:11.0.22]
	at org.apache.tomcat.util.net.SocketProcessorBase.run(SocketProcessorBase.java:52) ~[tomcat-embed-core-11.0.22.jar:11.0.22]
	at org.apache.tomcat.util.threads.ThreadPoolExecutor.runWorker(ThreadPoolExecutor.java:946) ~[tomcat-embed-core-11.0.22.jar:11.0.22]
	at org.apache.tomcat.util.threads.ThreadPoolExecutor$Worker.run(ThreadPoolExecutor.java:480) ~[tomcat-embed-core-11.0.22.jar:11.0.22]
	at org.apache.tomcat.util.threads.TaskThread$WrappingRunnable.run(TaskThread.java:57) ~[tomcat-embed-core-11.0.22.jar:11.0.22]
	at java.base/java.lang.Thread.run(Unknown Source) ~[na:na]

2026-08-24T20:51:27.556+02:00 DEBUG 7756 --- [itineria] [http-nio-8080-exec-2] o.s.security.web.FilterChainProxy        : Securing GET /error
2026-08-24T20:51:27.565+02:00 DEBUG 7756 --- [itineria] [http-nio-8080-exec-2] o.s.security.web.FilterChainProxy        : Secured GET /error
2026-08-24T20:51:27.589+02:00 DEBUG 7756 --- [itineria] [http-nio-8080-exec-2] o.s.s.w.a.AnonymousAuthenticationFilter  : Set SecurityContextHolder to anonymous SecurityContext
2026-08-24T20:56:10.268+02:00  INFO 18772 --- [itineria] [restartedMain] c.q.itineria.ItineriaApplication         : Starting ItineriaApplication using Java 21.0.11 with PID 18772 (D:\Sette Maria Agnese Computer\VisualStudioCode\itineria\target\classes started by sette in D:\Sette Maria Agnese Computer\VisualStudioCode\itineria)
2026-08-24T20:56:10.272+02:00  INFO 18772 --- [itineria] [restartedMain] c.q.itineria.ItineriaApplication         : No active profile set, falling back to 1 default profile: "default"
2026-08-24T20:56:10.326+02:00  INFO 18772 --- [itineria] [restartedMain] .e.DevToolsPropertyDefaultsPostProcessor : Devtools property defaults active! Set 'spring.devtools.add-properties' to 'false' to disable
2026-08-24T20:56:10.327+02:00  INFO 18772 --- [itineria] [restartedMain] .e.DevToolsPropertyDefaultsPostProcessor : For additional web related logging consider setting the 'logging.level.web' property to 'DEBUG'
2026-08-24T20:56:11.191+02:00  INFO 18772 --- [itineria] [restartedMain] .s.d.r.c.RepositoryConfigurationDelegate : Bootstrapping Spring Data JPA repositories in DEFAULT mode.
2026-08-24T20:56:11.275+02:00  INFO 18772 --- [itineria] [restartedMain] .s.d.r.c.RepositoryConfigurationDelegate : Finished Spring Data repository scanning in 77 ms. Found 12 JPA repository interfaces.
2026-08-24T20:56:12.126+02:00  INFO 18772 --- [itineria] [restartedMain] o.s.boot.tomcat.TomcatWebServer          : Tomcat initialized with port 8080 (http)
2026-08-24T20:56:12.166+02:00  INFO 18772 --- [itineria] [restartedMain] o.apache.catalina.core.StandardService   : Starting service [Tomcat]
2026-08-24T20:56:12.166+02:00  INFO 18772 --- [itineria] [restartedMain] o.apache.catalina.core.StandardEngine    : Starting Servlet engine: [Apache Tomcat/11.0.22]
2026-08-24T20:56:12.226+02:00  INFO 18772 --- [itineria] [restartedMain] b.w.c.s.WebApplicationContextInitializer : Root WebApplicationContext: initialization completed in 1898 ms
2026-08-24T20:56:12.518+02:00  INFO 18772 --- [itineria] [restartedMain] com.zaxxer.hikari.HikariDataSource       : HikariPool-1 - Starting...
2026-08-24T20:56:12.716+02:00  INFO 18772 --- [itineria] [restartedMain] com.zaxxer.hikari.pool.HikariPool        : HikariPool-1 - Added connection com.mysql.cj.jdbc.ConnectionImpl@215b30ca
2026-08-24T20:56:12.716+02:00  INFO 18772 --- [itineria] [restartedMain] com.zaxxer.hikari.HikariDataSource       : HikariPool-1 - Start completed.
2026-08-24T20:56:12.746+02:00  INFO 18772 --- [itineria] [restartedMain] org.flywaydb.core.FlywayExecutor         : Database: jdbc:mysql://localhost:3306/itineria?useSSL=false&serverTimezone=UTC&allowPublicKeyRetrieval=true (MySQL 8.0)
2026-08-24T20:56:12.824+02:00  INFO 18772 --- [itineria] [restartedMain] o.f.core.internal.command.DbValidate     : Successfully validated 2 migrations (execution time 00:00.031s)
2026-08-24T20:56:12.841+02:00  INFO 18772 --- [itineria] [restartedMain] o.f.core.internal.command.DbMigrate      : Current version of schema `itineria`: 2
2026-08-24T20:56:12.846+02:00  INFO 18772 --- [itineria] [restartedMain] o.f.core.internal.command.DbMigrate      : Schema `itineria` is up to date. No migration necessary.
2026-08-24T20:56:12.970+02:00  INFO 18772 --- [itineria] [restartedMain] org.hibernate.orm.jpa                    : HHH008540: Processing PersistenceUnitInfo [name: default]
2026-08-24T20:56:13.006+02:00  INFO 18772 --- [itineria] [restartedMain] org.hibernate.orm.core                   : HHH000001: Hibernate ORM core version 7.4.1.Final
2026-08-24T20:56:13.321+02:00  INFO 18772 --- [itineria] [restartedMain] o.s.o.j.p.SpringPersistenceUnitInfo      : No LoadTimeWeaver setup: ignoring JPA class transformer
2026-08-24T20:56:13.370+02:00  WARN 18772 --- [itineria] [restartedMain] org.hibernate.orm.deprecation            : HHH90000025: MySQLDialect does not need to be specified explicitly using 'hibernate.dialect' (remove the property setting and it will be selected by default)
2026-08-24T20:56:13.380+02:00  INFO 18772 --- [itineria] [restartedMain] org.hibernate.orm.connections.pooling    : HHH10001005: Database info:
	Database JDBC URL [jdbc:mysql://localhost:3306/itineria?useSSL=false&serverTimezone=UTC&allowPublicKeyRetrieval=true]
	Database driver: MySQL Connector/J
	Database dialect: MySQLDialect
	Database version: 8.0.46
	Default catalog/schema: itineria/undefined
	Autocommit mode: undefined/unknown
	Isolation level: REPEATABLE_READ [default REPEATABLE_READ]
	JDBC fetch size: none
	Pool: DataSourceConnectionProvider
	Minimum pool size: undefined/unknown
	Maximum pool size: undefined/unknown
2026-08-24T20:56:14.421+02:00  INFO 18772 --- [itineria] [restartedMain] org.hibernate.orm.core                   : HHH000489: No JTA platform available (set 'hibernate.transaction.jta.platform' to enable JTA platform integration)
2026-08-24T20:56:14.466+02:00  INFO 18772 --- [itineria] [restartedMain] j.LocalContainerEntityManagerFactoryBean : Initialized JPA EntityManagerFactory for persistence unit 'default'
2026-08-24T20:56:14.537+02:00  INFO 18772 --- [itineria] [restartedMain] o.s.d.j.r.query.QueryEnhancerFactories   : Hibernate is in classpath; If applicable, HQL parser will be used.
2026-08-24T20:56:15.554+02:00  WARN 18772 --- [itineria] [restartedMain] JpaBaseConfiguration$JpaWebConfiguration : spring.jpa.open-in-view is enabled by default. Therefore, database queries may be performed during view rendering. Explicitly configure spring.jpa.open-in-view to disable this warning
2026-08-24T20:56:15.669+02:00  INFO 18772 --- [itineria] [restartedMain] r$InitializeUserDetailsManagerConfigurer : Global AuthenticationManager configured with UserDetailsService bean with name customerUserDetailsService
2026-08-24T20:56:15.816+02:00 DEBUG 18772 --- [itineria] [restartedMain] o.s.s.web.DefaultSecurityFilterChain     : Will secure any request with filters: DisableEncodeUrlFilter, WebAsyncManagerIntegrationFilter, SecurityContextHolderFilter, HeaderWriterFilter, CsrfFilter, LogoutFilter, UsernamePasswordAuthenticationFilter, RequestCacheAwareFilter, SecurityContextHolderAwareRequestFilter, AnonymousAuthenticationFilter, ExceptionTranslationFilter, AuthorizationFilter
2026-08-24T20:56:15.866+02:00  INFO 18772 --- [itineria] [restartedMain] o.s.b.w.a.WelcomePageHandlerMapping      : Adding welcome page template: index
2026-08-24T20:56:16.289+02:00  INFO 18772 --- [itineria] [restartedMain] o.s.boot.tomcat.TomcatWebServer          : Tomcat started on port 8080 (http) with context path '/'
2026-08-24T20:56:16.296+02:00  INFO 18772 --- [itineria] [restartedMain] c.q.itineria.ItineriaApplication         : Started ItineriaApplication in 6.469 seconds (process running for 6.875)
2026-08-24T20:56:22.578+02:00  INFO 18772 --- [itineria] [http-nio-8080-exec-1] o.a.c.c.C.[Tomcat].[localhost].[/]       : Initializing Spring DispatcherServlet 'dispatcherServlet'
2026-08-24T20:56:22.578+02:00  INFO 18772 --- [itineria] [http-nio-8080-exec-1] o.s.web.servlet.DispatcherServlet        : Initializing Servlet 'dispatcherServlet'
2026-08-24T20:56:22.586+02:00  INFO 18772 --- [itineria] [http-nio-8080-exec-1] o.s.web.servlet.DispatcherServlet        : Completed initialization in 1 ms
2026-08-24T20:56:22.616+02:00 DEBUG 18772 --- [itineria] [http-nio-8080-exec-1] o.s.security.web.FilterChainProxy        : Securing GET /zoneVerdi
2026-08-24T20:56:22.651+02:00 DEBUG 18772 --- [itineria] [http-nio-8080-exec-1] o.s.security.web.FilterChainProxy        : Secured GET /zoneVerdi
2026-08-24T20:56:22.924+02:00 DEBUG 18772 --- [itineria] [http-nio-8080-exec-1] org.hibernate.SQL                        : 
    select
        zv1_0.id,
        zv1_1.accessibilita,
        zv1_1.id_citta,
        zv1_1.created_at,
        zv1_1.descrizione,
        zv1_1.email,
        zv1_1.indirizzo,
        zv1_1.link_sito,
        zv1_1.id_manager,
        zv1_1.nome,
        zv1_1.numero_telefono,
        zv1_1.sempre_aperto,
        zv1_1.tipo,
        zv1_1.updated_at,
        zv1_1.version,
        zv1_0.area_mq,
        zv1_0.ciclabile,
        zv1_0.dog_friendly,
        zv1_0.ristoro,
        zv1_0.tipologia 
    from
        zone_verdi zv1_0 
    join
        luoghi_interesse zv1_1 
            on zv1_0.id=zv1_1.id 
    limit
        ?, ?
2026-08-24T20:56:22.927+02:00 TRACE 18772 --- [itineria] [http-nio-8080-exec-1] org.hibernate.orm.jdbc.bind              : binding parameter (1:INTEGER) <- [0]
2026-08-24T20:56:22.928+02:00 TRACE 18772 --- [itineria] [http-nio-8080-exec-1] org.hibernate.orm.jdbc.bind              : binding parameter (2:INTEGER) <- [20]
2026-08-24T20:56:22.996+02:00 DEBUG 18772 --- [itineria] [http-nio-8080-exec-1] org.hibernate.SQL                        : 
    select
        c1_0.id,
        c1_0.created_at,
        c1_0.descrizione,
        c1_0.nome,
        c1_0.regione,
        c1_0.updated_at,
        c1_0.version 
    from
        citta c1_0 
    where
        c1_0.id=?
2026-08-24T20:56:22.996+02:00 TRACE 18772 --- [itineria] [http-nio-8080-exec-1] org.hibernate.orm.jdbc.bind              : binding parameter (1:BIGINT) <- [1]
2026-08-24T20:56:23.112+02:00 DEBUG 18772 --- [itineria] [http-nio-8080-exec-1] org.hibernate.SQL                        : 
    select
        zv1_0.id,
        zv1_1.accessibilita,
        zv1_1.id_citta,
        zv1_1.created_at,
        zv1_1.descrizione,
        zv1_1.email,
        zv1_1.indirizzo,
        zv1_1.link_sito,
        zv1_1.id_manager,
        zv1_1.nome,
        zv1_1.numero_telefono,
        zv1_1.sempre_aperto,
        zv1_1.tipo,
        zv1_1.updated_at,
        zv1_1.version,
        zv1_0.area_mq,
        zv1_0.ciclabile,
        zv1_0.dog_friendly,
        zv1_0.ristoro,
        zv1_0.tipologia 
    from
        zone_verdi zv1_0 
    join
        luoghi_interesse zv1_1 
            on zv1_0.id=zv1_1.id 
    where
        zv1_0.ciclabile=? 
    limit
        ?, ?
2026-08-24T20:56:23.114+02:00 TRACE 18772 --- [itineria] [http-nio-8080-exec-1] org.hibernate.orm.jdbc.bind              : binding parameter (1:BOOLEAN) <- [true]
2026-08-24T20:56:23.115+02:00 TRACE 18772 --- [itineria] [http-nio-8080-exec-1] org.hibernate.orm.jdbc.bind              : binding parameter (2:INTEGER) <- [0]
2026-08-24T20:56:23.117+02:00 TRACE 18772 --- [itineria] [http-nio-8080-exec-1] org.hibernate.orm.jdbc.bind              : binding parameter (3:INTEGER) <- [6]
2026-08-24T20:56:23.130+02:00 DEBUG 18772 --- [itineria] [http-nio-8080-exec-1] org.hibernate.SQL                        : 
    select
        zv1_0.id,
        zv1_1.accessibilita,
        zv1_1.id_citta,
        zv1_1.created_at,
        zv1_1.descrizione,
        zv1_1.email,
        zv1_1.indirizzo,
        zv1_1.link_sito,
        zv1_1.id_manager,
        zv1_1.nome,
        zv1_1.numero_telefono,
        zv1_1.sempre_aperto,
        zv1_1.tipo,
        zv1_1.updated_at,
        zv1_1.version,
        zv1_0.area_mq,
        zv1_0.ciclabile,
        zv1_0.dog_friendly,
        zv1_0.ristoro,
        zv1_0.tipologia 
    from
        zone_verdi zv1_0 
    join
        luoghi_interesse zv1_1 
            on zv1_0.id=zv1_1.id 
    where
        zv1_0.dog_friendly=? 
    limit
        ?, ?
2026-08-24T20:56:23.130+02:00 TRACE 18772 --- [itineria] [http-nio-8080-exec-1] org.hibernate.orm.jdbc.bind              : binding parameter (1:BOOLEAN) <- [true]
2026-08-24T20:56:23.136+02:00 TRACE 18772 --- [itineria] [http-nio-8080-exec-1] org.hibernate.orm.jdbc.bind              : binding parameter (2:INTEGER) <- [0]
2026-08-24T20:56:23.136+02:00 TRACE 18772 --- [itineria] [http-nio-8080-exec-1] org.hibernate.orm.jdbc.bind              : binding parameter (3:INTEGER) <- [6]
2026-08-24T20:56:23.147+02:00 DEBUG 18772 --- [itineria] [http-nio-8080-exec-1] org.hibernate.SQL                        : 
    select
        zv1_0.id,
        zv1_1.accessibilita,
        zv1_1.id_citta,
        zv1_1.created_at,
        zv1_1.descrizione,
        zv1_1.email,
        zv1_1.indirizzo,
        zv1_1.link_sito,
        zv1_1.id_manager,
        zv1_1.nome,
        zv1_1.numero_telefono,
        zv1_1.sempre_aperto,
        zv1_1.tipo,
        zv1_1.updated_at,
        zv1_1.version,
        zv1_0.area_mq,
        zv1_0.ciclabile,
        zv1_0.dog_friendly,
        zv1_0.ristoro,
        zv1_0.tipologia 
    from
        zone_verdi zv1_0 
    join
        luoghi_interesse zv1_1 
            on zv1_0.id=zv1_1.id 
    where
        zv1_0.ristoro=? 
    limit
        ?, ?
2026-08-24T20:56:23.148+02:00 TRACE 18772 --- [itineria] [http-nio-8080-exec-1] org.hibernate.orm.jdbc.bind              : binding parameter (1:BOOLEAN) <- [true]
2026-08-24T20:56:23.150+02:00 TRACE 18772 --- [itineria] [http-nio-8080-exec-1] org.hibernate.orm.jdbc.bind              : binding parameter (2:INTEGER) <- [0]
2026-08-24T20:56:23.151+02:00 TRACE 18772 --- [itineria] [http-nio-8080-exec-1] org.hibernate.orm.jdbc.bind              : binding parameter (3:INTEGER) <- [6]
2026-08-24T20:56:23.171+02:00 DEBUG 18772 --- [itineria] [http-nio-8080-exec-1] org.hibernate.SQL                        : 
    select
        zv1_0.id,
        zv1_1.accessibilita,
        zv1_1.id_citta,
        zv1_1.created_at,
        zv1_1.descrizione,
        zv1_1.email,
        zv1_1.indirizzo,
        zv1_1.link_sito,
        zv1_1.id_manager,
        zv1_1.nome,
        zv1_1.numero_telefono,
        zv1_1.sempre_aperto,
        zv1_1.tipo,
        zv1_1.updated_at,
        zv1_1.version,
        zv1_0.area_mq,
        zv1_0.ciclabile,
        zv1_0.dog_friendly,
        zv1_0.ristoro,
        zv1_0.tipologia 
    from
        zone_verdi zv1_0 
    join
        luoghi_interesse zv1_1 
            on zv1_0.id=zv1_1.id 
    where
        zv1_1.sempre_aperto=? 
    limit
        ?, ?
2026-08-24T20:56:23.174+02:00 TRACE 18772 --- [itineria] [http-nio-8080-exec-1] org.hibernate.orm.jdbc.bind              : binding parameter (1:BOOLEAN) <- [true]
2026-08-24T20:56:23.175+02:00 TRACE 18772 --- [itineria] [http-nio-8080-exec-1] org.hibernate.orm.jdbc.bind              : binding parameter (2:INTEGER) <- [0]
2026-08-24T20:56:23.176+02:00 TRACE 18772 --- [itineria] [http-nio-8080-exec-1] org.hibernate.orm.jdbc.bind              : binding parameter (3:INTEGER) <- [6]
2026-08-24T20:56:24.036+02:00 DEBUG 18772 --- [itineria] [http-nio-8080-exec-2] o.s.security.web.FilterChainProxy        : Securing GET /css/zoneVerdi.css
2026-08-24T20:56:24.041+02:00 DEBUG 18772 --- [itineria] [http-nio-8080-exec-2] o.s.security.web.FilterChainProxy        : Secured GET /css/zoneVerdi.css
2026-08-24T20:56:24.074+02:00 DEBUG 18772 --- [itineria] [http-nio-8080-exec-1] o.s.s.w.a.AnonymousAuthenticationFilter  : Set SecurityContextHolder to anonymous SecurityContext
2026-08-24T20:56:24.081+02:00 DEBUG 18772 --- [itineria] [http-nio-8080-exec-2] o.s.s.w.a.AnonymousAuthenticationFilter  : Set SecurityContextHolder to anonymous SecurityContext
2026-08-24T20:56:24.092+02:00 DEBUG 18772 --- [itineria] [http-nio-8080-exec-2] o.s.security.web.FilterChainProxy        : Securing GET /error
2026-08-24T20:56:24.093+02:00 DEBUG 18772 --- [itineria] [http-nio-8080-exec-2] o.s.security.web.FilterChainProxy        : Secured GET /error
2026-08-24T20:56:24.142+02:00 DEBUG 18772 --- [itineria] [http-nio-8080-exec-2] o.s.s.w.a.AnonymousAuthenticationFilter  : Set SecurityContextHolder to anonymous SecurityContext
2026-08-24T20:59:52.008+02:00  INFO 10840 --- [itineria] [restartedMain] c.q.itineria.ItineriaApplication         : Starting ItineriaApplication using Java 21.0.11 with PID 10840 (D:\Sette Maria Agnese Computer\VisualStudioCode\itineria\target\classes started by sette in D:\Sette Maria Agnese Computer\VisualStudioCode\itineria)
2026-08-24T20:59:52.011+02:00  INFO 10840 --- [itineria] [restartedMain] c.q.itineria.ItineriaApplication         : No active profile set, falling back to 1 default profile: "default"
2026-08-24T20:59:52.085+02:00  INFO 10840 --- [itineria] [restartedMain] .e.DevToolsPropertyDefaultsPostProcessor : Devtools property defaults active! Set 'spring.devtools.add-properties' to 'false' to disable
2026-08-24T20:59:52.086+02:00  INFO 10840 --- [itineria] [restartedMain] .e.DevToolsPropertyDefaultsPostProcessor : For additional web related logging consider setting the 'logging.level.web' property to 'DEBUG'
2026-08-24T20:59:53.023+02:00  INFO 10840 --- [itineria] [restartedMain] .s.d.r.c.RepositoryConfigurationDelegate : Bootstrapping Spring Data JPA repositories in DEFAULT mode.
2026-08-24T20:59:53.107+02:00  INFO 10840 --- [itineria] [restartedMain] .s.d.r.c.RepositoryConfigurationDelegate : Finished Spring Data repository scanning in 83 ms. Found 12 JPA repository interfaces.
2026-08-24T20:59:53.894+02:00  INFO 10840 --- [itineria] [restartedMain] o.s.boot.tomcat.TomcatWebServer          : Tomcat initialized with port 8080 (http)
2026-08-24T20:59:53.911+02:00  INFO 10840 --- [itineria] [restartedMain] o.apache.catalina.core.StandardService   : Starting service [Tomcat]
2026-08-24T20:59:53.912+02:00  INFO 10840 --- [itineria] [restartedMain] o.apache.catalina.core.StandardEngine    : Starting Servlet engine: [Apache Tomcat/11.0.22]
2026-08-24T20:59:53.985+02:00  INFO 10840 --- [itineria] [restartedMain] b.w.c.s.WebApplicationContextInitializer : Root WebApplicationContext: initialization completed in 1899 ms
2026-08-24T20:59:54.266+02:00  INFO 10840 --- [itineria] [restartedMain] com.zaxxer.hikari.HikariDataSource       : HikariPool-1 - Starting...
2026-08-24T20:59:54.419+02:00  INFO 10840 --- [itineria] [restartedMain] com.zaxxer.hikari.pool.HikariPool        : HikariPool-1 - Added connection com.mysql.cj.jdbc.ConnectionImpl@13392319
2026-08-24T20:59:54.419+02:00  INFO 10840 --- [itineria] [restartedMain] com.zaxxer.hikari.HikariDataSource       : HikariPool-1 - Start completed.
2026-08-24T20:59:54.469+02:00  INFO 10840 --- [itineria] [restartedMain] org.flywaydb.core.FlywayExecutor         : Database: jdbc:mysql://localhost:3306/itineria?useSSL=false&serverTimezone=UTC&allowPublicKeyRetrieval=true (MySQL 8.0)
2026-08-24T20:59:54.566+02:00  INFO 10840 --- [itineria] [restartedMain] o.f.core.internal.command.DbValidate     : Successfully validated 2 migrations (execution time 00:00.045s)
2026-08-24T20:59:54.589+02:00  INFO 10840 --- [itineria] [restartedMain] o.f.core.internal.command.DbMigrate      : Current version of schema `itineria`: 2
2026-08-24T20:59:54.596+02:00  INFO 10840 --- [itineria] [restartedMain] o.f.core.internal.command.DbMigrate      : Schema `itineria` is up to date. No migration necessary.
2026-08-24T20:59:54.720+02:00  INFO 10840 --- [itineria] [restartedMain] org.hibernate.orm.jpa                    : HHH008540: Processing PersistenceUnitInfo [name: default]
2026-08-24T20:59:54.766+02:00  INFO 10840 --- [itineria] [restartedMain] org.hibernate.orm.core                   : HHH000001: Hibernate ORM core version 7.4.1.Final
2026-08-24T20:59:55.106+02:00  INFO 10840 --- [itineria] [restartedMain] o.s.o.j.p.SpringPersistenceUnitInfo      : No LoadTimeWeaver setup: ignoring JPA class transformer
2026-08-24T20:59:55.159+02:00  WARN 10840 --- [itineria] [restartedMain] org.hibernate.orm.deprecation            : HHH90000025: MySQLDialect does not need to be specified explicitly using 'hibernate.dialect' (remove the property setting and it will be selected by default)
2026-08-24T20:59:55.169+02:00  INFO 10840 --- [itineria] [restartedMain] org.hibernate.orm.connections.pooling    : HHH10001005: Database info:
	Database JDBC URL [jdbc:mysql://localhost:3306/itineria?useSSL=false&serverTimezone=UTC&allowPublicKeyRetrieval=true]
	Database driver: MySQL Connector/J
	Database dialect: MySQLDialect
	Database version: 8.0.46
	Default catalog/schema: itineria/undefined
	Autocommit mode: undefined/unknown
	Isolation level: REPEATABLE_READ [default REPEATABLE_READ]
	JDBC fetch size: none
	Pool: DataSourceConnectionProvider
	Minimum pool size: undefined/unknown
	Maximum pool size: undefined/unknown
2026-08-24T20:59:56.261+02:00  INFO 10840 --- [itineria] [restartedMain] org.hibernate.orm.core                   : HHH000489: No JTA platform available (set 'hibernate.transaction.jta.platform' to enable JTA platform integration)
2026-08-24T20:59:56.307+02:00  INFO 10840 --- [itineria] [restartedMain] j.LocalContainerEntityManagerFactoryBean : Initialized JPA EntityManagerFactory for persistence unit 'default'
2026-08-24T20:59:56.384+02:00  INFO 10840 --- [itineria] [restartedMain] o.s.d.j.r.query.QueryEnhancerFactories   : Hibernate is in classpath; If applicable, HQL parser will be used.
2026-08-24T20:59:57.439+02:00  WARN 10840 --- [itineria] [restartedMain] JpaBaseConfiguration$JpaWebConfiguration : spring.jpa.open-in-view is enabled by default. Therefore, database queries may be performed during view rendering. Explicitly configure spring.jpa.open-in-view to disable this warning
2026-08-24T20:59:57.557+02:00  INFO 10840 --- [itineria] [restartedMain] r$InitializeUserDetailsManagerConfigurer : Global AuthenticationManager configured with UserDetailsService bean with name customerUserDetailsService
2026-08-24T20:59:57.746+02:00 DEBUG 10840 --- [itineria] [restartedMain] o.s.s.web.DefaultSecurityFilterChain     : Will secure any request with filters: DisableEncodeUrlFilter, WebAsyncManagerIntegrationFilter, SecurityContextHolderFilter, HeaderWriterFilter, CsrfFilter, LogoutFilter, UsernamePasswordAuthenticationFilter, RequestCacheAwareFilter, SecurityContextHolderAwareRequestFilter, AnonymousAuthenticationFilter, ExceptionTranslationFilter, AuthorizationFilter
2026-08-24T20:59:57.790+02:00  INFO 10840 --- [itineria] [restartedMain] o.s.b.w.a.WelcomePageHandlerMapping      : Adding welcome page template: index
2026-08-24T20:59:58.270+02:00  INFO 10840 --- [itineria] [restartedMain] o.s.boot.tomcat.TomcatWebServer          : Tomcat started on port 8080 (http) with context path '/'
2026-08-24T20:59:58.276+02:00  INFO 10840 --- [itineria] [restartedMain] c.q.itineria.ItineriaApplication         : Started ItineriaApplication in 6.834 seconds (process running for 7.264)
2026-08-24T21:00:02.116+02:00  INFO 10840 --- [itineria] [http-nio-8080-exec-3] o.a.c.c.C.[Tomcat].[localhost].[/]       : Initializing Spring DispatcherServlet 'dispatcherServlet'
2026-08-24T21:00:02.118+02:00  INFO 10840 --- [itineria] [http-nio-8080-exec-3] o.s.web.servlet.DispatcherServlet        : Initializing Servlet 'dispatcherServlet'
2026-08-24T21:00:02.118+02:00  INFO 10840 --- [itineria] [http-nio-8080-exec-3] o.s.web.servlet.DispatcherServlet        : Completed initialization in 0 ms
2026-08-24T21:00:02.136+02:00 DEBUG 10840 --- [itineria] [http-nio-8080-exec-3] o.s.security.web.FilterChainProxy        : Securing GET /zoneVerdi
2026-08-24T21:00:02.153+02:00 DEBUG 10840 --- [itineria] [http-nio-8080-exec-3] o.s.security.web.FilterChainProxy        : Secured GET /zoneVerdi
2026-08-24T21:00:02.358+02:00 DEBUG 10840 --- [itineria] [http-nio-8080-exec-3] org.hibernate.SQL                        : 
    select
        zv1_0.id,
        zv1_1.accessibilita,
        zv1_1.id_citta,
        zv1_1.created_at,
        zv1_1.descrizione,
        zv1_1.email,
        zv1_1.indirizzo,
        zv1_1.link_sito,
        zv1_1.id_manager,
        zv1_1.nome,
        zv1_1.numero_telefono,
        zv1_1.sempre_aperto,
        zv1_1.tipo,
        zv1_1.updated_at,
        zv1_1.version,
        zv1_0.area_mq,
        zv1_0.ciclabile,
        zv1_0.dog_friendly,
        zv1_0.ristoro,
        zv1_0.tipologia 
    from
        zone_verdi zv1_0 
    join
        luoghi_interesse zv1_1 
            on zv1_0.id=zv1_1.id 
    limit
        ?, ?
2026-08-24T21:00:02.358+02:00 TRACE 10840 --- [itineria] [http-nio-8080-exec-3] org.hibernate.orm.jdbc.bind              : binding parameter (1:INTEGER) <- [0]
2026-08-24T21:00:02.366+02:00 TRACE 10840 --- [itineria] [http-nio-8080-exec-3] org.hibernate.orm.jdbc.bind              : binding parameter (2:INTEGER) <- [20]
2026-08-24T21:00:02.426+02:00 DEBUG 10840 --- [itineria] [http-nio-8080-exec-3] org.hibernate.SQL                        : 
    select
        c1_0.id,
        c1_0.created_at,
        c1_0.descrizione,
        c1_0.nome,
        c1_0.regione,
        c1_0.updated_at,
        c1_0.version 
    from
        citta c1_0 
    where
        c1_0.id=?
2026-08-24T21:00:02.436+02:00 TRACE 10840 --- [itineria] [http-nio-8080-exec-3] org.hibernate.orm.jdbc.bind              : binding parameter (1:BIGINT) <- [1]
2026-08-24T21:00:02.551+02:00 DEBUG 10840 --- [itineria] [http-nio-8080-exec-3] org.hibernate.SQL                        : 
    select
        zv1_0.id,
        zv1_1.accessibilita,
        zv1_1.id_citta,
        zv1_1.created_at,
        zv1_1.descrizione,
        zv1_1.email,
        zv1_1.indirizzo,
        zv1_1.link_sito,
        zv1_1.id_manager,
        zv1_1.nome,
        zv1_1.numero_telefono,
        zv1_1.sempre_aperto,
        zv1_1.tipo,
        zv1_1.updated_at,
        zv1_1.version,
        zv1_0.area_mq,
        zv1_0.ciclabile,
        zv1_0.dog_friendly,
        zv1_0.ristoro,
        zv1_0.tipologia 
    from
        zone_verdi zv1_0 
    join
        luoghi_interesse zv1_1 
            on zv1_0.id=zv1_1.id 
    where
        zv1_0.ciclabile=? 
    limit
        ?, ?
2026-08-24T21:00:02.553+02:00 TRACE 10840 --- [itineria] [http-nio-8080-exec-3] org.hibernate.orm.jdbc.bind              : binding parameter (1:BOOLEAN) <- [true]
2026-08-24T21:00:02.553+02:00 TRACE 10840 --- [itineria] [http-nio-8080-exec-3] org.hibernate.orm.jdbc.bind              : binding parameter (2:INTEGER) <- [0]
2026-08-24T21:00:02.554+02:00 TRACE 10840 --- [itineria] [http-nio-8080-exec-3] org.hibernate.orm.jdbc.bind              : binding parameter (3:INTEGER) <- [6]
2026-08-24T21:00:02.566+02:00 DEBUG 10840 --- [itineria] [http-nio-8080-exec-3] org.hibernate.SQL                        : 
    select
        zv1_0.id,
        zv1_1.accessibilita,
        zv1_1.id_citta,
        zv1_1.created_at,
        zv1_1.descrizione,
        zv1_1.email,
        zv1_1.indirizzo,
        zv1_1.link_sito,
        zv1_1.id_manager,
        zv1_1.nome,
        zv1_1.numero_telefono,
        zv1_1.sempre_aperto,
        zv1_1.tipo,
        zv1_1.updated_at,
        zv1_1.version,
        zv1_0.area_mq,
        zv1_0.ciclabile,
        zv1_0.dog_friendly,
        zv1_0.ristoro,
        zv1_0.tipologia 
    from
        zone_verdi zv1_0 
    join
        luoghi_interesse zv1_1 
            on zv1_0.id=zv1_1.id 
    where
        zv1_0.dog_friendly=? 
    limit
        ?, ?
2026-08-24T21:00:02.573+02:00 TRACE 10840 --- [itineria] [http-nio-8080-exec-3] org.hibernate.orm.jdbc.bind              : binding parameter (1:BOOLEAN) <- [true]
2026-08-24T21:00:02.574+02:00 TRACE 10840 --- [itineria] [http-nio-8080-exec-3] org.hibernate.orm.jdbc.bind              : binding parameter (2:INTEGER) <- [0]
2026-08-24T21:00:02.576+02:00 TRACE 10840 --- [itineria] [http-nio-8080-exec-3] org.hibernate.orm.jdbc.bind              : binding parameter (3:INTEGER) <- [6]
2026-08-24T21:00:02.590+02:00 DEBUG 10840 --- [itineria] [http-nio-8080-exec-3] org.hibernate.SQL                        : 
    select
        zv1_0.id,
        zv1_1.accessibilita,
        zv1_1.id_citta,
        zv1_1.created_at,
        zv1_1.descrizione,
        zv1_1.email,
        zv1_1.indirizzo,
        zv1_1.link_sito,
        zv1_1.id_manager,
        zv1_1.nome,
        zv1_1.numero_telefono,
        zv1_1.sempre_aperto,
        zv1_1.tipo,
        zv1_1.updated_at,
        zv1_1.version,
        zv1_0.area_mq,
        zv1_0.ciclabile,
        zv1_0.dog_friendly,
        zv1_0.ristoro,
        zv1_0.tipologia 
    from
        zone_verdi zv1_0 
    join
        luoghi_interesse zv1_1 
            on zv1_0.id=zv1_1.id 
    where
        zv1_0.ristoro=? 
    limit
        ?, ?
2026-08-24T21:00:02.593+02:00 TRACE 10840 --- [itineria] [http-nio-8080-exec-3] org.hibernate.orm.jdbc.bind              : binding parameter (1:BOOLEAN) <- [true]
2026-08-24T21:00:02.593+02:00 TRACE 10840 --- [itineria] [http-nio-8080-exec-3] org.hibernate.orm.jdbc.bind              : binding parameter (2:INTEGER) <- [0]
2026-08-24T21:00:02.593+02:00 TRACE 10840 --- [itineria] [http-nio-8080-exec-3] org.hibernate.orm.jdbc.bind              : binding parameter (3:INTEGER) <- [6]
2026-08-24T21:00:02.606+02:00 DEBUG 10840 --- [itineria] [http-nio-8080-exec-3] org.hibernate.SQL                        : 
    select
        zv1_0.id,
        zv1_1.accessibilita,
        zv1_1.id_citta,
        zv1_1.created_at,
        zv1_1.descrizione,
        zv1_1.email,
        zv1_1.indirizzo,
        zv1_1.link_sito,
        zv1_1.id_manager,
        zv1_1.nome,
        zv1_1.numero_telefono,
        zv1_1.sempre_aperto,
        zv1_1.tipo,
        zv1_1.updated_at,
        zv1_1.version,
        zv1_0.area_mq,
        zv1_0.ciclabile,
        zv1_0.dog_friendly,
        zv1_0.ristoro,
        zv1_0.tipologia 
    from
        zone_verdi zv1_0 
    join
        luoghi_interesse zv1_1 
            on zv1_0.id=zv1_1.id 
    where
        zv1_1.sempre_aperto=? 
    limit
        ?, ?
2026-08-24T21:00:02.607+02:00 TRACE 10840 --- [itineria] [http-nio-8080-exec-3] org.hibernate.orm.jdbc.bind              : binding parameter (1:BOOLEAN) <- [true]
2026-08-24T21:00:02.609+02:00 TRACE 10840 --- [itineria] [http-nio-8080-exec-3] org.hibernate.orm.jdbc.bind              : binding parameter (2:INTEGER) <- [0]
2026-08-24T21:00:02.610+02:00 TRACE 10840 --- [itineria] [http-nio-8080-exec-3] org.hibernate.orm.jdbc.bind              : binding parameter (3:INTEGER) <- [6]
2026-08-24T21:00:03.530+02:00 DEBUG 10840 --- [itineria] [http-nio-8080-exec-7] o.s.security.web.FilterChainProxy        : Securing GET /css/parchi.css
2026-08-24T21:00:03.531+02:00 DEBUG 10840 --- [itineria] [http-nio-8080-exec-7] o.s.security.web.FilterChainProxy        : Secured GET /css/parchi.css
2026-08-24T21:00:03.538+02:00 DEBUG 10840 --- [itineria] [http-nio-8080-exec-3] o.s.s.w.a.AnonymousAuthenticationFilter  : Set SecurityContextHolder to anonymous SecurityContext
2026-08-24T21:00:03.557+02:00 DEBUG 10840 --- [itineria] [http-nio-8080-exec-7] o.s.s.w.a.AnonymousAuthenticationFilter  : Set SecurityContextHolder to anonymous SecurityContext
2026-08-24T21:00:40.369+02:00 DEBUG 10840 --- [itineria] [http-nio-8080-exec-5] o.s.security.web.FilterChainProxy        : Securing GET /zoneVerdi/filtri?nome=&tipologia=&areaMin=&areaMax=&_dogFriendly=on&_ristoro=on&_ciclabile=on
2026-08-24T21:00:40.383+02:00 DEBUG 10840 --- [itineria] [http-nio-8080-exec-5] o.s.security.web.FilterChainProxy        : Secured GET /zoneVerdi/filtri?nome=&tipologia=&areaMin=&areaMax=&_dogFriendly=on&_ristoro=on&_ciclabile=on
2026-08-24T21:00:40.416+02:00 DEBUG 10840 --- [itineria] [http-nio-8080-exec-5] org.hibernate.SQL                        : 
    select
        zv1_0.id,
        zv1_1.accessibilita,
        zv1_1.id_citta,
        zv1_1.created_at,
        zv1_1.descrizione,
        zv1_1.email,
        zv1_1.indirizzo,
        zv1_1.link_sito,
        zv1_1.id_manager,
        zv1_1.nome,
        zv1_1.numero_telefono,
        zv1_1.sempre_aperto,
        zv1_1.tipo,
        zv1_1.updated_at,
        zv1_1.version,
        zv1_0.area_mq,
        zv1_0.ciclabile,
        zv1_0.dog_friendly,
        zv1_0.ristoro,
        zv1_0.tipologia 
    from
        zone_verdi zv1_0 
    join
        luoghi_interesse zv1_1 
            on zv1_0.id=zv1_1.id 
    where
        zv1_0.dog_friendly=? 
        and zv1_0.ristoro=? 
        and zv1_0.ciclabile=? 
    limit
        ?, ?
2026-08-24T21:00:40.423+02:00 TRACE 10840 --- [itineria] [http-nio-8080-exec-5] org.hibernate.orm.jdbc.bind              : binding parameter (1:BOOLEAN) <- [false]
2026-08-24T21:00:40.424+02:00 TRACE 10840 --- [itineria] [http-nio-8080-exec-5] org.hibernate.orm.jdbc.bind              : binding parameter (2:BOOLEAN) <- [false]
2026-08-24T21:00:40.425+02:00 TRACE 10840 --- [itineria] [http-nio-8080-exec-5] org.hibernate.orm.jdbc.bind              : binding parameter (3:BOOLEAN) <- [false]
2026-08-24T21:00:40.426+02:00 TRACE 10840 --- [itineria] [http-nio-8080-exec-5] org.hibernate.orm.jdbc.bind              : binding parameter (4:INTEGER) <- [0]
2026-08-24T21:00:40.426+02:00 TRACE 10840 --- [itineria] [http-nio-8080-exec-5] org.hibernate.orm.jdbc.bind              : binding parameter (5:INTEGER) <- [20]
2026-08-24T21:00:40.429+02:00 DEBUG 10840 --- [itineria] [http-nio-8080-exec-5] org.hibernate.SQL                        : 
    select
        c1_0.id,
        c1_0.created_at,
        c1_0.descrizione,
        c1_0.nome,
        c1_0.regione,
        c1_0.updated_at,
        c1_0.version 
    from
        citta c1_0 
    where
        c1_0.id=?
2026-08-24T21:00:40.431+02:00 TRACE 10840 --- [itineria] [http-nio-8080-exec-5] org.hibernate.orm.jdbc.bind              : binding parameter (1:BIGINT) <- [1]
2026-08-24T21:00:40.510+02:00 DEBUG 10840 --- [itineria] [http-nio-8080-exec-5] o.s.s.w.a.AnonymousAuthenticationFilter  : Set SecurityContextHolder to anonymous SecurityContext
2026-08-24T21:00:40.548+02:00 DEBUG 10840 --- [itineria] [http-nio-8080-exec-6] o.s.security.web.FilterChainProxy        : Securing GET /css/parchi.css
2026-08-24T21:00:40.550+02:00 DEBUG 10840 --- [itineria] [http-nio-8080-exec-6] o.s.security.web.FilterChainProxy        : Secured GET /css/parchi.css
2026-08-24T21:00:40.560+02:00 DEBUG 10840 --- [itineria] [http-nio-8080-exec-6] o.s.s.w.a.AnonymousAuthenticationFilter  : Set SecurityContextHolder to anonymous SecurityContext
2026-08-24T21:06:11.303+02:00  INFO 13840 --- [itineria] [restartedMain] c.q.itineria.ItineriaApplication         : Starting ItineriaApplication using Java 21.0.11 with PID 13840 (D:\Sette Maria Agnese Computer\VisualStudioCode\itineria\target\classes started by sette in D:\Sette Maria Agnese Computer\VisualStudioCode\itineria)
2026-08-24T21:06:11.310+02:00  INFO 13840 --- [itineria] [restartedMain] c.q.itineria.ItineriaApplication         : No active profile set, falling back to 1 default profile: "default"
2026-08-24T21:06:11.376+02:00  INFO 13840 --- [itineria] [restartedMain] .e.DevToolsPropertyDefaultsPostProcessor : Devtools property defaults active! Set 'spring.devtools.add-properties' to 'false' to disable
2026-08-24T21:06:11.376+02:00  INFO 13840 --- [itineria] [restartedMain] .e.DevToolsPropertyDefaultsPostProcessor : For additional web related logging consider setting the 'logging.level.web' property to 'DEBUG'
2026-08-24T21:06:12.366+02:00  INFO 13840 --- [itineria] [restartedMain] .s.d.r.c.RepositoryConfigurationDelegate : Bootstrapping Spring Data JPA repositories in DEFAULT mode.
2026-08-24T21:06:12.476+02:00  INFO 13840 --- [itineria] [restartedMain] .s.d.r.c.RepositoryConfigurationDelegate : Finished Spring Data repository scanning in 103 ms. Found 12 JPA repository interfaces.
2026-08-24T21:06:13.356+02:00  INFO 13840 --- [itineria] [restartedMain] o.s.boot.tomcat.TomcatWebServer          : Tomcat initialized with port 8080 (http)
2026-08-24T21:06:13.395+02:00  INFO 13840 --- [itineria] [restartedMain] o.apache.catalina.core.StandardService   : Starting service [Tomcat]
2026-08-24T21:06:13.396+02:00  INFO 13840 --- [itineria] [restartedMain] o.apache.catalina.core.StandardEngine    : Starting Servlet engine: [Apache Tomcat/11.0.22]
2026-08-24T21:06:13.454+02:00  INFO 13840 --- [itineria] [restartedMain] b.w.c.s.WebApplicationContextInitializer : Root WebApplicationContext: initialization completed in 2078 ms
2026-08-24T21:06:13.801+02:00  INFO 13840 --- [itineria] [restartedMain] com.zaxxer.hikari.HikariDataSource       : HikariPool-1 - Starting...
2026-08-24T21:06:13.980+02:00  INFO 13840 --- [itineria] [restartedMain] com.zaxxer.hikari.pool.HikariPool        : HikariPool-1 - Added connection com.mysql.cj.jdbc.ConnectionImpl@ef3ac45
2026-08-24T21:06:13.987+02:00  INFO 13840 --- [itineria] [restartedMain] com.zaxxer.hikari.HikariDataSource       : HikariPool-1 - Start completed.
2026-08-24T21:06:14.026+02:00  INFO 13840 --- [itineria] [restartedMain] org.flywaydb.core.FlywayExecutor         : Database: jdbc:mysql://localhost:3306/itineria?useSSL=false&serverTimezone=UTC&allowPublicKeyRetrieval=true (MySQL 8.0)
2026-08-24T21:06:14.133+02:00  INFO 13840 --- [itineria] [restartedMain] o.f.core.internal.command.DbValidate     : Successfully validated 2 migrations (execution time 00:00.036s)
2026-08-24T21:06:14.136+02:00  INFO 13840 --- [itineria] [restartedMain] o.f.core.internal.command.DbMigrate      : Current version of schema `itineria`: 2
2026-08-24T21:06:14.150+02:00  INFO 13840 --- [itineria] [restartedMain] o.f.core.internal.command.DbMigrate      : Schema `itineria` is up to date. No migration necessary.
2026-08-24T21:06:14.286+02:00  INFO 13840 --- [itineria] [restartedMain] org.hibernate.orm.jpa                    : HHH008540: Processing PersistenceUnitInfo [name: default]
2026-08-24T21:06:14.361+02:00  INFO 13840 --- [itineria] [restartedMain] org.hibernate.orm.core                   : HHH000001: Hibernate ORM core version 7.4.1.Final
2026-08-24T21:06:14.699+02:00  INFO 13840 --- [itineria] [restartedMain] o.s.o.j.p.SpringPersistenceUnitInfo      : No LoadTimeWeaver setup: ignoring JPA class transformer
2026-08-24T21:06:14.753+02:00  WARN 13840 --- [itineria] [restartedMain] org.hibernate.orm.deprecation            : HHH90000025: MySQLDialect does not need to be specified explicitly using 'hibernate.dialect' (remove the property setting and it will be selected by default)
2026-08-24T21:06:14.764+02:00  INFO 13840 --- [itineria] [restartedMain] org.hibernate.orm.connections.pooling    : HHH10001005: Database info:
	Database JDBC URL [jdbc:mysql://localhost:3306/itineria?useSSL=false&serverTimezone=UTC&allowPublicKeyRetrieval=true]
	Database driver: MySQL Connector/J
	Database dialect: MySQLDialect
	Database version: 8.0.46
	Default catalog/schema: itineria/undefined
	Autocommit mode: undefined/unknown
	Isolation level: REPEATABLE_READ [default REPEATABLE_READ]
	JDBC fetch size: none
	Pool: DataSourceConnectionProvider
	Minimum pool size: undefined/unknown
	Maximum pool size: undefined/unknown
2026-08-24T21:06:15.896+02:00  INFO 13840 --- [itineria] [restartedMain] org.hibernate.orm.core                   : HHH000489: No JTA platform available (set 'hibernate.transaction.jta.platform' to enable JTA platform integration)
2026-08-24T21:06:15.945+02:00  INFO 13840 --- [itineria] [restartedMain] j.LocalContainerEntityManagerFactoryBean : Initialized JPA EntityManagerFactory for persistence unit 'default'
2026-08-24T21:06:16.060+02:00  INFO 13840 --- [itineria] [restartedMain] o.s.d.j.r.query.QueryEnhancerFactories   : Hibernate is in classpath; If applicable, HQL parser will be used.
2026-08-24T21:06:17.136+02:00  WARN 13840 --- [itineria] [restartedMain] JpaBaseConfiguration$JpaWebConfiguration : spring.jpa.open-in-view is enabled by default. Therefore, database queries may be performed during view rendering. Explicitly configure spring.jpa.open-in-view to disable this warning
2026-08-24T21:06:17.270+02:00  INFO 13840 --- [itineria] [restartedMain] r$InitializeUserDetailsManagerConfigurer : Global AuthenticationManager configured with UserDetailsService bean with name customerUserDetailsService
2026-08-24T21:06:17.476+02:00 DEBUG 13840 --- [itineria] [restartedMain] o.s.s.web.DefaultSecurityFilterChain     : Will secure any request with filters: DisableEncodeUrlFilter, WebAsyncManagerIntegrationFilter, SecurityContextHolderFilter, HeaderWriterFilter, CsrfFilter, LogoutFilter, UsernamePasswordAuthenticationFilter, RequestCacheAwareFilter, SecurityContextHolderAwareRequestFilter, AnonymousAuthenticationFilter, ExceptionTranslationFilter, AuthorizationFilter
2026-08-24T21:06:17.534+02:00  INFO 13840 --- [itineria] [restartedMain] o.s.b.w.a.WelcomePageHandlerMapping      : Adding welcome page template: index
2026-08-24T21:06:18.034+02:00  INFO 13840 --- [itineria] [restartedMain] o.s.boot.tomcat.TomcatWebServer          : Tomcat started on port 8080 (http) with context path '/'
2026-08-24T21:06:18.039+02:00  INFO 13840 --- [itineria] [restartedMain] c.q.itineria.ItineriaApplication         : Started ItineriaApplication in 7.317 seconds (process running for 7.77)
2026-08-24T21:06:23.256+02:00  INFO 13840 --- [itineria] [http-nio-8080-exec-1] o.a.c.c.C.[Tomcat].[localhost].[/]       : Initializing Spring DispatcherServlet 'dispatcherServlet'
2026-08-24T21:06:23.256+02:00  INFO 13840 --- [itineria] [http-nio-8080-exec-1] o.s.web.servlet.DispatcherServlet        : Initializing Servlet 'dispatcherServlet'
2026-08-24T21:06:23.256+02:00  INFO 13840 --- [itineria] [http-nio-8080-exec-1] o.s.web.servlet.DispatcherServlet        : Completed initialization in 0 ms
2026-08-24T21:06:23.301+02:00 DEBUG 13840 --- [itineria] [http-nio-8080-exec-1] o.s.security.web.FilterChainProxy        : Securing GET /zoneVerdi/filtri?nome=&tipologia=&areaMin=&areaMax=&_dogFriendly=on&_ristoro=on&_ciclabile=on
2026-08-24T21:06:23.356+02:00 DEBUG 13840 --- [itineria] [http-nio-8080-exec-1] o.s.security.web.FilterChainProxy        : Secured GET /zoneVerdi/filtri?nome=&tipologia=&areaMin=&areaMax=&_dogFriendly=on&_ristoro=on&_ciclabile=on
2026-08-24T21:06:23.736+02:00 DEBUG 13840 --- [itineria] [http-nio-8080-exec-1] org.hibernate.SQL                        : 
    select
        zv1_0.id,
        zv1_1.accessibilita,
        zv1_1.id_citta,
        zv1_1.created_at,
        zv1_1.descrizione,
        zv1_1.email,
        zv1_1.indirizzo,
        zv1_1.link_sito,
        zv1_1.id_manager,
        zv1_1.nome,
        zv1_1.numero_telefono,
        zv1_1.sempre_aperto,
        zv1_1.tipo,
        zv1_1.updated_at,
        zv1_1.version,
        zv1_0.area_mq,
        zv1_0.ciclabile,
        zv1_0.dog_friendly,
        zv1_0.ristoro,
        zv1_0.tipologia 
    from
        zone_verdi zv1_0 
    join
        luoghi_interesse zv1_1 
            on zv1_0.id=zv1_1.id 
    where
        zv1_0.dog_friendly=? 
        and zv1_0.ristoro=? 
        and zv1_0.ciclabile=? 
    limit
        ?, ?
2026-08-24T21:06:23.746+02:00 TRACE 13840 --- [itineria] [http-nio-8080-exec-1] org.hibernate.orm.jdbc.bind              : binding parameter (1:BOOLEAN) <- [false]
2026-08-24T21:06:23.746+02:00 TRACE 13840 --- [itineria] [http-nio-8080-exec-1] org.hibernate.orm.jdbc.bind              : binding parameter (2:BOOLEAN) <- [false]
2026-08-24T21:06:23.746+02:00 TRACE 13840 --- [itineria] [http-nio-8080-exec-1] org.hibernate.orm.jdbc.bind              : binding parameter (3:BOOLEAN) <- [false]
2026-08-24T21:06:23.746+02:00 TRACE 13840 --- [itineria] [http-nio-8080-exec-1] org.hibernate.orm.jdbc.bind              : binding parameter (4:INTEGER) <- [0]
2026-08-24T21:06:23.751+02:00 TRACE 13840 --- [itineria] [http-nio-8080-exec-1] org.hibernate.orm.jdbc.bind              : binding parameter (5:INTEGER) <- [20]
2026-08-24T21:06:23.842+02:00 DEBUG 13840 --- [itineria] [http-nio-8080-exec-1] org.hibernate.SQL                        : 
    select
        c1_0.id,
        c1_0.created_at,
        c1_0.descrizione,
        c1_0.nome,
        c1_0.regione,
        c1_0.updated_at,
        c1_0.version 
    from
        citta c1_0 
    where
        c1_0.id=?
2026-08-24T21:06:23.844+02:00 TRACE 13840 --- [itineria] [http-nio-8080-exec-1] org.hibernate.orm.jdbc.bind              : binding parameter (1:BIGINT) <- [1]
2026-08-24T21:06:24.908+02:00 DEBUG 13840 --- [itineria] [http-nio-8080-exec-5] o.s.security.web.FilterChainProxy        : Securing GET /css/style.css
2026-08-24T21:06:24.909+02:00 DEBUG 13840 --- [itineria] [http-nio-8080-exec-3] o.s.security.web.FilterChainProxy        : Securing GET /css/parchi.css
2026-08-24T21:06:24.909+02:00 DEBUG 13840 --- [itineria] [http-nio-8080-exec-5] o.s.security.web.FilterChainProxy        : Secured GET /css/style.css
2026-08-24T21:06:24.910+02:00 DEBUG 13840 --- [itineria] [http-nio-8080-exec-3] o.s.security.web.FilterChainProxy        : Secured GET /css/parchi.css
2026-08-24T21:06:24.941+02:00 DEBUG 13840 --- [itineria] [http-nio-8080-exec-1] o.s.s.w.a.AnonymousAuthenticationFilter  : Set SecurityContextHolder to anonymous SecurityContext
2026-08-24T21:06:24.949+02:00 DEBUG 13840 --- [itineria] [http-nio-8080-exec-3] o.s.s.w.a.AnonymousAuthenticationFilter  : Set SecurityContextHolder to anonymous SecurityContext
2026-08-24T21:06:24.950+02:00 DEBUG 13840 --- [itineria] [http-nio-8080-exec-5] o.s.s.w.a.AnonymousAuthenticationFilter  : Set SecurityContextHolder to anonymous SecurityContext
